transaction_id,date,region,product_category,revenue,material_cost,shipping_cost
100001,1/1/2024,APAC,Enterprise Cloud Software,12796.91,1956.72,632.91
100002,1/1/2024,North America,Edge Hardware Platforms,16674.17,6193.28,2061.28
100003,1/1/2024,North America,Edge Hardware Platforms,28771.05,10359.37,3792.4
100004,1/1/2024,Europe,Edge Hardware Platforms,10141.33,3669.59,1222.99
100005,1/1/2024,North America,Enterprise Cloud Software,14737.56,2092.49,676.54
100006,1/1/2024,Europe,Edge Hardware Platforms,29664.62,11786.97,3816.01
100007,1/1/2024,Europe,Edge Hardware Platforms,10265.3,4469.27,1247.43
100008,1/1/2024,North America,Enterprise Cloud Software,7308.94,1039.56,378.84
100009,1/1/2024,Europe,SaaS Subscriptions,3040.19,297.4,56.94
100010,1/1/2024,APAC,Edge Hardware Platforms,14158.83,5740.22,1539.79
100011,1/1/2024,APAC,Edge Hardware Platforms,17903,7772.28,2246.01
100012,1/2/2024,Europe,Edge Hardware Platforms,29223.44,12494.85,3680.27
100013,1/2/2024,Europe,Edge Hardware Platforms,29305.11,11972.98,3359.07
100014,1/2/2024,North America,Enterprise Cloud Software,5156.36,761.6,252.4
100015,1/2/2024,North America,Enterprise Cloud Software,6988.42,1092.57,369.7
100016,1/2/2024,Europe,SaaS Subscriptions,5906.46,639.66,126.4
100017,1/2/2024,Europe,Enterprise Cloud Software,8708.18,1350.34,449.86
100018,1/2/2024,Europe,Enterprise Cloud Software,10612.43,1554.59,580.68
100019,1/2/2024,APAC,Edge Hardware Platforms,14719.7,5600.63,1604.01
100020,1/2/2024,Europe,Enterprise Cloud Software,9393.37,1324.95,506.84
100021,1/2/2024,Europe,Edge Hardware Platforms,23910.32,8874.23,2929.16
100022,1/2/2024,Europe,Enterprise Cloud Software,14428.54,2207.08,749.53
100023,1/2/2024,APAC,Edge Hardware Platforms,15912.67,5862.86,1892.92
100024,1/3/2024,APAC,Edge Hardware Platforms,26148.8,11288.1,3023.64
100025,1/3/2024,North America,Enterprise Cloud Software,9271.08,1479.11,497
100026,1/3/2024,North America,Edge Hardware Platforms,18348.22,6931.38,2034.39
100027,1/3/2024,North America,SaaS Subscriptions,3939.22,395.4,81.98
100028,1/3/2024,North America,SaaS Subscriptions,7774.68,738.87,155.41
100029,1/3/2024,North America,Enterprise Cloud Software,5368.87,822.98,268.59
100030,1/3/2024,North America,Enterprise Cloud Software,14082.66,2002.37,654.12
100031,1/3/2024,Europe,SaaS Subscriptions,3452.33,357.12,72.66
100032,1/4/2024,North America,SaaS Subscriptions,4821.8,528.8,94.48
100033,1/4/2024,APAC,Edge Hardware Platforms,13014.35,5214.28,1622.88
100034,1/4/2024,APAC,Edge Hardware Platforms,14404.82,6005.25,1835.58
100035,1/4/2024,North America,Enterprise Cloud Software,14405.23,2116.52,722.82
100036,1/4/2024,APAC,Edge Hardware Platforms,24704.32,9306.75,2989.09
100037,1/4/2024,Europe,Enterprise Cloud Software,6749.55,1110.07,338.6
100038,1/4/2024,North America,SaaS Subscriptions,7792.52,788.34,167.78
100039,1/4/2024,North America,Enterprise Cloud Software,12003.58,1925.37,642.95
100040,1/4/2024,Europe,SaaS Subscriptions,7105.57,772.47,150.22
100041,1/4/2024,Europe,Edge Hardware Platforms,17445.66,7592.54,2291.8
100042,1/4/2024,North America,Edge Hardware Platforms,19712.28,7803.58,2599.4
100043,1/4/2024,North America,Enterprise Cloud Software,9938.94,1395.08,483.68
100044,1/4/2024,Europe,Edge Hardware Platforms,16161.22,6519.49,1942.77
100045,1/4/2024,Europe,Enterprise Cloud Software,10898.71,1791.39,543.49
100046,1/4/2024,APAC,Edge Hardware Platforms,17001.57,6997.99,2109.12
100047,1/5/2024,North America,Edge Hardware Platforms,15615.45,5651.94,1928.37
100048,1/5/2024,North America,SaaS Subscriptions,7723.57,836.44,150.46
100049,1/5/2024,North America,SaaS Subscriptions,4569.1,499.55,99.86
100050,1/5/2024,APAC,Enterprise Cloud Software,8850.98,1420.88,426.34
100051,1/5/2024,North America,Edge Hardware Platforms,28723.1,11939.69,3495.07
100052,1/6/2024,North America,Edge Hardware Platforms,17172.94,6531.44,1976.38
100053,1/6/2024,North America,SaaS Subscriptions,2819.73,293.75,56.99
100054,1/6/2024,North America,Edge Hardware Platforms,15124.14,6184.58,1663.02
100055,1/6/2024,North America,Edge Hardware Platforms,13885.48,5077.58,1631.86
100056,1/6/2024,North America,SaaS Subscriptions,2165.7,219.99,42.78
100057,1/6/2024,Europe,Edge Hardware Platforms,13100.83,5745.33,1678.67
100058,1/6/2024,APAC,Enterprise Cloud Software,5388.35,776.45,271.42
100059,1/6/2024,North America,SaaS Subscriptions,3629.26,396.7,71.96
100060,1/6/2024,APAC,Enterprise Cloud Software,9113.54,1421.58,422.72
100061,1/6/2024,North America,SaaS Subscriptions,6287.57,571.05,123.21
100062,1/6/2024,Europe,Edge Hardware Platforms,15017.21,5627.65,1651.01
100063,1/6/2024,Europe,Edge Hardware Platforms,11163.87,4836.38,1324.22
100064,1/7/2024,Europe,Edge Hardware Platforms,15598.68,6807.1,1960.9
100065,1/7/2024,Europe,Edge Hardware Platforms,18392,6985.62,2143.47
100066,1/7/2024,APAC,Enterprise Cloud Software,6160.73,840.2,279.74
100067,1/7/2024,APAC,Edge Hardware Platforms,19483.48,7166.54,2334.1
100068,1/7/2024,Europe,Enterprise Cloud Software,9338.52,1372.34,477.74
100069,1/7/2024,Europe,Enterprise Cloud Software,8746.13,1344.94,437.58
100070,1/7/2024,APAC,Edge Hardware Platforms,13258.69,4847.98,1636.36
100071,1/7/2024,North America,Edge Hardware Platforms,28804.6,11695.76,3379.24
100072,1/7/2024,Europe,Edge Hardware Platforms,20912.34,9103.5,2452.32
100073,1/7/2024,APAC,SaaS Subscriptions,3174.75,290.13,58.43
100074,1/8/2024,North America,Edge Hardware Platforms,16731.08,6900.86,1961.71
100075,1/8/2024,Europe,Edge Hardware Platforms,15213.89,6080.73,1896.1
100076,1/8/2024,North America,SaaS Subscriptions,2235.12,219.84,48.88
100077,1/8/2024,Europe,Edge Hardware Platforms,21370.41,8677.97,2683.26
100078,1/8/2024,North America,Enterprise Cloud Software,10805.44,1739.82,546.96
100079,1/8/2024,North America,Edge Hardware Platforms,24798.18,9399.97,2903.01
100080,1/9/2024,Europe,SaaS Subscriptions,3920.3,423.04,76.67
100081,1/9/2024,North America,SaaS Subscriptions,2547.72,245.57,55.54
100082,1/9/2024,APAC,Edge Hardware Platforms,22636.74,8961.33,2604.06
100083,1/9/2024,North America,Edge Hardware Platforms,25047.49,10603.26,3179.8
100084,1/9/2024,North America,Edge Hardware Platforms,11151.18,4504.66,1322.49
100085,1/10/2024,Europe,Edge Hardware Platforms,29373.04,12191.06,3762.31
100086,1/10/2024,APAC,SaaS Subscriptions,4556.55,430.37,89.25
100087,1/10/2024,APAC,Enterprise Cloud Software,10133.26,1438.89,514.9
100088,1/10/2024,APAC,SaaS Subscriptions,3420.11,369.9,69.66
100089,1/10/2024,North America,Edge Hardware Platforms,19633.34,7661.7,2452.64
100090,1/10/2024,North America,Edge Hardware Platforms,18689.04,7107.34,2200.16
100091,1/10/2024,Europe,Edge Hardware Platforms,25343.9,10792.02,3189.81
100092,1/10/2024,Europe,Enterprise Cloud Software,9002.23,1344.32,412.56
100093,1/10/2024,Europe,Edge Hardware Platforms,26042.18,11412.52,3160.07
100094,1/10/2024,North America,Enterprise Cloud Software,14246.43,2316.09,677.13
100095,1/10/2024,Europe,Enterprise Cloud Software,6662.15,942.72,319.42
100096,1/11/2024,Europe,Edge Hardware Platforms,28023.16,10190.22,3215.46
100097,1/11/2024,APAC,SaaS Subscriptions,4733.94,484.77,90.46
100098,1/11/2024,North America,Edge Hardware Platforms,17067.04,6941.04,1875.08
100099,1/11/2024,APAC,SaaS Subscriptions,6188.97,623.36,119.06
100100,1/11/2024,APAC,Edge Hardware Platforms,13252.34,5736.6,1692.87
100101,1/12/2024,Europe,Edge Hardware Platforms,28383.53,10405.97,3662.61
100102,1/12/2024,Europe,Enterprise Cloud Software,9112.55,1442.77,453.84
100103,1/12/2024,APAC,Edge Hardware Platforms,24991.57,9782.68,3196.42
100104,1/12/2024,Europe,Enterprise Cloud Software,5368.22,746.27,242.3
100105,1/12/2024,North America,Edge Hardware Platforms,20686.93,8688.36,2687.56
100106,1/12/2024,Europe,Edge Hardware Platforms,25141.62,9810.97,2860.77
100107,1/13/2024,North America,SaaS Subscriptions,5637.05,533.11,116.61
100108,1/13/2024,Europe,Edge Hardware Platforms,12271.15,5076.89,1478.52
100109,1/13/2024,APAC,Edge Hardware Platforms,27043.63,10929.75,3284.79
100110,1/13/2024,APAC,Edge Hardware Platforms,12680.3,4594.11,1599.28
100111,1/13/2024,Europe,Edge Hardware Platforms,14259.28,5288.91,1544.98
100112,1/13/2024,North America,Edge Hardware Platforms,17844.88,7048.69,2314.48
100113,1/13/2024,North America,Edge Hardware Platforms,25673.06,10056.74,3155.99
100114,1/13/2024,APAC,SaaS Subscriptions,2882.44,312.84,57.56
100115,1/13/2024,North America,Edge Hardware Platforms,29600.65,11822.78,3430.42
100116,1/13/2024,Europe,Enterprise Cloud Software,5758.63,799.68,266.51
100117,1/13/2024,North America,Enterprise Cloud Software,11408.75,1602.43,552.83
100118,1/13/2024,APAC,Edge Hardware Platforms,23351.15,8728.32,2629.69
100119,1/13/2024,North America,Enterprise Cloud Software,7785.9,1092.44,357.27
100120,1/14/2024,Europe,Edge Hardware Platforms,27884.35,10325.57,3232.42
100121,1/14/2024,North America,Enterprise Cloud Software,9811.45,1526.99,491.72
100122,1/14/2024,North America,Edge Hardware Platforms,10051.9,4316.93,1105.99
100123,1/14/2024,Europe,SaaS Subscriptions,5219.54,566.22,98.88
100124,1/14/2024,APAC,Edge Hardware Platforms,24410.32,8909.46,2722.87
100125,1/15/2024,Europe,SaaS Subscriptions,5070.06,510.26,93.43
100126,1/15/2024,Europe,Edge Hardware Platforms,14849.41,5665.64,1738.2
100127,1/15/2024,North America,Edge Hardware Platforms,14228.96,5495.22,1577.63
100128,1/15/2024,APAC,Edge Hardware Platforms,23582.05,9978.36,2828.96
100129,1/15/2024,North America,Edge Hardware Platforms,21736.82,9121.53,2572.77
100130,1/15/2024,North America,Enterprise Cloud Software,8630.82,1332.4,437.65
100131,1/15/2024,North America,SaaS Subscriptions,5634.65,533.85,103.72
100132,1/16/2024,North America,Edge Hardware Platforms,27016.35,9915.84,3440.28
100133,1/16/2024,North America,SaaS Subscriptions,2309.81,208.73,48.02
100134,1/16/2024,APAC,SaaS Subscriptions,5455.99,591.15,98.32
100135,1/16/2024,APAC,Edge Hardware Platforms,24457.92,10410.98,3063.18
100136,1/16/2024,Europe,Edge Hardware Platforms,26771.65,10077.02,3513.29
100137,1/16/2024,Europe,Enterprise Cloud Software,12362.47,1865.44,643.74
100138,1/16/2024,APAC,Enterprise Cloud Software,10061.04,1639.55,485.01
100139,1/16/2024,Europe,Edge Hardware Platforms,19085.36,7708.35,2312.65
100140,1/16/2024,North America,Edge Hardware Platforms,11757.36,4363.23,1270.56
100141,1/16/2024,North America,Edge Hardware Platforms,22122.04,9369.64,2445.83
100142,1/17/2024,APAC,SaaS Subscriptions,2745.78,287.26,59.73
100143,1/17/2024,North America,Enterprise Cloud Software,12411.21,1889.41,662.99
100144,1/17/2024,North America,Edge Hardware Platforms,14032.55,5235.44,1570.84
100145,1/17/2024,APAC,Edge Hardware Platforms,20461.31,7953.44,2640.59
100146,1/17/2024,North America,SaaS Subscriptions,4634.81,452.07,92
100147,1/17/2024,North America,Edge Hardware Platforms,20054.41,7592.14,2598.85
100148,1/17/2024,North America,Edge Hardware Platforms,28129.44,11531.36,3116.9
100149,1/17/2024,APAC,Edge Hardware Platforms,16698.11,6197.37,2121.61
100150,1/17/2024,Europe,Edge Hardware Platforms,27877.85,11794.78,3112.29
100151,1/18/2024,Europe,Edge Hardware Platforms,12862.56,4841,1609.59
100152,1/18/2024,Europe,Edge Hardware Platforms,12058.32,4858.52,1411.93
100153,1/18/2024,Europe,Edge Hardware Platforms,20045.77,8082.23,2398.93
100154,1/18/2024,Europe,Edge Hardware Platforms,10244.06,4178.3,1245.39
100155,1/18/2024,Europe,Edge Hardware Platforms,26535.98,11588.95,3084.03
100156,1/19/2024,Europe,Edge Hardware Platforms,28945.67,10775.55,3533.38
100157,1/19/2024,Europe,Edge Hardware Platforms,10362.2,4453.36,1350.93
100158,1/19/2024,Europe,Edge Hardware Platforms,28449.99,11851.67,3176.75
100159,1/19/2024,Europe,Edge Hardware Platforms,18482.61,7742.65,2410.59
100160,1/19/2024,APAC,Edge Hardware Platforms,12264.76,5381.62,1571.53
100161,1/19/2024,North America,SaaS Subscriptions,7219.38,724.66,147.02
100162,1/19/2024,North America,Enterprise Cloud Software,8351.97,1328.68,376.23
100163,1/19/2024,North America,Edge Hardware Platforms,20747.91,8996.05,2413.24
100164,1/19/2024,North America,Edge Hardware Platforms,19044.36,7198.17,2263.58
100165,1/19/2024,North America,Enterprise Cloud Software,9983.68,1473.27,540.6
100166,1/20/2024,APAC,Enterprise Cloud Software,7200.97,1018.08,361.14
100167,1/20/2024,APAC,Edge Hardware Platforms,21146.11,9068.52,2555.33
100168,1/20/2024,North America,Enterprise Cloud Software,8099.37,1189.96,399.04
100169,1/20/2024,APAC,Edge Hardware Platforms,19364.64,7939.47,2266.93
100170,1/20/2024,APAC,Edge Hardware Platforms,15880.89,6624.31,1916.24
100171,1/21/2024,Europe,Edge Hardware Platforms,21192.81,7892.61,2381.36
100172,1/21/2024,APAC,SaaS Subscriptions,4239.86,404.55,87.24
100173,1/21/2024,Europe,Enterprise Cloud Software,6561.53,1026.74,338.5
100174,1/21/2024,North America,Enterprise Cloud Software,7310.75,1134.31,330.42
100175,1/21/2024,North America,Edge Hardware Platforms,13570.89,5594.19,1543.23
100176,1/21/2024,North America,Enterprise Cloud Software,12222.67,1963.83,651.5
100177,1/21/2024,North America,Edge Hardware Platforms,14099.69,5406.55,1826.08
100178,1/21/2024,North America,Enterprise Cloud Software,7078.86,961.28,331.39
100179,1/21/2024,Europe,Edge Hardware Platforms,27853.43,11848.72,3236.67
100180,1/21/2024,North America,Edge Hardware Platforms,21805.9,8317.75,2681.68
100181,1/22/2024,APAC,Edge Hardware Platforms,27221.36,10277.72,3576.59
100182,1/22/2024,APAC,Enterprise Cloud Software,10657.77,1753.85,529.8
100183,1/22/2024,North America,Edge Hardware Platforms,20249.15,8491.18,2526.53
100184,1/22/2024,Europe,Enterprise Cloud Software,11450.54,1690.69,530.42
100185,1/22/2024,APAC,Edge Hardware Platforms,23663.68,10076.15,2856.49
100186,1/22/2024,APAC,Edge Hardware Platforms,11343.51,4451.42,1360.53
100187,1/22/2024,Europe,Enterprise Cloud Software,6400.19,914.65,305.06
100188,1/22/2024,Europe,Enterprise Cloud Software,11330.98,1697.7,574.85
100189,1/22/2024,APAC,Edge Hardware Platforms,25418.23,10008.76,2961.04
100190,1/22/2024,APAC,Enterprise Cloud Software,5903.37,933.5,269.68
100191,1/23/2024,North America,Edge Hardware Platforms,24380.92,9356.66,2964.57
100192,1/23/2024,Europe,Edge Hardware Platforms,28736.59,12029.3,3251.79
100193,1/23/2024,North America,Enterprise Cloud Software,10950.78,1495.25,547.14
100194,1/23/2024,Europe,Edge Hardware Platforms,25418.24,9367.33,2791.01
100195,1/23/2024,Europe,Edge Hardware Platforms,23768.05,9383.3,2707.51
100196,1/23/2024,APAC,Edge Hardware Platforms,23893.93,9122.02,2919.01
100197,1/23/2024,North America,Enterprise Cloud Software,14173.14,1971.55,772.47
100198,1/23/2024,Europe,Enterprise Cloud Software,10419.01,1679.42,545.15
100199,1/23/2024,APAC,Edge Hardware Platforms,23845.53,10204.35,2718.2
100200,1/23/2024,Europe,Enterprise Cloud Software,14876.68,2429.69,675.32
100201,1/23/2024,Europe,SaaS Subscriptions,3083.45,312.54,66.79
100202,1/23/2024,North America,Edge Hardware Platforms,15946.98,6920.22,2093.92
100203,1/23/2024,APAC,Edge Hardware Platforms,27240.85,11647.21,3150.63
100204,1/23/2024,APAC,Enterprise Cloud Software,10962.7,1555.61,506.54
100205,1/23/2024,North America,Edge Hardware Platforms,16797.5,7021.04,1840.48
100206,1/24/2024,Europe,Edge Hardware Platforms,16375.05,6714.94,2116.7
100207,1/24/2024,Europe,Enterprise Cloud Software,5244.01,844.83,237.1
100208,1/24/2024,APAC,Edge Hardware Platforms,28781.35,12200.49,3797.71
100209,1/24/2024,North America,Edge Hardware Platforms,18038.62,7186.41,2219.83
100210,1/24/2024,APAC,SaaS Subscriptions,6609.64,650.09,130.11
100211,1/24/2024,Europe,Enterprise Cloud Software,6104.74,889.09,292.25
100212,1/24/2024,North America,Enterprise Cloud Software,5420.93,734.73,297.49
100213,1/24/2024,Europe,Edge Hardware Platforms,23592.95,8905.4,3085.94
100214,1/24/2024,APAC,Enterprise Cloud Software,9175.81,1480.73,499.6
100215,1/24/2024,Europe,Edge Hardware Platforms,13340.68,5860.47,1514.97
100216,1/24/2024,APAC,Edge Hardware Platforms,22154.74,8884.38,2515.36
100217,1/24/2024,North America,Enterprise Cloud Software,6864.38,1087.23,332.93
100218,1/25/2024,Europe,Enterprise Cloud Software,10182.6,1557.11,511.68
100219,1/25/2024,North America,Edge Hardware Platforms,19823.73,8716.63,2567.94
100220,1/25/2024,Europe,Edge Hardware Platforms,24957.43,9054.29,3231.44
100221,1/25/2024,APAC,Edge Hardware Platforms,17823.4,6805.63,2128.83
100222,1/25/2024,North America,SaaS Subscriptions,2212.53,213.69,48.07
100223,1/25/2024,Europe,Enterprise Cloud Software,7526.49,1017.22,391.05
100224,1/25/2024,North America,Edge Hardware Platforms,29242.44,10783.37,3785.95
100225,1/25/2024,APAC,Enterprise Cloud Software,13829.06,2081.03,747.67
100226,1/25/2024,Europe,Edge Hardware Platforms,20875.58,8958.95,2622.26
100227,1/26/2024,APAC,Edge Hardware Platforms,27011.63,11598.35,3376.47
100228,1/26/2024,APAC,Edge Hardware Platforms,23602.82,9665.09,2975.49
100229,1/26/2024,North America,SaaS Subscriptions,7231.06,655.03,154.05
100230,1/26/2024,North America,Edge Hardware Platforms,24870.17,9273.11,3174.21
100231,1/26/2024,APAC,Edge Hardware Platforms,10127.72,3878.54,1243.75
100232,1/26/2024,APAC,Edge Hardware Platforms,15196.07,6241.34,1838.11
100233,1/26/2024,APAC,Enterprise Cloud Software,12610.28,1907.15,688.9
100234,1/26/2024,North America,Edge Hardware Platforms,28640.56,10545.48,3737.41
100235,1/26/2024,Europe,Enterprise Cloud Software,8009.64,1251.47,365.83
100236,1/26/2024,Europe,Edge Hardware Platforms,22418.31,8152.63,2890.1
100237,1/26/2024,APAC,SaaS Subscriptions,6497.91,601.72,136.67
100238,1/26/2024,North America,Enterprise Cloud Software,8236.1,1232.61,434.08
100239,1/27/2024,North America,Enterprise Cloud Software,9685.39,1581.91,445.74
100240,1/27/2024,APAC,Edge Hardware Platforms,26518.42,10179.62,3398.57
100241,1/27/2024,APAC,Enterprise Cloud Software,6313.35,1016.71,344.91
100242,1/27/2024,North America,Edge Hardware Platforms,28190.49,12082.13,3697.14
100243,1/27/2024,APAC,Edge Hardware Platforms,16239.04,6262.74,2036.15
100244,1/27/2024,Europe,Enterprise Cloud Software,13681.23,2140.4,692.65
100245,1/27/2024,Europe,Edge Hardware Platforms,13184.91,4961.43,1452.82
100246,1/27/2024,North America,Edge Hardware Platforms,20607.09,7448,2619.64
100247,1/27/2024,North America,SaaS Subscriptions,7805.07,731.41,154.92
100248,1/27/2024,North America,Edge Hardware Platforms,22146.13,8411.17,2688.58
100249,1/27/2024,North America,Enterprise Cloud Software,11515.19,1667.14,586.15
100250,1/27/2024,Europe,SaaS Subscriptions,2897.48,287.7,60.04
100251,1/27/2024,North America,SaaS Subscriptions,6331.33,653.01,133.14
100252,1/27/2024,APAC,SaaS Subscriptions,6345.71,666.19,117.93
100253,1/28/2024,Europe,Enterprise Cloud Software,9823.56,1388.17,476.05
100254,1/28/2024,APAC,SaaS Subscriptions,2434.5,245.12,52.42
100255,1/28/2024,North America,SaaS Subscriptions,4146.81,399.93,90.86
100256,1/28/2024,North America,Edge Hardware Platforms,26428.81,9601.45,3279.53
100257,1/28/2024,APAC,Enterprise Cloud Software,13962.21,2134.03,714.39
100258,1/28/2024,Europe,Enterprise Cloud Software,14352.02,2345.41,735.58
100259,1/28/2024,APAC,Edge Hardware Platforms,19687.97,8128.49,2387.6
100260,1/28/2024,Europe,Edge Hardware Platforms,19618.08,7126.47,2195.97
100261,1/28/2024,Europe,Edge Hardware Platforms,21865.57,9009.13,2612.99
100262,1/28/2024,Europe,Edge Hardware Platforms,19403.65,8140.65,2501.6
100263,1/28/2024,Europe,Enterprise Cloud Software,6616.73,897.4,340.98
100264,1/28/2024,North America,Edge Hardware Platforms,19865.54,7281.16,2337.74
100265,1/28/2024,North America,Edge Hardware Platforms,14071.57,6011.88,1578.56
100266,1/29/2024,Europe,Edge Hardware Platforms,18509.87,7175.81,2163.9
100267,1/29/2024,APAC,Enterprise Cloud Software,13670.31,2082.81,675.12
100268,1/29/2024,Europe,Edge Hardware Platforms,27468.46,11867.92,3244.61
100269,1/29/2024,North America,Edge Hardware Platforms,28247.27,10645.07,3473.04
100270,1/29/2024,Europe,Edge Hardware Platforms,12631.35,5270.63,1639.76
100271,1/29/2024,North America,Enterprise Cloud Software,14713.95,2066.27,787.84
100272,1/29/2024,Europe,Enterprise Cloud Software,13707.5,2033.63,687.41
100273,1/29/2024,North America,Edge Hardware Platforms,13270.48,5192.56,1741.96
100274,1/29/2024,North America,Edge Hardware Platforms,16503.8,6962.59,1834.25
100275,1/30/2024,Europe,Enterprise Cloud Software,5734.97,803.43,287.88
100276,1/30/2024,North America,SaaS Subscriptions,4585.33,435.49,93.86
100277,1/30/2024,Europe,Enterprise Cloud Software,6676.19,908.63,349.59
100278,1/30/2024,Europe,Edge Hardware Platforms,26883.41,11410.76,3281.08
100279,1/30/2024,APAC,Enterprise Cloud Software,6119.2,875.61,278.86
100280,1/30/2024,Europe,SaaS Subscriptions,2236.06,206.71,44.29
100281,1/30/2024,APAC,Edge Hardware Platforms,20144.7,7319.09,2247.35
100282,1/30/2024,APAC,SaaS Subscriptions,2029.64,221.3,41.72
100283,1/30/2024,APAC,Edge Hardware Platforms,20311.92,8106.64,2518.77
100284,1/30/2024,North America,Enterprise Cloud Software,8079.3,1261.51,379.88
100285,1/30/2024,Europe,SaaS Subscriptions,2563.4,265.19,50.69
100286,1/31/2024,APAC,Enterprise Cloud Software,11616.32,1909.25,566.21
100287,1/31/2024,North America,Enterprise Cloud Software,13308.77,2141.89,701.18
100288,1/31/2024,North America,Edge Hardware Platforms,28373.56,11577.8,3705.05
100289,1/31/2024,APAC,Edge Hardware Platforms,21543.7,8356.5,2409.08
100290,1/31/2024,Europe,Edge Hardware Platforms,27328.77,12010.09,3445.02
100291,1/31/2024,North America,Enterprise Cloud Software,6091.1,941.17,320.71
100292,1/31/2024,APAC,Edge Hardware Platforms,28027.51,12058.31,3240.34
100293,1/31/2024,APAC,Edge Hardware Platforms,15937.39,6565.02,1846.84
100294,1/31/2024,Europe,Edge Hardware Platforms,21268.78,8304.05,2577.01
100295,2/1/2024,North America,Edge Hardware Platforms,14545.39,5321.51,1781.56
100296,2/1/2024,Europe,Edge Hardware Platforms,19269.88,7522.63,2480.42
100297,2/1/2024,Europe,Edge Hardware Platforms,10512.84,4071.62,1231.31
100298,2/1/2024,North America,Edge Hardware Platforms,20672.05,8447.27,2612.06
100299,2/1/2024,APAC,Edge Hardware Platforms,29110.47,10522.23,3280.71
100300,2/2/2024,APAC,Enterprise Cloud Software,14546.6,2249.5,709.88
100301,2/2/2024,North America,Edge Hardware Platforms,13891.17,5185.66,1706.06
100302,2/2/2024,Europe,Edge Hardware Platforms,28592.12,11510.64,3486.59
100303,2/2/2024,North America,Edge Hardware Platforms,17998.1,7885.65,2299.37
100304,2/2/2024,Europe,Enterprise Cloud Software,13594.16,2161.38,636.83
100305,2/2/2024,North America,Edge Hardware Platforms,13704.57,5939.84,1619.72
100306,2/2/2024,North America,SaaS Subscriptions,4241.06,426.35,78.24
100307,2/2/2024,North America,Edge Hardware Platforms,20303.5,8273.33,2579.56
100308,2/2/2024,Europe,Enterprise Cloud Software,8607.73,1395.97,453.62
100309,2/2/2024,Europe,Enterprise Cloud Software,8020.61,1258.9,429.2
100310,2/2/2024,Europe,SaaS Subscriptions,6599.94,613.76,129.99
100311,2/3/2024,North America,Edge Hardware Platforms,27255.94,10284.73,3006.25
100312,2/3/2024,North America,Edge Hardware Platforms,22141.88,8939.47,2514.58
100313,2/3/2024,North America,Edge Hardware Platforms,19935.34,8752.07,2218.3
100314,2/3/2024,Europe,Edge Hardware Platforms,18563.99,7748.75,2313.42
100315,2/3/2024,APAC,Enterprise Cloud Software,6041.1,946.82,306.79
100316,2/3/2024,North America,Enterprise Cloud Software,5856.58,947.75,274.78
100317,2/3/2024,North America,Enterprise Cloud Software,8549.96,1172.05,429.13
100318,2/3/2024,North America,SaaS Subscriptions,3402.27,342.95,73.22
100319,2/3/2024,Europe,Edge Hardware Platforms,16486.68,6374.41,2045.46
100320,2/4/2024,North America,Edge Hardware Platforms,29909.61,11835.48,3469.68
100321,2/4/2024,Europe,Enterprise Cloud Software,14616.66,2251.68,768.08
100322,2/4/2024,North America,Edge Hardware Platforms,18453.78,7856.6,1993.56
100323,2/4/2024,North America,SaaS Subscriptions,4849.32,473.54,89.61
100324,2/4/2024,APAC,Enterprise Cloud Software,12371.8,1955.46,586.88
100325,2/4/2024,Europe,Enterprise Cloud Software,7570.47,1200.96,406.13
100326,2/4/2024,Europe,Edge Hardware Platforms,13186.08,4813.56,1461.33
100327,2/4/2024,North America,Edge Hardware Platforms,17618.19,6830.67,2003.85
100328,2/4/2024,Europe,SaaS Subscriptions,3678.22,400.37,79.06
100329,2/4/2024,North America,Edge Hardware Platforms,21491.75,8711.17,2522.81
100330,2/4/2024,Europe,Edge Hardware Platforms,20794.65,8530.71,2582.35
100331,2/5/2024,APAC,SaaS Subscriptions,6740.18,647.69,123.5
100332,2/5/2024,Europe,Enterprise Cloud Software,11949.51,1737.26,654.31
100333,2/5/2024,Europe,SaaS Subscriptions,2795.15,299.75,60.63
100334,2/5/2024,Europe,Edge Hardware Platforms,25296.2,9460.45,3037.1
100335,2/5/2024,North America,Enterprise Cloud Software,8675.34,1188.91,392.63
100336,2/5/2024,North America,SaaS Subscriptions,5297.18,579.07,104.51
100337,2/5/2024,North America,Edge Hardware Platforms,18790.23,6923.32,2318.34
100338,2/5/2024,North America,Edge Hardware Platforms,23004.02,8561.22,2518.31
100339,2/5/2024,APAC,Edge Hardware Platforms,11163.28,4907.26,1221.11
100340,2/5/2024,Europe,SaaS Subscriptions,3435.08,318.93,63.5
100341,2/5/2024,North America,Enterprise Cloud Software,11921.61,1631.7,597.2
100342,2/5/2024,APAC,SaaS Subscriptions,5691.32,547.08,116.65
100343,2/5/2024,Europe,Edge Hardware Platforms,12614.21,5435.82,1498.5
100344,2/5/2024,North America,Edge Hardware Platforms,18282.6,7792.1,2296.42
100345,2/6/2024,APAC,Enterprise Cloud Software,6338.04,935.22,335.3
100346,2/6/2024,Europe,Edge Hardware Platforms,13793.9,5648.82,1596.84
100347,2/6/2024,APAC,Edge Hardware Platforms,13977.13,5104.02,1523.83
100348,2/6/2024,North America,Enterprise Cloud Software,11460.9,1718.91,546.23
100349,2/6/2024,North America,Enterprise Cloud Software,13646.6,1941.97,703.03
100350,2/6/2024,APAC,Edge Hardware Platforms,27191.3,10642.44,3560.68
100351,2/6/2024,North America,Enterprise Cloud Software,11586.92,1891.97,615.14
100352,2/6/2024,North America,Enterprise Cloud Software,14303.19,2039.52,755.38
100353,2/6/2024,APAC,Edge Hardware Platforms,17726.98,7020.06,2011.08
100354,2/6/2024,APAC,Edge Hardware Platforms,27649.19,10187.5,3641.91
100355,2/7/2024,Europe,Enterprise Cloud Software,5847.92,915.14,267.37
100356,2/7/2024,North America,Enterprise Cloud Software,14565.01,2288.53,706.88
100357,2/7/2024,North America,Edge Hardware Platforms,25493.07,10526.33,2866.56
100358,2/7/2024,North America,Enterprise Cloud Software,11603.03,1832.48,552.89
100359,2/7/2024,North America,Enterprise Cloud Software,14678.6,2111.71,773.45
100360,2/7/2024,Europe,Edge Hardware Platforms,14113.75,5218.01,1732.61
100361,2/7/2024,APAC,Edge Hardware Platforms,20606.04,7487.33,2704.41
100362,2/7/2024,APAC,Enterprise Cloud Software,14799.7,2265.19,752.18
100363,2/7/2024,Europe,SaaS Subscriptions,5938.87,549.71,114.94
100364,2/7/2024,APAC,Enterprise Cloud Software,8721.67,1290.48,430.8
100365,2/7/2024,Europe,SaaS Subscriptions,3444.16,318.34,64.72
100366,2/8/2024,Europe,Enterprise Cloud Software,13159.47,2116.58,703.57
100367,2/8/2024,APAC,Enterprise Cloud Software,12550.42,1867.71,670.44
100368,2/8/2024,Europe,Edge Hardware Platforms,23123.24,8652.58,2799.78
100369,2/8/2024,APAC,SaaS Subscriptions,2259.04,210.76,41.85
100370,2/8/2024,Europe,SaaS Subscriptions,3281.07,328.49,70.09
100371,2/9/2024,Europe,Edge Hardware Platforms,20167.21,7740.25,2451.54
100372,2/9/2024,Europe,SaaS Subscriptions,5817.75,612.16,108.44
100373,2/9/2024,Europe,Enterprise Cloud Software,7466.79,1170.75,410.06
100374,2/9/2024,North America,Edge Hardware Platforms,26001.42,9784.93,3154.55
100375,2/9/2024,Europe,Edge Hardware Platforms,13760.49,5345,1744.98
100376,2/9/2024,Europe,Enterprise Cloud Software,12609.91,1715.7,661.48
100377,2/9/2024,North America,SaaS Subscriptions,4207.64,406.2,78.24
100378,2/9/2024,North America,SaaS Subscriptions,7978.01,776.79,157.92
100379,2/9/2024,Europe,SaaS Subscriptions,5558.27,543.77,109.22
100380,2/9/2024,Europe,Enterprise Cloud Software,11195.89,1630.85,592.73
100381,2/10/2024,Europe,SaaS Subscriptions,5060.66,528.68,93.2
100382,2/10/2024,North America,Edge Hardware Platforms,11056.08,4410.58,1353.1
100383,2/10/2024,Europe,Enterprise Cloud Software,8221.08,1266.83,382.2
100384,2/10/2024,Europe,Edge Hardware Platforms,29639.38,11167.74,3788.01
100385,2/10/2024,Europe,Edge Hardware Platforms,12447.54,5213.53,1414.79
100386,2/10/2024,North America,Enterprise Cloud Software,13013.67,2056.13,681.09
100387,2/10/2024,North America,Enterprise Cloud Software,11375.53,1705.02,532.18
100388,2/10/2024,Europe,SaaS Subscriptions,6483.32,679.45,141.34
100389,2/11/2024,North America,Edge Hardware Platforms,16690.23,6043.46,1812.24
100390,2/11/2024,APAC,Enterprise Cloud Software,10180.79,1465.64,553.9
100391,2/11/2024,North America,Edge Hardware Platforms,27454.61,11732.86,3087.72
100392,2/11/2024,APAC,Edge Hardware Platforms,19659.38,7287.31,2161.24
100393,2/11/2024,Europe,Edge Hardware Platforms,18737.01,7838.83,2367.84
100394,2/11/2024,North America,Edge Hardware Platforms,12707.08,5338.37,1572.72
100395,2/11/2024,APAC,Enterprise Cloud Software,5570.55,799.18,265.25
100396,2/11/2024,North America,SaaS Subscriptions,3497.28,333.78,73.57
100397,2/11/2024,Europe,Edge Hardware Platforms,11307.32,4511.69,1230.31
100398,2/12/2024,Europe,Edge Hardware Platforms,16918.41,6517.23,2140.59
100399,2/12/2024,North America,Enterprise Cloud Software,12324.49,1866.54,570.38
100400,2/12/2024,APAC,Edge Hardware Platforms,26557.37,11234.22,3266.19
100401,2/12/2024,Europe,SaaS Subscriptions,2869.79,299.9,53.85
100402,2/12/2024,North America,Edge Hardware Platforms,28940.72,12658.34,3252.72
100403,2/12/2024,North America,Edge Hardware Platforms,18359.8,6740.02,2284.14
100404,2/12/2024,Europe,SaaS Subscriptions,3364.46,329.98,67.86
100405,2/12/2024,APAC,Edge Hardware Platforms,22258,8415.57,2856.28
100406,2/13/2024,North America,SaaS Subscriptions,7099.85,733.99,140.93
100407,2/13/2024,Europe,Edge Hardware Platforms,20908.64,7631.27,2515.31
100408,2/13/2024,APAC,Edge Hardware Platforms,11039.13,4668.47,1245.58
100409,2/13/2024,North America,Enterprise Cloud Software,8302.15,1309.27,416.72
100410,2/13/2024,North America,SaaS Subscriptions,7277.49,781.69,137.95
100411,2/13/2024,Europe,SaaS Subscriptions,6632.07,600.49,121.11
100412,2/13/2024,Europe,SaaS Subscriptions,5232.21,522.99,96.39
100413,2/13/2024,Europe,SaaS Subscriptions,4282.52,451.86,93.61
100414,2/13/2024,North America,Edge Hardware Platforms,15742.76,6665.93,1918.45
100415,2/13/2024,Europe,Edge Hardware Platforms,17919.41,7762.82,2164.53
100416,2/13/2024,North America,Edge Hardware Platforms,25865.23,9966.93,3325.55
100417,2/13/2024,APAC,Enterprise Cloud Software,14835.21,2065.38,697.55
100418,2/13/2024,North America,SaaS Subscriptions,5925.76,551.35,117.1
100419,2/13/2024,Europe,Enterprise Cloud Software,13824.16,2199.54,691.93
100420,2/14/2024,Europe,SaaS Subscriptions,6007.52,616.93,112.12
100421,2/14/2024,APAC,Edge Hardware Platforms,13244.67,4781.44,1608.36
100422,2/14/2024,Europe,Edge Hardware Platforms,27805.16,10186.49,3491.1
100423,2/14/2024,North America,SaaS Subscriptions,6914.38,697.08,144.1
100424,2/14/2024,North America,Edge Hardware Platforms,26432.74,10486.96,3081.72
100425,2/15/2024,APAC,SaaS Subscriptions,5152.61,488.91,95.07
100426,2/15/2024,North America,Edge Hardware Platforms,18402.37,7957.71,2314.14
100427,2/15/2024,North America,Edge Hardware Platforms,18710.11,7599.67,2352.12
100428,2/15/2024,APAC,SaaS Subscriptions,3523.85,319.34,73.85
100429,2/15/2024,North America,Edge Hardware Platforms,10076.34,4176.98,1128.66
100430,2/15/2024,Europe,SaaS Subscriptions,2436.03,223,47.17
100431,2/16/2024,Europe,Edge Hardware Platforms,14252.89,5168.88,1643.28
100432,2/16/2024,Europe,SaaS Subscriptions,7227.23,761.18,152.88
100433,2/16/2024,Europe,Enterprise Cloud Software,14071.95,2182.87,712.1
100434,2/16/2024,North America,Edge Hardware Platforms,19207.17,8243.05,2326.36
100435,2/16/2024,North America,SaaS Subscriptions,2664.32,262.3,48.41
100436,2/16/2024,Europe,SaaS Subscriptions,3680.22,394.4,70.55
100437,2/16/2024,APAC,Edge Hardware Platforms,26098.14,9432.93,3421.66
100438,2/16/2024,Europe,Edge Hardware Platforms,26587.89,10170.44,3428.4
100439,2/16/2024,North America,Edge Hardware Platforms,20813.97,7653.77,2368.74
100440,2/16/2024,North America,Edge Hardware Platforms,16025.31,6536.22,1845.05
100441,2/16/2024,North America,Edge Hardware Platforms,10962.86,4738.49,1408.23
100442,2/16/2024,Europe,Edge Hardware Platforms,27846.05,10437.44,3060.15
100443,2/16/2024,North America,Edge Hardware Platforms,10693.41,4348.2,1410.36
100444,2/16/2024,APAC,Edge Hardware Platforms,11272.82,4807.97,1379.52
100445,2/17/2024,Europe,Edge Hardware Platforms,10652.91,4575.26,1167.05
100446,2/17/2024,APAC,Enterprise Cloud Software,11944.5,1641.97,646.28
100447,2/17/2024,Europe,Enterprise Cloud Software,8408.16,1176.68,392.71
100448,2/17/2024,APAC,Edge Hardware Platforms,25776.05,10598.3,3202.27
100449,2/17/2024,North America,Enterprise Cloud Software,12867.5,2111.85,612.84
100450,2/18/2024,Europe,Edge Hardware Platforms,20125.32,8266.04,2207.8
100451,2/18/2024,North America,Edge Hardware Platforms,19449.87,7072.98,2165.95
100452,2/18/2024,North America,SaaS Subscriptions,3988.08,397.38,74.91
100453,2/18/2024,Europe,Enterprise Cloud Software,7069.93,1064,318.54
100454,2/18/2024,North America,Enterprise Cloud Software,5367.21,741.97,259.71
100455,2/18/2024,APAC,Edge Hardware Platforms,20253.35,7766.74,2640.27
100456,2/18/2024,North America,Enterprise Cloud Software,11170.67,1546.19,541.24
100457,2/18/2024,Europe,SaaS Subscriptions,4961.28,516.2,109.01
100458,2/18/2024,North America,Enterprise Cloud Software,8945.76,1320.88,439.33
100459,2/18/2024,APAC,Edge Hardware Platforms,22158.1,8525.32,2831.16
100460,2/18/2024,APAC,SaaS Subscriptions,2009.39,206.42,36.58
100461,2/18/2024,North America,Enterprise Cloud Software,11037.95,1717.48,509.34
100462,2/19/2024,Europe,Edge Hardware Platforms,12420.5,4887.66,1565.33
100463,2/19/2024,North America,Enterprise Cloud Software,8547.71,1395.43,441.79
100464,2/19/2024,Europe,Edge Hardware Platforms,21873.22,7892.09,2696.23
100465,2/19/2024,APAC,Edge Hardware Platforms,27473.97,11481.86,3046.68
100466,2/19/2024,APAC,Enterprise Cloud Software,10339.67,1439.94,466.5
100467,2/20/2024,Europe,Enterprise Cloud Software,8993.69,1459.71,477.39
100468,2/20/2024,North America,Edge Hardware Platforms,26334.46,9622.37,3088.96
100469,2/20/2024,APAC,Edge Hardware Platforms,11552.29,4660.23,1486.57
100470,2/20/2024,Europe,Enterprise Cloud Software,8842.4,1313.13,449.13
100471,2/20/2024,APAC,Enterprise Cloud Software,13896.52,1881.16,676.77
100472,2/20/2024,North America,Edge Hardware Platforms,20516.25,8225.67,2297.31
100473,2/20/2024,Europe,Enterprise Cloud Software,12619.07,2061.95,610.73
100474,2/21/2024,Europe,Edge Hardware Platforms,16812.08,6148.8,1980.99
100475,2/21/2024,North America,Edge Hardware Platforms,22115.58,8606.66,2504.13
100476,2/21/2024,APAC,Edge Hardware Platforms,23765.48,8822.8,2843.64
100477,2/21/2024,North America,Edge Hardware Platforms,29280.35,11440.9,3189.68
100478,2/21/2024,North America,Edge Hardware Platforms,13200.5,4776.84,1665.23
100479,2/21/2024,Europe,Enterprise Cloud Software,14000.83,1938.89,763.87
100480,2/21/2024,North America,SaaS Subscriptions,5617.66,598.47,123.23
100481,2/21/2024,North America,SaaS Subscriptions,4336.89,423.76,83.97
100482,2/21/2024,Europe,Enterprise Cloud Software,10537.11,1593.75,554.45
100483,2/21/2024,APAC,Edge Hardware Platforms,16046.66,6109.71,1807.99
100484,2/21/2024,North America,Edge Hardware Platforms,15404.95,6736.79,1869.93
100485,2/21/2024,North America,Edge Hardware Platforms,12783.93,5056.34,1572.8
100486,2/21/2024,Europe,Edge Hardware Platforms,29876.97,12859.8,3673.72
100487,2/21/2024,Europe,Edge Hardware Platforms,14026.24,5492.83,1528.12
100488,2/22/2024,Europe,SaaS Subscriptions,2794.23,284.62,56.99
100489,2/22/2024,North America,Edge Hardware Platforms,10759.63,4515.48,1303.89
100490,2/22/2024,North America,Edge Hardware Platforms,19335.64,7014.14,2538.2
100491,2/22/2024,APAC,Edge Hardware Platforms,11873.45,4991.24,1422.51
100492,2/22/2024,North America,Edge Hardware Platforms,20448.88,8282.14,2425.02
100493,2/23/2024,Europe,Edge Hardware Platforms,21545.58,9248.36,2834.06
100494,2/23/2024,Europe,SaaS Subscriptions,6587.17,668.4,143.76
100495,2/23/2024,North America,Enterprise Cloud Software,13539.62,2006.23,723.96
100496,2/23/2024,APAC,Enterprise Cloud Software,13834.65,2053.75,693.18
100497,2/23/2024,Europe,SaaS Subscriptions,2114.7,210.49,43.88
100498,2/23/2024,Europe,Edge Hardware Platforms,12688.7,4871.85,1479.62
100499,2/23/2024,APAC,Enterprise Cloud Software,7107.05,1163.59,320.45
100500,2/23/2024,APAC,Edge Hardware Platforms,26569.39,10191.21,2878.62
100501,2/23/2024,Europe,SaaS Subscriptions,6442.86,598.26,135.39
100502,2/23/2024,APAC,Edge Hardware Platforms,25322.32,10829.69,3107.72
100503,2/23/2024,North America,Edge Hardware Platforms,11552.99,4535.74,1360.6
100504,2/23/2024,North America,Edge Hardware Platforms,12219.96,5189.31,1597.69
100505,2/23/2024,North America,SaaS Subscriptions,5135.46,492.96,94.02
100506,2/23/2024,Europe,Edge Hardware Platforms,24141.73,8788.03,2649.55
100507,2/23/2024,Europe,Enterprise Cloud Software,7323.84,1050.46,388.42
100508,2/24/2024,Europe,SaaS Subscriptions,3928.97,391.05,74.27
100509,2/24/2024,Europe,SaaS Subscriptions,5620.96,546.11,115.74
100510,2/24/2024,North America,SaaS Subscriptions,5018.5,496.77,102.09
100511,2/24/2024,Europe,Enterprise Cloud Software,11826.17,1682.37,616.61
100512,2/24/2024,APAC,SaaS Subscriptions,5315.01,533.65,98.71
100513,2/24/2024,APAC,Enterprise Cloud Software,9966.95,1430.54,461.85
100514,2/24/2024,Europe,Enterprise Cloud Software,12486.45,1804.64,561.91
100515,2/24/2024,Europe,Enterprise Cloud Software,7761.7,1212.45,354.14
100516,2/24/2024,APAC,Enterprise Cloud Software,7468.24,1174.21,359.69
100517,2/24/2024,North America,Edge Hardware Platforms,15407.87,6585.58,1779.92
100518,2/24/2024,APAC,SaaS Subscriptions,4602.9,498.03,89.8
100519,2/24/2024,APAC,Enterprise Cloud Software,11870.19,1778.33,580.17
100520,2/25/2024,APAC,Edge Hardware Platforms,12782.32,4861.61,1649.08
100521,2/25/2024,North America,Enterprise Cloud Software,6296.01,977.66,342.75
100522,2/25/2024,North America,Edge Hardware Platforms,22686.79,9981.22,2507.24
100523,2/25/2024,Europe,Edge Hardware Platforms,27316.4,10874.04,3022.93
100524,2/25/2024,Europe,Edge Hardware Platforms,10057.63,4311.87,1131.13
100525,2/25/2024,Europe,Edge Hardware Platforms,24393.08,9505.81,3143.64
100526,2/25/2024,Europe,Edge Hardware Platforms,25924.81,10896.76,2822.24
100527,2/25/2024,North America,SaaS Subscriptions,2754.35,288.5,60.32
100528,2/25/2024,North America,Edge Hardware Platforms,19363.08,7867.88,2130.87
100529,2/25/2024,North America,Edge Hardware Platforms,26466.19,11183.59,3203.77
100530,2/25/2024,North America,Edge Hardware Platforms,14837.78,6423.06,1900.99
100531,2/25/2024,Europe,SaaS Subscriptions,2188.53,229.19,42.28
100532,2/25/2024,APAC,Enterprise Cloud Software,12248.56,1976.05,556.29
100533,2/25/2024,North America,Edge Hardware Platforms,19098.38,7283.74,2163.38
100534,2/25/2024,North America,SaaS Subscriptions,5452.13,499.02,106.48
100535,2/26/2024,North America,Enterprise Cloud Software,5175.52,744.24,272.91
100536,2/26/2024,Europe,Edge Hardware Platforms,17434.79,6278.41,2008.4
100537,2/26/2024,Europe,SaaS Subscriptions,7082.36,640.75,152.94
100538,2/26/2024,APAC,Edge Hardware Platforms,19159.92,7507.63,2208.56
100539,2/26/2024,North America,Enterprise Cloud Software,7466.04,1116.34,391.78
100540,2/26/2024,Europe,Enterprise Cloud Software,14577.9,2380.3,770.47
100541,2/26/2024,APAC,Edge Hardware Platforms,29255.37,10708.88,3416.33
100542,2/26/2024,North America,Enterprise Cloud Software,6408.03,984.74,338.43
100543,2/26/2024,Europe,Enterprise Cloud Software,13111.24,2020.16,640.9
100544,2/26/2024,Europe,Enterprise Cloud Software,8451.92,1373.64,404.89
100545,2/26/2024,Europe,SaaS Subscriptions,6246.33,569.94,116.11
100546,2/26/2024,North America,Edge Hardware Platforms,18953.47,7026.85,2482.72
100547,2/26/2024,Europe,Enterprise Cloud Software,10006.04,1554.82,457.9
100548,2/27/2024,APAC,Edge Hardware Platforms,20937.19,7839.4,2491.66
100549,2/27/2024,Europe,SaaS Subscriptions,4888,527.68,101.17
100550,2/27/2024,North America,SaaS Subscriptions,5163.4,505.17,106.55
100551,2/27/2024,North America,Edge Hardware Platforms,19964.72,7836.83,2612.83
100552,2/27/2024,Europe,Enterprise Cloud Software,9589.63,1559.1,448.42
100553,2/27/2024,North America,Enterprise Cloud Software,5141.9,822.1,269.03
100554,2/27/2024,North America,Edge Hardware Platforms,17904.12,7810.35,2349.19
100555,2/27/2024,North America,SaaS Subscriptions,6638.53,638.63,125.66
100556,2/27/2024,Europe,Edge Hardware Platforms,29203.36,12297.14,3753.36
100557,2/27/2024,Europe,SaaS Subscriptions,6706.53,654.15,135.53
100558,2/28/2024,North America,SaaS Subscriptions,3067.33,307.63,65.13
100559,2/28/2024,North America,Enterprise Cloud Software,9027.64,1461.03,406.28
100560,2/28/2024,APAC,Enterprise Cloud Software,14900.86,2438.46,744.25
100561,2/28/2024,Europe,Edge Hardware Platforms,22708.87,8340.01,2470.34
100562,2/28/2024,North America,Edge Hardware Platforms,15510.96,6355.82,2044.63
100563,2/28/2024,North America,Edge Hardware Platforms,18312.08,7833.57,2374.23
100564,2/28/2024,APAC,SaaS Subscriptions,2165.12,231.23,45.48
100565,2/28/2024,North America,SaaS Subscriptions,2889.07,299.28,54.6
100566,2/28/2024,Europe,Edge Hardware Platforms,21266.49,8383.25,2463.34
100567,2/28/2024,APAC,Enterprise Cloud Software,9301.03,1507.82,497.22
100568,2/28/2024,Europe,Edge Hardware Platforms,26463.22,11408.59,3203.85
100569,2/28/2024,North America,Enterprise Cloud Software,7956.95,1215.93,360.67
100570,2/28/2024,Europe,Edge Hardware Platforms,15904.84,6844.8,1893.31
100571,2/28/2024,North America,SaaS Subscriptions,2285.85,238.95,48.22
100572,2/28/2024,North America,SaaS Subscriptions,5093.96,505.66,92.62
100573,2/29/2024,Europe,Enterprise Cloud Software,6278.67,991.82,282.54
100574,2/29/2024,Europe,Edge Hardware Platforms,11092.69,4856.89,1258.21
100575,2/29/2024,North America,Edge Hardware Platforms,14608.33,5260.72,1833.41
100576,2/29/2024,APAC,Enterprise Cloud Software,11630.47,1828.97,622.05
100577,2/29/2024,Europe,Edge Hardware Platforms,16505.9,6883.12,2106.2
100578,2/29/2024,North America,Edge Hardware Platforms,28038.8,11903.47,3690.93
100579,2/29/2024,APAC,Edge Hardware Platforms,21812.76,9006.08,2396.85
100580,2/29/2024,Europe,Edge Hardware Platforms,13346.43,5638.21,1628.41
100581,3/1/2024,Europe,Edge Hardware Platforms,17234.21,7513.02,2122.77
100582,3/1/2024,North America,Edge Hardware Platforms,25614.64,10673.09,2872.17
100583,3/1/2024,APAC,Edge Hardware Platforms,13180.5,4934.99,1454.57
100584,3/1/2024,APAC,Enterprise Cloud Software,6251.25,1003.41,302.85
100585,3/1/2024,North America,Enterprise Cloud Software,6421.7,908.04,331.69
100586,3/1/2024,North America,Enterprise Cloud Software,12647.19,1961.98,624.18
100587,3/1/2024,Europe,Edge Hardware Platforms,19650.01,7870.49,2304.82
100588,3/1/2024,APAC,Enterprise Cloud Software,12821.71,1778.77,679.24
100589,3/1/2024,Europe,SaaS Subscriptions,2585.09,261.56,51.71
100590,3/1/2024,Europe,Edge Hardware Platforms,20814.69,8208.64,2402.27
100591,3/1/2024,Europe,Enterprise Cloud Software,14615.13,2286.28,796.89
100592,3/1/2024,North America,SaaS Subscriptions,6852.74,709.55,140.48
100593,3/1/2024,North America,SaaS Subscriptions,5009.09,457.92,96.43
100594,3/1/2024,APAC,SaaS Subscriptions,7891.43,809.34,149.86
100595,3/1/2024,North America,Enterprise Cloud Software,5197.96,762.65,243.86
100596,3/2/2024,APAC,Edge Hardware Platforms,27559.69,11256.49,3139.91
100597,3/2/2024,North America,Enterprise Cloud Software,8334.63,1294.59,381.07
100598,3/2/2024,North America,Edge Hardware Platforms,29640.99,12531.88,3723.02
100599,3/2/2024,North America,Edge Hardware Platforms,25705.38,10490.06,3387.16
100600,3/2/2024,North America,SaaS Subscriptions,7488.39,675.67,148.27
100601,3/3/2024,North America,SaaS Subscriptions,2679.82,262.82,56.15
100602,3/3/2024,Europe,Edge Hardware Platforms,16930.48,6633.51,1935.88
100603,3/3/2024,North America,Edge Hardware Platforms,15370.68,5886.92,1902.31
100604,3/3/2024,APAC,Edge Hardware Platforms,11539.59,4224.03,1509.77
100605,3/3/2024,North America,Enterprise Cloud Software,10990.45,1689.34,565.84
100606,3/3/2024,North America,Enterprise Cloud Software,14650.15,2088.04,758.3
100607,3/3/2024,Europe,Edge Hardware Platforms,16258.15,6205.54,1989.09
100608,3/3/2024,APAC,SaaS Subscriptions,2635.43,245.35,57.4
100609,3/3/2024,Europe,SaaS Subscriptions,3215.8,327.21,66.9
100610,3/3/2024,Europe,Edge Hardware Platforms,10307.9,4191.54,1175.87
100611,3/3/2024,Europe,SaaS Subscriptions,4394.21,469.28,82.41
100612,3/3/2024,Europe,SaaS Subscriptions,2611.36,235.46,51.53
100613,3/3/2024,North America,Edge Hardware Platforms,28290.97,11167.06,3231.09
100614,3/3/2024,Europe,Edge Hardware Platforms,10181.08,4145.29,1249.41
100615,3/4/2024,Europe,Edge Hardware Platforms,14080.49,5805.66,1797.25
100616,3/4/2024,North America,SaaS Subscriptions,2177.02,211.43,39.32
100617,3/4/2024,North America,SaaS Subscriptions,4129.16,406.7,77.88
100618,3/4/2024,Europe,Edge Hardware Platforms,17444.01,6744.6,2254.45
100619,3/4/2024,North America,Edge Hardware Platforms,15666.1,6625.84,1841.37
100620,3/4/2024,Europe,Enterprise Cloud Software,14876.6,2138.43,784.11
100621,3/4/2024,Europe,Enterprise Cloud Software,12997.19,1884.7,697.32
100622,3/4/2024,APAC,SaaS Subscriptions,2210.05,233.71,43.42
100623,3/4/2024,APAC,Edge Hardware Platforms,26672.86,10667.93,3223.16
100624,3/4/2024,North America,Edge Hardware Platforms,18387.79,7355.23,2332.35
100625,3/4/2024,Europe,Enterprise Cloud Software,10902.33,1605.14,541.79
100626,3/4/2024,North America,Enterprise Cloud Software,7810.38,1221.46,352.36
100627,3/4/2024,Europe,SaaS Subscriptions,2671.28,268.01,56.49
100628,3/5/2024,Europe,Edge Hardware Platforms,26529.76,10497.72,3378.31
100629,3/5/2024,North America,SaaS Subscriptions,4659.84,470.96,88.63
100630,3/5/2024,Europe,Enterprise Cloud Software,13726.36,2194.07,647.34
100631,3/5/2024,APAC,Edge Hardware Platforms,22644.33,8828.61,2593.14
100632,3/5/2024,North America,Edge Hardware Platforms,28071.17,10279.98,3590.1
100633,3/5/2024,North America,Edge Hardware Platforms,25889.71,11152,3010.32
100634,3/5/2024,Europe,Edge Hardware Platforms,10265.02,3938.44,1221.75
100635,3/5/2024,Europe,Edge Hardware Platforms,17696.07,7063.39,2093.63
100636,3/5/2024,Europe,SaaS Subscriptions,5191.33,549.18,99.61
100637,3/6/2024,North America,Enterprise Cloud Software,6657.48,1076.69,315.67
100638,3/6/2024,North America,Enterprise Cloud Software,7223.61,1087.71,368.96
100639,3/6/2024,North America,Enterprise Cloud Software,8910.33,1265.5,420.53
100640,3/6/2024,APAC,Edge Hardware Platforms,21137.57,8312.6,2500.46
100641,3/6/2024,Europe,Edge Hardware Platforms,24042.92,8985.69,2885.22
100642,3/6/2024,Europe,SaaS Subscriptions,5788.51,582.61,106.87
100643,3/6/2024,Europe,Enterprise Cloud Software,8372.07,1166.11,434.68
100644,3/6/2024,North America,Edge Hardware Platforms,27913.5,10505.11,3354.85
100645,3/6/2024,Europe,Enterprise Cloud Software,12927.58,1772,643.05
100646,3/6/2024,Europe,Edge Hardware Platforms,23772.63,9039.82,2573.14
100647,3/7/2024,Europe,SaaS Subscriptions,6928.33,740.41,138.15
100648,3/7/2024,North America,Edge Hardware Platforms,19025.88,7128.53,2445.19
100649,3/7/2024,APAC,Edge Hardware Platforms,11513.99,4502.27,1465.56
100650,3/7/2024,APAC,Enterprise Cloud Software,5669.74,914.65,277.22
100651,3/7/2024,Europe,SaaS Subscriptions,2399.39,247.06,43.9
100652,3/7/2024,North America,SaaS Subscriptions,4600.83,505.83,93.1
100653,3/7/2024,North America,Enterprise Cloud Software,8505.21,1243.26,388.58
100654,3/7/2024,North America,Edge Hardware Platforms,24454.76,10088.53,3057.1
100655,3/7/2024,North America,Enterprise Cloud Software,11616.84,1736.95,523.38
100656,3/7/2024,APAC,Edge Hardware Platforms,20968.38,7660.11,2650.33
100657,3/7/2024,Europe,Edge Hardware Platforms,25034.94,10620.83,3015.01
100658,3/7/2024,North America,Edge Hardware Platforms,22409.48,9398.09,2511.59
100659,3/7/2024,North America,SaaS Subscriptions,6499.87,703.06,136.72
100660,3/8/2024,Europe,Edge Hardware Platforms,27051.7,10910.81,3413.88
100661,3/8/2024,North America,Edge Hardware Platforms,24255.55,9481.42,2962.19
100662,3/8/2024,North America,Edge Hardware Platforms,27230.27,11695.16,3414.25
100663,3/8/2024,Europe,Edge Hardware Platforms,21693.36,8041.56,2573.97
100664,3/8/2024,Europe,SaaS Subscriptions,4586.52,463.18,92.34
100665,3/8/2024,Europe,Edge Hardware Platforms,14500.84,5833.66,1853.53
100666,3/8/2024,Europe,Enterprise Cloud Software,11547.09,1844.22,526.91
100667,3/9/2024,APAC,Edge Hardware Platforms,25217.03,9456.83,2776.93
100668,3/9/2024,Europe,Edge Hardware Platforms,18646.92,6759.36,2130.03
100669,3/9/2024,North America,SaaS Subscriptions,3460.38,350.01,62.83
100670,3/9/2024,Europe,Edge Hardware Platforms,27958.38,12051.44,3237.78
100671,3/9/2024,APAC,SaaS Subscriptions,6952.49,743.2,132.07
100672,3/9/2024,Europe,Enterprise Cloud Software,5949.18,981.42,287.15
100673,3/9/2024,Europe,SaaS Subscriptions,7148.14,785.96,135.57
100674,3/9/2024,North America,Edge Hardware Platforms,12601.61,4559.19,1469.98
100675,3/9/2024,APAC,Edge Hardware Platforms,16255.56,6702.94,1846.12
100676,3/10/2024,North America,SaaS Subscriptions,6236.95,599.86,115.57
100677,3/10/2024,Europe,Enterprise Cloud Software,14384.14,2120.86,705.16
100678,3/10/2024,North America,Enterprise Cloud Software,11383.22,1787.05,589.21
100679,3/10/2024,North America,Edge Hardware Platforms,21389.69,9186.29,2504.71
100680,3/10/2024,North America,Edge Hardware Platforms,22661.45,9008.9,2688.41
100681,3/10/2024,Europe,SaaS Subscriptions,4767,518.64,95.42
100682,3/10/2024,APAC,SaaS Subscriptions,4174.59,447.82,76.98
100683,3/10/2024,APAC,Edge Hardware Platforms,11087.81,4563.08,1456.74
100684,3/10/2024,North America,Edge Hardware Platforms,24955.89,10601.78,2943.09
100685,3/10/2024,North America,Enterprise Cloud Software,10797.26,1604.34,588.32
100686,3/11/2024,North America,Edge Hardware Platforms,22193.95,9232.04,2843.39
100687,3/11/2024,APAC,SaaS Subscriptions,5215.61,520.36,102.27
100688,3/11/2024,North America,Edge Hardware Platforms,15540.25,6739.88,1895.86
100689,3/11/2024,Europe,Edge Hardware Platforms,11039.79,4002.36,1304.46
100690,3/11/2024,North America,Edge Hardware Platforms,27619.46,11893.86,3419.76
100691,3/11/2024,North America,SaaS Subscriptions,7316.56,687.27,153.28
100692,3/12/2024,APAC,Enterprise Cloud Software,7005.53,991.19,363.67
100693,3/12/2024,Europe,Edge Hardware Platforms,28815.47,12162.23,3200.55
100694,3/12/2024,North America,Edge Hardware Platforms,17919.23,7410.4,2318.85
100695,3/12/2024,North America,Edge Hardware Platforms,25788.19,10142.43,2889.18
100696,3/12/2024,Europe,Enterprise Cloud Software,14423.83,1979.59,712.31
100697,3/12/2024,Europe,SaaS Subscriptions,2996.13,276.51,54.03
100698,3/12/2024,North America,Enterprise Cloud Software,11305.81,1600.8,511.08
100699,3/12/2024,APAC,Edge Hardware Platforms,17073.93,6559.78,2243.67
100700,3/12/2024,North America,SaaS Subscriptions,6660.82,609.66,146.18
100701,3/12/2024,North America,Enterprise Cloud Software,13293.14,2076.39,680.24
100702,3/12/2024,North America,Edge Hardware Platforms,25611.12,9842.1,2957.59
100703,3/12/2024,North America,Enterprise Cloud Software,13754.06,2039.07,754.3
100704,3/13/2024,APAC,Enterprise Cloud Software,9186.07,1366.45,479.97
100705,3/13/2024,Europe,Edge Hardware Platforms,25540.99,10956.48,2950.83
100706,3/13/2024,Europe,SaaS Subscriptions,7936.71,855.5,154.65
100707,3/13/2024,North America,Edge Hardware Platforms,24832.83,9918.37,2969.92
100708,3/13/2024,APAC,Edge Hardware Platforms,27195.89,10675.59,3151.39
100709,3/13/2024,Europe,Edge Hardware Platforms,12520.04,4703.95,1638.06
100710,3/13/2024,North America,Edge Hardware Platforms,21586.29,8616.6,2665.34
100711,3/13/2024,North America,Edge Hardware Platforms,17443.47,7202.99,1943.02
100712,3/13/2024,Europe,Enterprise Cloud Software,7786.43,1102.26,364.63
100713,3/13/2024,APAC,Enterprise Cloud Software,14271.24,2341.88,723.73
100714,3/13/2024,North America,Edge Hardware Platforms,25954.65,10106.51,2857.31
100715,3/13/2024,Europe,SaaS Subscriptions,6775.56,633.53,140.19
100716,3/13/2024,North America,Enterprise Cloud Software,13740.72,1957.92,654.5
100717,3/13/2024,North America,SaaS Subscriptions,6755.57,692.76,141.87
100718,3/14/2024,North America,Edge Hardware Platforms,13990.11,5365.43,1590.54
100719,3/14/2024,APAC,SaaS Subscriptions,5659.65,614.02,119.66
100720,3/14/2024,Europe,Enterprise Cloud Software,12725.16,1986.07,650.92
100721,3/14/2024,APAC,Edge Hardware Platforms,24081.67,10471.04,2818.02
100722,3/14/2024,Europe,Edge Hardware Platforms,23487.99,9889.18,2562.33
100723,3/14/2024,Europe,Enterprise Cloud Software,11700.33,1743.93,617.02
100724,3/14/2024,North America,Edge Hardware Platforms,15569.41,6667.42,2028.4
100725,3/14/2024,APAC,Edge Hardware Platforms,25074.68,9459.17,2910.27
100726,3/14/2024,Europe,Edge Hardware Platforms,28299.32,10615.96,3682.78
100727,3/14/2024,Europe,Edge Hardware Platforms,13996.83,5101.03,1702.62
100728,3/15/2024,North America,Edge Hardware Platforms,27129.87,11579.17,3533.84
100729,3/15/2024,North America,Edge Hardware Platforms,24988.52,9857.7,2751.27
100730,3/15/2024,North America,Edge Hardware Platforms,15850.33,6127.36,1823.59
100731,3/15/2024,North America,Edge Hardware Platforms,21945.85,9047.63,2471.44
100732,3/15/2024,North America,Edge Hardware Platforms,21992.55,8808.16,2560.15
100733,3/16/2024,North America,SaaS Subscriptions,2061.71,215.08,42.94
100734,3/16/2024,Europe,SaaS Subscriptions,3871.28,374.74,70.91
100735,3/16/2024,Europe,Enterprise Cloud Software,8433.87,1349.73,458.42
100736,3/16/2024,North America,Edge Hardware Platforms,28572.61,10427.42,3149.18
100737,3/16/2024,North America,Edge Hardware Platforms,13009.45,5690.93,1544.5
100738,3/17/2024,North America,Enterprise Cloud Software,5600.96,908.16,288.31
100739,3/17/2024,North America,Enterprise Cloud Software,7942.67,1099.61,432.2
100740,3/17/2024,APAC,Edge Hardware Platforms,27299.25,10372.53,3418.16
100741,3/17/2024,APAC,Edge Hardware Platforms,25149.29,9647.41,2896.51
100742,3/17/2024,North America,Edge Hardware Platforms,24594.24,10703.85,3012.58
100743,3/17/2024,APAC,SaaS Subscriptions,3040.06,303.14,56.14
100744,3/18/2024,North America,Edge Hardware Platforms,18676.88,6969.32,2069.36
100745,3/18/2024,Europe,SaaS Subscriptions,4063.75,425.31,83.85
100746,3/18/2024,APAC,SaaS Subscriptions,5399.63,556.92,116.6
100747,3/18/2024,North America,Edge Hardware Platforms,10216.22,4353.38,1299.74
100748,3/18/2024,North America,Edge Hardware Platforms,19279.63,7123.76,2535.92
100749,3/18/2024,North America,Enterprise Cloud Software,10948.47,1720.73,496.23
100750,3/18/2024,Europe,Edge Hardware Platforms,12065.3,4510.03,1467.52
100751,3/18/2024,North America,SaaS Subscriptions,6912.44,758.1,131.6
100752,3/18/2024,APAC,Edge Hardware Platforms,16950.38,6170.41,1852.11
100753,3/18/2024,Europe,Edge Hardware Platforms,14530.43,5944.66,1657.47
100754,3/18/2024,Europe,Edge Hardware Platforms,26471.04,11267.55,3162.14
100755,3/18/2024,North America,Edge Hardware Platforms,26114.29,10086.76,2951.37
100756,3/18/2024,North America,Edge Hardware Platforms,19642.64,8392.76,2225.7
100757,3/18/2024,North America,SaaS Subscriptions,6941.74,678.15,137.7
100758,3/19/2024,North America,Enterprise Cloud Software,11791.99,1619.01,580.26
100759,3/19/2024,Europe,SaaS Subscriptions,3870.81,367.71,79.8
100760,3/19/2024,Europe,Edge Hardware Platforms,28562.04,12212.81,3238.24
100761,3/19/2024,North America,Edge Hardware Platforms,25471.44,9259.46,3174.76
100762,3/19/2024,Europe,Enterprise Cloud Software,11813.53,1928.03,537.14
100763,3/19/2024,North America,Edge Hardware Platforms,27985.21,12229,3320.69
100764,3/19/2024,APAC,Edge Hardware Platforms,20755.66,7933.81,2349.68
100765,3/19/2024,North America,Edge Hardware Platforms,10583.1,4578.04,1182.67
100766,3/19/2024,North America,Edge Hardware Platforms,24202.3,8898.18,2798.38
100767,3/20/2024,North America,Edge Hardware Platforms,26729.97,9730.17,3184.9
100768,3/20/2024,North America,Edge Hardware Platforms,15713.99,5771.9,1815.84
100769,3/20/2024,North America,Edge Hardware Platforms,17964.56,7105.2,2325.45
100770,3/20/2024,Europe,Enterprise Cloud Software,14431.75,2050.96,664.96
100771,3/20/2024,APAC,Edge Hardware Platforms,18675.41,7095.91,2262.33
100772,3/20/2024,North America,SaaS Subscriptions,3291.23,354.42,66.61
100773,3/20/2024,APAC,Edge Hardware Platforms,23933.9,9237.23,2719.21
100774,3/20/2024,North America,SaaS Subscriptions,6922.56,684.03,128.27
100775,3/20/2024,North America,Edge Hardware Platforms,19088.06,8063.09,2518.53
100776,3/20/2024,North America,Edge Hardware Platforms,18619.68,7156.65,2099.45
100777,3/20/2024,North America,SaaS Subscriptions,4519.09,451.63,97.92
100778,3/20/2024,APAC,Enterprise Cloud Software,10654.2,1579.67,564.38
100779,3/20/2024,Europe,Edge Hardware Platforms,16810.9,7134.5,1836.72
100780,3/20/2024,North America,Edge Hardware Platforms,11536.15,4369.89,1475.75
100781,3/20/2024,APAC,Edge Hardware Platforms,15290.32,5846.89,1753.27
100782,3/21/2024,Europe,Enterprise Cloud Software,5393.92,821.05,263.92
100783,3/21/2024,North America,Edge Hardware Platforms,10226.05,4325.51,1179.62
100784,3/21/2024,North America,Edge Hardware Platforms,17953.69,7861.99,2173.49
100785,3/21/2024,North America,Edge Hardware Platforms,15429.84,6670.93,1805.19
100786,3/21/2024,Europe,Enterprise Cloud Software,9261.21,1481.52,491.37
100787,3/21/2024,North America,Enterprise Cloud Software,13173.05,2146.05,605.35
100788,3/21/2024,Europe,Edge Hardware Platforms,27413.77,10052.14,3099.59
100789,3/21/2024,APAC,Enterprise Cloud Software,9925.35,1471.56,479.83
100790,3/21/2024,North America,Edge Hardware Platforms,13227.35,5367.13,1684.24
100791,3/21/2024,APAC,Enterprise Cloud Software,6492.49,928.72,315.6
100792,3/21/2024,Europe,Edge Hardware Platforms,11133.61,4038.98,1307.15
100793,3/21/2024,Europe,Enterprise Cloud Software,11415.04,1630.01,614.82
100794,3/21/2024,APAC,Enterprise Cloud Software,7299.94,1075.57,346.06
100795,3/22/2024,North America,Edge Hardware Platforms,12111.83,4404.15,1498.88
100796,3/22/2024,Europe,Enterprise Cloud Software,5349.39,881.01,242.33
100797,3/22/2024,Europe,Edge Hardware Platforms,12345.6,4611.39,1437.56
100798,3/22/2024,APAC,Edge Hardware Platforms,22758.04,9986.55,2877.35
100799,3/22/2024,Europe,Edge Hardware Platforms,22375.44,9246.19,2685.43
100800,3/22/2024,Europe,Enterprise Cloud Software,9296.23,1332.78,430.34
100801,3/22/2024,North America,Edge Hardware Platforms,20472.01,7785.23,2442.37
100802,3/22/2024,Europe,Enterprise Cloud Software,11520.93,1825.23,609.63
100803,3/22/2024,Europe,Edge Hardware Platforms,11220.14,4297.61,1236.89
100804,3/22/2024,APAC,Enterprise Cloud Software,6517.75,1053.84,354.82
100805,3/22/2024,APAC,Enterprise Cloud Software,5013.46,733.68,232.79
100806,3/22/2024,North America,Edge Hardware Platforms,28861.24,11137.71,3574.97
100807,3/22/2024,Europe,Enterprise Cloud Software,11504.25,1626.36,531.73
100808,3/23/2024,North America,Edge Hardware Platforms,16826.37,6701.64,2192.35
100809,3/23/2024,North America,Edge Hardware Platforms,10273.65,3765.58,1173.31
100810,3/23/2024,North America,Edge Hardware Platforms,18527.97,7482.55,2078.68
100811,3/23/2024,North America,Edge Hardware Platforms,29306.05,10668.38,3791.3
100812,3/23/2024,Europe,Edge Hardware Platforms,20005.57,7313.07,2203.75
100813,3/23/2024,Europe,Edge Hardware Platforms,28345.36,11126.33,3158.77
100814,3/24/2024,APAC,Edge Hardware Platforms,25695.39,11294.49,3148.5
100815,3/24/2024,North America,SaaS Subscriptions,5686.91,577.93,108.13
100816,3/24/2024,APAC,Enterprise Cloud Software,14242.87,2062.01,659.13
100817,3/24/2024,Europe,Enterprise Cloud Software,11846.26,1920.06,632.27
100818,3/24/2024,North America,Enterprise Cloud Software,13134.34,2137.32,651.55
100819,3/24/2024,Europe,Edge Hardware Platforms,27885.3,11477.37,3204.52
100820,3/24/2024,North America,SaaS Subscriptions,2081.8,200.8,42.09
100821,3/24/2024,North America,Enterprise Cloud Software,13152.76,2128.54,700.2
100822,3/25/2024,Europe,Enterprise Cloud Software,10488.73,1535.54,535.67
100823,3/25/2024,North America,Enterprise Cloud Software,5949.65,859.41,273.48
100824,3/25/2024,North America,SaaS Subscriptions,4664.62,469.44,100.26
100825,3/25/2024,APAC,Edge Hardware Platforms,26249.48,10136.38,3027.56
100826,3/25/2024,Europe,Edge Hardware Platforms,23643.83,9108.06,2629.12
100827,3/25/2024,Europe,Enterprise Cloud Software,10784.93,1680.32,560.88
100828,3/25/2024,APAC,SaaS Subscriptions,4999.75,523,102.38
100829,3/25/2024,North America,Enterprise Cloud Software,7845.41,1163.4,401.46
100830,3/25/2024,APAC,Enterprise Cloud Software,6255.5,1025.3,288.26
100831,3/26/2024,North America,Enterprise Cloud Software,12715.12,1965.21,678.02
100832,3/26/2024,APAC,Edge Hardware Platforms,11333.88,4123.8,1304.48
100833,3/26/2024,APAC,Edge Hardware Platforms,15435.73,6049.78,1888.81
100834,3/26/2024,Europe,Enterprise Cloud Software,14770.32,2235.39,684.71
100835,3/26/2024,APAC,Enterprise Cloud Software,14077.35,2321.31,732.08
100836,3/26/2024,APAC,Edge Hardware Platforms,28831.54,11601.15,3620.59
100837,3/26/2024,APAC,SaaS Subscriptions,6999.23,672.35,153.05
100838,3/26/2024,Europe,SaaS Subscriptions,6056.63,582.31,117.98
100839,3/26/2024,Europe,Edge Hardware Platforms,16359.65,6648.21,1902.55
100840,3/26/2024,APAC,Edge Hardware Platforms,11534.46,4305.63,1262.64
100841,3/26/2024,Europe,Enterprise Cloud Software,6141.4,1002.47,329.96
100842,3/26/2024,Europe,SaaS Subscriptions,2001.12,204.67,40.95
100843,3/26/2024,Europe,Edge Hardware Platforms,19107.66,7513.07,2398.62
100844,3/26/2024,North America,Enterprise Cloud Software,6805.18,972.28,341.98
100845,3/27/2024,Europe,Edge Hardware Platforms,12536.48,4906.02,1402.88
100846,3/27/2024,Europe,Enterprise Cloud Software,5585.65,846.62,284.6
100847,3/27/2024,APAC,Edge Hardware Platforms,16909.62,7173.75,2045.5
100848,3/27/2024,North America,Edge Hardware Platforms,28160.37,11030.56,3241.59
100849,3/27/2024,North America,Enterprise Cloud Software,9327.71,1425.93,427.27
100850,3/27/2024,APAC,Edge Hardware Platforms,21732.48,9264.01,2388.93
100851,3/28/2024,APAC,SaaS Subscriptions,4158.76,399.82,78.1
100852,3/28/2024,Europe,Edge Hardware Platforms,29754.99,11487.06,3495
100853,3/28/2024,Europe,SaaS Subscriptions,4817.11,474.26,105.89
100854,3/28/2024,North America,SaaS Subscriptions,2894.84,306.04,59.26
100855,3/28/2024,North America,SaaS Subscriptions,2077.44,196.39,42.1
100856,3/28/2024,North America,Edge Hardware Platforms,10482.2,3871.25,1164.05
100857,3/28/2024,North America,Edge Hardware Platforms,25042.57,10829.49,3206.67
100858,3/28/2024,North America,Edge Hardware Platforms,13988.23,5331.72,1679.78
100859,3/28/2024,North America,Enterprise Cloud Software,14353.78,2138.48,709.85
100860,3/28/2024,North America,Enterprise Cloud Software,13662.92,1911.97,671.55
100861,3/28/2024,North America,Edge Hardware Platforms,10420.42,4434.61,1331.69
100862,3/28/2024,APAC,Enterprise Cloud Software,13372.37,2023.11,651.74
100863,3/28/2024,Europe,Enterprise Cloud Software,6429.61,1011.18,305.03
100864,3/28/2024,Europe,Edge Hardware Platforms,27096.12,11819.14,3500.97
100865,3/28/2024,North America,Enterprise Cloud Software,9744.35,1317.63,441.01
100866,3/29/2024,Europe,Edge Hardware Platforms,27560.67,11151.87,3611.41
100867,3/29/2024,North America,Enterprise Cloud Software,5440.66,764.73,274.28
100868,3/29/2024,Europe,Enterprise Cloud Software,14459.71,2317.38,693.58
100869,3/29/2024,North America,Enterprise Cloud Software,6269.44,869.56,314.64
100870,3/29/2024,North America,Edge Hardware Platforms,29790.11,12355.3,3895.82
100871,3/29/2024,North America,Edge Hardware Platforms,21094.64,7723.61,2280.34
100872,3/29/2024,Europe,Edge Hardware Platforms,18215.78,7271.22,2148.93
100873,3/29/2024,North America,Edge Hardware Platforms,13541.65,4981.62,1773.43
100874,3/29/2024,Europe,Edge Hardware Platforms,16307.27,6383.51,1853.91
100875,3/29/2024,North America,Enterprise Cloud Software,12975.14,2015.38,654.85
100876,3/29/2024,Europe,SaaS Subscriptions,2436.41,232.95,47.27
100877,3/29/2024,APAC,SaaS Subscriptions,3444.02,370.18,73.44
100878,3/30/2024,North America,Edge Hardware Platforms,29564.41,11071.02,3760
100879,3/30/2024,North America,Edge Hardware Platforms,18400.22,7475.43,2354.91
100880,3/30/2024,APAC,SaaS Subscriptions,2357.7,244.83,43.76
100881,3/30/2024,Europe,Edge Hardware Platforms,18054.79,7250.24,2381.73
100882,3/30/2024,North America,Edge Hardware Platforms,17920.02,6641.89,2003.63
100883,3/30/2024,APAC,SaaS Subscriptions,7442.25,817.39,140.16
100884,3/30/2024,North America,Edge Hardware Platforms,19676.05,7741.96,2293.98
100885,3/30/2024,Europe,Edge Hardware Platforms,13229.16,5261.76,1604.48
100886,3/30/2024,Europe,Enterprise Cloud Software,12422.71,1686.46,603.1
100887,3/30/2024,APAC,Edge Hardware Platforms,15223.25,6326.73,1851.41
100888,3/30/2024,APAC,Edge Hardware Platforms,22202.16,8859.87,2468.8
100889,3/30/2024,North America,Edge Hardware Platforms,21985.99,8818.51,2526.55
100890,3/31/2024,Europe,SaaS Subscriptions,3455.47,317.3,66.6
100891,3/31/2024,North America,Enterprise Cloud Software,10738.51,1469.32,486.55
100892,3/31/2024,Europe,Edge Hardware Platforms,12507.51,4756.47,1543.55
100893,3/31/2024,North America,Edge Hardware Platforms,12433.91,5061.19,1437.18
100894,3/31/2024,Europe,SaaS Subscriptions,5669.88,543.83,107.86
100895,3/31/2024,North America,Enterprise Cloud Software,6811.72,1081.16,332.73
100896,4/1/2024,Europe,Edge Hardware Platforms,18529.99,7583.1,2037.52
100897,4/1/2024,North America,Enterprise Cloud Software,10180.77,1439.76,486.98
100898,4/1/2024,Europe,SaaS Subscriptions,2083.17,214.54,43.07
100899,4/1/2024,APAC,SaaS Subscriptions,2120.83,197.4,45.69
100900,4/1/2024,Europe,Edge Hardware Platforms,23260.54,9637.43,3032.29
100901,4/1/2024,APAC,Edge Hardware Platforms,15744.42,6776.09,1719
100902,4/1/2024,North America,SaaS Subscriptions,3537.15,333.95,65.62
100903,4/1/2024,APAC,Edge Hardware Platforms,23497.86,8908.63,2965.26
100904,4/1/2024,APAC,Edge Hardware Platforms,18213.65,6862.45,2393.96
100905,4/1/2024,Europe,SaaS Subscriptions,3820.31,403.57,80.47
100906,4/1/2024,Europe,SaaS Subscriptions,4361.33,403.92,90.22
100907,4/1/2024,Europe,Edge Hardware Platforms,14136.36,5659.58,1632.64
100908,4/1/2024,Europe,Edge Hardware Platforms,24904.29,9428.22,2931.93
100909,4/2/2024,Europe,SaaS Subscriptions,6872.47,731.95,145.56
100910,4/2/2024,North America,Edge Hardware Platforms,12863.23,5307.59,1587.29
100911,4/2/2024,North America,Edge Hardware Platforms,28064.96,10703.79,3578.21
100912,4/2/2024,North America,Edge Hardware Platforms,19712.94,7957.6,2567.19
100913,4/2/2024,APAC,Edge Hardware Platforms,15473.97,6699.39,1707.4
100914,4/2/2024,APAC,Edge Hardware Platforms,11075.45,4580.24,1257.63
100915,4/2/2024,North America,Edge Hardware Platforms,11273.7,4218.28,1218.95
100916,4/3/2024,APAC,Edge Hardware Platforms,23246.27,9766.83,2963.59
100917,4/3/2024,APAC,Edge Hardware Platforms,27170.13,10067.48,3394.12
100918,4/3/2024,Europe,Edge Hardware Platforms,15046.29,6467.55,1685.98
100919,4/3/2024,North America,Edge Hardware Platforms,19509.51,8348.66,2286.54
100920,4/3/2024,North America,SaaS Subscriptions,5293.46,496.44,110.54
100921,4/3/2024,Europe,Edge Hardware Platforms,19217.97,8192.56,2458.16
100922,4/3/2024,Europe,Enterprise Cloud Software,13388.54,2076.97,695.81
100923,4/4/2024,North America,Enterprise Cloud Software,11120.09,1603.39,536.67
100924,4/4/2024,North America,Edge Hardware Platforms,27249.93,10318.07,3397.64
100925,4/4/2024,Europe,SaaS Subscriptions,2793.73,306.06,56.8
100926,4/4/2024,APAC,SaaS Subscriptions,3329.1,303.36,63.33
100927,4/4/2024,Europe,Enterprise Cloud Software,6674.6,993.7,302.58
100928,4/5/2024,North America,SaaS Subscriptions,3499.84,320.12,72.28
100929,4/5/2024,Europe,Edge Hardware Platforms,18443.84,7798.15,2078.57
100930,4/5/2024,APAC,Edge Hardware Platforms,18379.4,7290.05,2098.18
100931,4/5/2024,APAC,Edge Hardware Platforms,16417.09,6692.99,2165.38
100932,4/5/2024,Europe,SaaS Subscriptions,4070.1,370.76,76.59
100933,4/5/2024,Europe,Enterprise Cloud Software,5002.27,812.62,267.32
100934,4/5/2024,Europe,Enterprise Cloud Software,6203.64,850.07,324.08
100935,4/5/2024,APAC,Edge Hardware Platforms,12382.81,4965.4,1441.01
100936,4/5/2024,North America,Edge Hardware Platforms,24374.36,8990.44,2653.25
100937,4/5/2024,APAC,Enterprise Cloud Software,5538.31,779.22,251.38
100938,4/5/2024,North America,SaaS Subscriptions,4047.47,400.23,83.79
100939,4/5/2024,Europe,SaaS Subscriptions,7196.21,649.09,151.93
100940,4/5/2024,Europe,SaaS Subscriptions,4899.39,537.65,102.98
100941,4/6/2024,APAC,SaaS Subscriptions,4391.85,471.06,83.75
100942,4/6/2024,Europe,SaaS Subscriptions,3955.29,431.45,73.12
100943,4/6/2024,North America,SaaS Subscriptions,2411.89,264.92,52.59
100944,4/6/2024,North America,Edge Hardware Platforms,13698.41,5400.63,1499.62
100945,4/6/2024,North America,Edge Hardware Platforms,18772.95,8226.3,2391.46
100946,4/6/2024,Europe,Edge Hardware Platforms,26799.96,10375.49,3350.36
100947,4/6/2024,APAC,Edge Hardware Platforms,23480.35,10038.91,3051.96
100948,4/6/2024,Europe,Enterprise Cloud Software,8262.82,1120.63,434.7
100949,4/6/2024,North America,SaaS Subscriptions,2711.96,253.4,53.98
100950,4/6/2024,Europe,Enterprise Cloud Software,9400.71,1405.27,442.99
100951,4/7/2024,APAC,Edge Hardware Platforms,10287.62,4364.4,1353.22
100952,4/7/2024,Europe,Edge Hardware Platforms,27568.32,12025.34,3476.61
100953,4/7/2024,Europe,Edge Hardware Platforms,24018.71,9020.03,2851.81
100954,4/7/2024,APAC,Edge Hardware Platforms,18224.08,7527.8,2019.91
100955,4/7/2024,Europe,Edge Hardware Platforms,14410.18,5402.04,1885.13
100956,4/8/2024,North America,SaaS Subscriptions,6408.25,666.41,137.21
100957,4/8/2024,North America,Edge Hardware Platforms,20073.77,8558.09,2412.77
100958,4/8/2024,Europe,Edge Hardware Platforms,19563.18,8244.66,2407.95
100959,4/8/2024,Europe,Edge Hardware Platforms,20622.19,8654.25,2635.98
100960,4/8/2024,Europe,SaaS Subscriptions,6921.94,700.76,143.18
100961,4/8/2024,APAC,Edge Hardware Platforms,26496.14,10998.68,3212.56
100962,4/8/2024,North America,Edge Hardware Platforms,29354.86,12112.44,3567.95
100963,4/8/2024,APAC,Edge Hardware Platforms,20521.65,8634.38,2567.34
100964,4/8/2024,North America,Edge Hardware Platforms,19450.31,7590.64,2342.11
100965,4/8/2024,Europe,Enterprise Cloud Software,9123.66,1251.48,463.1
100966,4/8/2024,APAC,Edge Hardware Platforms,17207.88,6314.7,1941.94
100967,4/9/2024,North America,Enterprise Cloud Software,5897.6,957.33,265.75
100968,4/9/2024,Europe,Enterprise Cloud Software,8076.79,1314.75,376.52
100969,4/9/2024,APAC,Enterprise Cloud Software,12415.66,1879.73,668.52
100970,4/9/2024,Europe,Edge Hardware Platforms,13909.16,5192.27,1808.13
100971,4/9/2024,North America,Edge Hardware Platforms,25196.47,9753.7,3296.95
100972,4/9/2024,Europe,Edge Hardware Platforms,27617.9,10052.04,3153.12
100973,4/9/2024,Europe,Enterprise Cloud Software,12439.05,2022.29,612.47
100974,4/9/2024,North America,SaaS Subscriptions,4669.11,465.89,90.61
100975,4/9/2024,APAC,Edge Hardware Platforms,25243.49,10727.08,2933.4
100976,4/9/2024,Europe,SaaS Subscriptions,4179.53,442.52,90.96
100977,4/9/2024,Europe,Edge Hardware Platforms,26101.95,11161.28,3066.49
100978,4/9/2024,North America,Edge Hardware Platforms,23475.12,9296.81,2957.28
100979,4/10/2024,Europe,Enterprise Cloud Software,12493.69,1891.18,587.71
100980,4/10/2024,North America,Edge Hardware Platforms,19652.02,7414.36,2578.63
100981,4/10/2024,Europe,SaaS Subscriptions,4562.63,453.99,98.52
100982,4/10/2024,Europe,Edge Hardware Platforms,15043.46,5953.27,1669.26
100983,4/10/2024,North America,Enterprise Cloud Software,5392.65,886.11,255.74
100984,4/10/2024,Europe,SaaS Subscriptions,5303.96,493.6,110.92
100985,4/10/2024,Europe,Edge Hardware Platforms,25394.93,11123.81,3092.23
100986,4/10/2024,North America,Edge Hardware Platforms,11368.81,4908.96,1260.4
100987,4/10/2024,North America,SaaS Subscriptions,5583.87,546.51,111.08
100988,4/10/2024,APAC,Edge Hardware Platforms,27392.99,10054.62,3469.13
100989,4/11/2024,Europe,Enterprise Cloud Software,13276.75,2087.05,702.21
100990,4/11/2024,North America,Enterprise Cloud Software,7864.74,1183.98,412.74
100991,4/11/2024,APAC,Edge Hardware Platforms,28571.94,11974.49,3295.79
100992,4/11/2024,North America,Edge Hardware Platforms,13857.41,5091.45,1673.61
100993,4/11/2024,APAC,Enterprise Cloud Software,12918.91,2058.59,643.66
100994,4/11/2024,North America,Enterprise Cloud Software,12074.26,1887.85,651.81
100995,4/11/2024,Europe,Enterprise Cloud Software,6214.15,973.35,291.06
100996,4/11/2024,North America,Edge Hardware Platforms,10495.3,3987.22,1236.23
100997,4/11/2024,North America,Enterprise Cloud Software,12280.12,1957.38,584.22
100998,4/11/2024,APAC,Edge Hardware Platforms,20133.72,8626.9,2536.83
100999,4/11/2024,APAC,Enterprise Cloud Software,5697.19,921.82,278.47
101000,4/11/2024,North America,Edge Hardware Platforms,26728.31,11466.42,3089.36
101001,4/11/2024,APAC,Enterprise Cloud Software,5496.61,844.86,250.82
101002,4/11/2024,North America,Edge Hardware Platforms,16745.34,6268.92,1921.57
101003,4/11/2024,Europe,Edge Hardware Platforms,25660,10777.51,3052.61
101004,4/12/2024,North America,Edge Hardware Platforms,25374.94,9260.73,3091.77
101005,4/12/2024,North America,Enterprise Cloud Software,5527.44,884.53,255.26
101006,4/12/2024,North America,Edge Hardware Platforms,26879.87,10241.03,3175.08
101007,4/12/2024,North America,Edge Hardware Platforms,21552.26,8743.16,2499.59
101008,4/12/2024,North America,Enterprise Cloud Software,8667.98,1196.05,456.51
101009,4/12/2024,APAC,SaaS Subscriptions,7190.43,733.54,149.59
101010,4/12/2024,North America,Edge Hardware Platforms,19112.99,7617.7,2411.8
101011,4/12/2024,North America,Edge Hardware Platforms,28492.84,10385.58,3409.32
101012,4/12/2024,APAC,Edge Hardware Platforms,20928.14,7952.26,2432.66
101013,4/12/2024,APAC,Edge Hardware Platforms,20294.84,7467.82,2199.65
101014,4/12/2024,APAC,Edge Hardware Platforms,22064.26,8083.84,2744.68
101015,4/12/2024,APAC,Edge Hardware Platforms,12522.31,5090.79,1582.72
101016,4/12/2024,Europe,SaaS Subscriptions,5892.1,636.26,120.75
101017,4/12/2024,North America,Edge Hardware Platforms,14035.9,6073.42,1772.03
101018,4/13/2024,North America,Enterprise Cloud Software,12564.51,1874.94,593.77
101019,4/13/2024,Europe,Enterprise Cloud Software,8261.7,1231.46,384
101020,4/13/2024,APAC,Enterprise Cloud Software,6303.53,889.47,332.14
101021,4/13/2024,Europe,Edge Hardware Platforms,10420.18,3779.97,1236.87
101022,4/13/2024,APAC,SaaS Subscriptions,2520.24,253.96,54.57
101023,4/13/2024,North America,SaaS Subscriptions,2802.17,304.62,58.86
101024,4/13/2024,APAC,Edge Hardware Platforms,17268.08,7512.56,1979.16
101025,4/14/2024,North America,Edge Hardware Platforms,28473.3,12522.6,3097.29
101026,4/14/2024,North America,Edge Hardware Platforms,17982.52,6822.22,2029.93
101027,4/14/2024,APAC,SaaS Subscriptions,2281.96,220.84,44.77
101028,4/14/2024,North America,Edge Hardware Platforms,22807.61,9762.58,2868.76
101029,4/14/2024,Europe,Edge Hardware Platforms,15479.78,6307.15,1853.57
101030,4/15/2024,Europe,Enterprise Cloud Software,5584.58,804.17,277.79
101031,4/15/2024,North America,Edge Hardware Platforms,17999.66,6562.52,2195.95
101032,4/15/2024,APAC,Enterprise Cloud Software,10978.08,1700.97,540.05
101033,4/15/2024,Europe,Edge Hardware Platforms,20092.75,7245.21,2503.58
101034,4/15/2024,Europe,Enterprise Cloud Software,8682.5,1427.15,427.24
101035,4/15/2024,Europe,SaaS Subscriptions,6303.57,640.7,133.58
101036,4/16/2024,Europe,Edge Hardware Platforms,17721.02,7750.05,2210.38
101037,4/16/2024,North America,SaaS Subscriptions,4883.36,446.22,98.64
101038,4/16/2024,Europe,SaaS Subscriptions,3223.97,343.45,65.22
101039,4/16/2024,North America,SaaS Subscriptions,5075.69,486.34,100.89
101040,4/16/2024,APAC,Edge Hardware Platforms,13853.53,5130.32,1595.21
101041,4/16/2024,APAC,Edge Hardware Platforms,14549.63,5431.3,1687.55
101042,4/16/2024,APAC,Edge Hardware Platforms,29762.48,11869.83,3342.32
101043,4/16/2024,APAC,Edge Hardware Platforms,24193.43,10613.58,2642.02
101044,4/16/2024,North America,Edge Hardware Platforms,15636.5,5859.69,1703.51
101045,4/16/2024,North America,Edge Hardware Platforms,12688.67,5042.7,1554.89
101046,4/16/2024,Europe,Enterprise Cloud Software,12835.02,1736.78,675.36
101047,4/16/2024,APAC,Edge Hardware Platforms,20710.85,8246.2,2430.23
101048,4/16/2024,APAC,SaaS Subscriptions,4014.9,410.73,87.15
101049,4/16/2024,APAC,Edge Hardware Platforms,19056.5,7285.22,2496.65
101050,4/16/2024,North America,Edge Hardware Platforms,15651.01,5983.7,1842.43
101051,4/17/2024,Europe,SaaS Subscriptions,4353.6,430.79,91.08
101052,4/17/2024,North America,Enterprise Cloud Software,5743.35,795.23,308.4
101053,4/17/2024,Europe,Edge Hardware Platforms,17858.19,6798.56,2077.49
101054,4/17/2024,APAC,Edge Hardware Platforms,28752.8,11914.48,3498.77
101055,4/17/2024,Europe,SaaS Subscriptions,6729.21,608.86,135.5
101056,4/18/2024,Europe,Enterprise Cloud Software,13671.77,2237.73,647.59
101057,4/18/2024,APAC,Enterprise Cloud Software,5557.07,771.75,253.28
101058,4/18/2024,APAC,Enterprise Cloud Software,7716.64,1065.77,370.05
101059,4/18/2024,North America,Edge Hardware Platforms,12666.54,5423.15,1616.41
101060,4/18/2024,North America,SaaS Subscriptions,2173.67,206.05,39.41
101061,4/18/2024,North America,Edge Hardware Platforms,25932.9,10037.03,3239.84
101062,4/18/2024,North America,Edge Hardware Platforms,14719.93,5468.21,1655.25
101063,4/18/2024,North America,Edge Hardware Platforms,26895.95,9853.83,3361.1
101064,4/19/2024,North America,Edge Hardware Platforms,27359.59,11125.74,3426.31
101065,4/19/2024,North America,Enterprise Cloud Software,9579,1406.53,514.11
101066,4/19/2024,North America,SaaS Subscriptions,7748.83,735.77,150.27
101067,4/19/2024,APAC,SaaS Subscriptions,4660.63,449.38,93.7
101068,4/19/2024,Europe,Enterprise Cloud Software,12364.73,1688.4,562.51
101069,4/19/2024,North America,Edge Hardware Platforms,16312.66,6513.34,1887.34
101070,4/19/2024,North America,Edge Hardware Platforms,29498.09,11589.48,3500.63
101071,4/19/2024,Europe,SaaS Subscriptions,3449.61,357.47,71.97
101072,4/19/2024,Europe,Enterprise Cloud Software,11768.72,1611.41,599.75
101073,4/19/2024,Europe,Enterprise Cloud Software,13416.22,1823.41,716.94
101074,4/19/2024,Europe,Enterprise Cloud Software,6337.78,1036.86,289.81
101075,4/19/2024,North America,Edge Hardware Platforms,22404.7,9042.18,2487.27
101076,4/19/2024,North America,Enterprise Cloud Software,7135.43,1051.29,371.33
101077,4/19/2024,North America,Edge Hardware Platforms,17818.35,7806.51,2332.64
101078,4/19/2024,APAC,Enterprise Cloud Software,5680.37,820.85,270.77
101079,4/20/2024,APAC,SaaS Subscriptions,7069.18,687.08,146.68
101080,4/20/2024,North America,Enterprise Cloud Software,12015.65,1625.66,589.87
101081,4/20/2024,North America,Edge Hardware Platforms,25324.91,9733.06,3228.4
101082,4/20/2024,North America,Edge Hardware Platforms,24540.37,10194.89,3231.89
101083,4/20/2024,North America,Edge Hardware Platforms,22193.64,9614.46,2480.2
101084,4/20/2024,APAC,Edge Hardware Platforms,15493.32,6165.64,1797.39
101085,4/20/2024,Europe,SaaS Subscriptions,5415.83,555.85,108.72
101086,4/20/2024,North America,Enterprise Cloud Software,9920.02,1431.53,464.43
101087,4/20/2024,Europe,Edge Hardware Platforms,15162.15,6021.18,1686.01
101088,4/20/2024,APAC,SaaS Subscriptions,6245.72,575.38,131.81
101089,4/20/2024,APAC,Edge Hardware Platforms,12279.32,5053.1,1572.05
101090,4/20/2024,Europe,Edge Hardware Platforms,19167.27,7710.93,2085.88
101091,4/20/2024,Europe,Enterprise Cloud Software,9350.15,1344.36,471.76
101092,4/21/2024,Europe,SaaS Subscriptions,3321.96,305.83,67.57
101093,4/21/2024,Europe,Edge Hardware Platforms,23338.71,8900.72,3030.67
101094,4/21/2024,Europe,Enterprise Cloud Software,12422.99,1916.78,598.26
101095,4/21/2024,Europe,Enterprise Cloud Software,9448.39,1530.47,437.79
101096,4/21/2024,North America,SaaS Subscriptions,7816.95,774.49,156.56
101097,4/21/2024,Europe,SaaS Subscriptions,7149.24,667.82,141.18
101098,4/21/2024,Europe,Edge Hardware Platforms,22057.86,9095.29,2910.68
101099,4/21/2024,North America,Enterprise Cloud Software,9078.96,1320.38,410.52
101100,4/21/2024,North America,Edge Hardware Platforms,27586.49,11065.99,3336.33
101101,4/21/2024,North America,Edge Hardware Platforms,25035.89,10191.34,2831.66
101102,4/21/2024,North America,Enterprise Cloud Software,10926.96,1745.59,585.5
101103,4/21/2024,Europe,Edge Hardware Platforms,28937.6,11054.56,3401.65
101104,4/21/2024,APAC,Edge Hardware Platforms,28277.53,12399.23,3503.12
101105,4/21/2024,APAC,Edge Hardware Platforms,23990.69,9225.73,2623.87
101106,4/22/2024,North America,Edge Hardware Platforms,10795.94,4402.74,1391.3
101107,4/22/2024,APAC,Edge Hardware Platforms,19186.07,7025.12,2380.96
101108,4/22/2024,APAC,Enterprise Cloud Software,9213.01,1475.6,495.39
101109,4/22/2024,North America,Edge Hardware Platforms,13849.86,5098.83,1798.64
101110,4/22/2024,APAC,Edge Hardware Platforms,10975.33,4691.93,1300.72
101111,4/22/2024,North America,Edge Hardware Platforms,11827.06,4973.65,1442.65
101112,4/22/2024,North America,Enterprise Cloud Software,6842.49,935.44,348.13
101113,4/22/2024,APAC,Enterprise Cloud Software,5490.05,835.49,292.04
101114,4/22/2024,North America,Edge Hardware Platforms,21926.93,8374.71,2382.11
101115,4/23/2024,North America,SaaS Subscriptions,6293.72,652.9,135.77
101116,4/23/2024,Europe,Enterprise Cloud Software,11938.63,1721.24,627.88
101117,4/23/2024,Europe,Enterprise Cloud Software,10128.35,1471.64,489.05
101118,4/23/2024,Europe,Edge Hardware Platforms,25537.87,9338.26,3162.85
101119,4/23/2024,APAC,Edge Hardware Platforms,19944.58,8696.33,2297.59
101120,4/23/2024,North America,Edge Hardware Platforms,10660.24,4651.22,1205.01
101121,4/23/2024,APAC,Edge Hardware Platforms,14354.58,5881.04,1566.86
101122,4/24/2024,North America,SaaS Subscriptions,7856.52,742.01,147.96
101123,4/24/2024,APAC,Enterprise Cloud Software,13950.77,2123.56,676.72
101124,4/24/2024,APAC,Edge Hardware Platforms,28232.66,12259.78,3161.21
101125,4/24/2024,North America,SaaS Subscriptions,7436.83,677.56,158.64
101126,4/24/2024,Europe,Enterprise Cloud Software,13787.47,1942.65,751.04
101127,4/25/2024,APAC,Enterprise Cloud Software,14683.27,2181.74,799.61
101128,4/25/2024,Europe,Edge Hardware Platforms,13766.05,5290.28,1517.46
101129,4/25/2024,North America,Enterprise Cloud Software,9229.44,1466.26,428.37
101130,4/25/2024,North America,Edge Hardware Platforms,13943.66,5128.6,1561.75
101131,4/25/2024,APAC,SaaS Subscriptions,4124.39,425.29,83.1
101132,4/25/2024,Europe,Edge Hardware Platforms,22574.68,8607.46,2459.2
101133,4/26/2024,Europe,Edge Hardware Platforms,12811.84,5047.64,1488.76
101134,4/26/2024,North America,Enterprise Cloud Software,9670.18,1504.39,457.04
101135,4/26/2024,North America,SaaS Subscriptions,3650.15,344.84,78.22
101136,4/26/2024,APAC,Edge Hardware Platforms,19784.78,7467.17,2173.94
101137,4/26/2024,Europe,Enterprise Cloud Software,9492.75,1549.36,517.62
101138,4/26/2024,North America,Edge Hardware Platforms,19481.53,8378.13,2230.91
101139,4/26/2024,North America,Enterprise Cloud Software,8495.23,1227.32,449.51
101140,4/26/2024,Europe,Enterprise Cloud Software,9577.44,1320.41,517
101141,4/26/2024,APAC,SaaS Subscriptions,7211.32,674.11,131.14
101142,4/27/2024,APAC,Enterprise Cloud Software,13196.77,2177.21,621.76
101143,4/27/2024,North America,Edge Hardware Platforms,29308.97,12698.56,3519.1
101144,4/27/2024,APAC,Enterprise Cloud Software,14774.38,2421.97,689.04
101145,4/27/2024,North America,Enterprise Cloud Software,7717.18,1230.73,376.47
101146,4/27/2024,North America,Edge Hardware Platforms,29627.67,12158.45,3495.71
101147,4/27/2024,North America,SaaS Subscriptions,6925.09,662.24,126.59
101148,4/27/2024,North America,Enterprise Cloud Software,10807.69,1760.17,540.03
101149,4/27/2024,APAC,Edge Hardware Platforms,24171.67,10117.05,2711.46
101150,4/27/2024,North America,Edge Hardware Platforms,11413.93,4439.14,1379.2
101151,4/27/2024,APAC,Edge Hardware Platforms,26321.14,10385.41,3345.77
101152,4/27/2024,Europe,SaaS Subscriptions,4465.66,455.88,91.64
101153,4/27/2024,Europe,Enterprise Cloud Software,5935.59,804.27,318.95
101154,4/27/2024,North America,Enterprise Cloud Software,12360.35,1787.31,618.76
101155,4/27/2024,North America,SaaS Subscriptions,7109.49,762.68,139.54
101156,4/28/2024,Europe,SaaS Subscriptions,5792.72,571.78,116.44
101157,4/28/2024,North America,Edge Hardware Platforms,24928.4,9264.43,3217.55
101158,4/28/2024,North America,SaaS Subscriptions,4297.42,402.06,83.4
101159,4/28/2024,Europe,Enterprise Cloud Software,10782.18,1648.91,564.87
101160,4/28/2024,North America,Edge Hardware Platforms,11058.15,4601.2,1209.07
101161,4/28/2024,APAC,Edge Hardware Platforms,20147.8,7964.83,2239.15
101162,4/28/2024,North America,SaaS Subscriptions,7426.72,668.52,151.33
101163,4/28/2024,Europe,Edge Hardware Platforms,11633.6,4390.73,1326.33
101164,4/28/2024,APAC,Edge Hardware Platforms,19736.56,8581.29,2433.32
101165,4/28/2024,APAC,Edge Hardware Platforms,12988.73,5642.24,1545.77
101166,4/28/2024,North America,Edge Hardware Platforms,11016.05,4378.48,1415.29
101167,4/28/2024,APAC,SaaS Subscriptions,2751.38,268.65,49.84
101168,4/29/2024,Europe,Enterprise Cloud Software,10858.08,1501.5,593.48
101169,4/29/2024,North America,Edge Hardware Platforms,14909.09,6223.13,1888.14
101170,4/29/2024,Europe,Edge Hardware Platforms,27849.38,10200.95,3228.91
101171,4/29/2024,North America,SaaS Subscriptions,4336.34,453.81,89.93
101172,4/29/2024,North America,Enterprise Cloud Software,7812.85,1151.1,369.89
101173,4/29/2024,North America,SaaS Subscriptions,7793.66,754.67,150.84
101174,4/29/2024,North America,Edge Hardware Platforms,26508.8,9854.08,2964.53
101175,4/29/2024,APAC,Edge Hardware Platforms,10897.21,4465.72,1257.69
101176,4/29/2024,North America,Edge Hardware Platforms,26218.7,10278.48,3427.61
101177,4/29/2024,Europe,Edge Hardware Platforms,19677.55,8496.82,2553.88
101178,4/29/2024,North America,SaaS Subscriptions,6953.21,735.83,130.75
101179,4/29/2024,APAC,SaaS Subscriptions,3734.9,407.27,67.97
101180,4/29/2024,North America,Edge Hardware Platforms,21515.85,8856.18,2332.47
101181,4/29/2024,APAC,Enterprise Cloud Software,6430.62,870.84,325.83
101182,4/29/2024,APAC,Edge Hardware Platforms,26453.15,9551.24,3201.05
101183,4/30/2024,Europe,Enterprise Cloud Software,11844.35,1777.8,623.62
101184,4/30/2024,Europe,Enterprise Cloud Software,11482.57,1609.53,616.89
101185,4/30/2024,Europe,Enterprise Cloud Software,14623.38,2201.56,668.71
101186,4/30/2024,Europe,Enterprise Cloud Software,13036.93,2079.84,714.29
101187,4/30/2024,Europe,Edge Hardware Platforms,25069.51,9290.7,3036.57
101188,4/30/2024,Europe,Enterprise Cloud Software,9179.84,1474.27,491.69
101189,4/30/2024,North America,Enterprise Cloud Software,7626.95,1229.79,353.04
101190,4/30/2024,Europe,Enterprise Cloud Software,11231.38,1636.21,594.02
101191,5/1/2024,North America,Enterprise Cloud Software,8200.57,1294.82,434.81
101192,5/1/2024,North America,Edge Hardware Platforms,10890.18,4172.36,1294.09
101193,5/1/2024,North America,Edge Hardware Platforms,27063.52,11001.47,2974.13
101194,5/1/2024,North America,Edge Hardware Platforms,17229.74,6697.17,2079.67
101195,5/1/2024,Europe,Edge Hardware Platforms,16819.33,7138.75,1953.17
101196,5/1/2024,North America,Edge Hardware Platforms,21758.05,9459.6,2729.01
101197,5/1/2024,APAC,SaaS Subscriptions,5627.44,565.87,113.84
101198,5/1/2024,APAC,Edge Hardware Platforms,12125.32,5120.21,1359.16
101199,5/2/2024,North America,Edge Hardware Platforms,20882.17,8439.26,2433.97
101200,5/2/2024,Europe,SaaS Subscriptions,4264.09,405.79,80.91
101201,5/2/2024,Europe,Edge Hardware Platforms,14119.76,5884.32,1532.1
101202,5/2/2024,Europe,Edge Hardware Platforms,16774.66,6795.4,1894.19
101203,5/2/2024,Europe,Enterprise Cloud Software,13525.43,1906.35,726.91
101204,5/3/2024,Europe,Enterprise Cloud Software,7817.97,1118.17,392.4
101205,5/3/2024,North America,Enterprise Cloud Software,6236.91,951.12,326.49
101206,5/3/2024,North America,Enterprise Cloud Software,6272.25,1018.87,313.21
101207,5/3/2024,Europe,Enterprise Cloud Software,12286.37,1853.3,577.72
101208,5/3/2024,North America,Edge Hardware Platforms,26743.24,11478.83,3275.2
101209,5/3/2024,Europe,Enterprise Cloud Software,10881.26,1686.69,511.5
101210,5/3/2024,APAC,Enterprise Cloud Software,8134.77,1249.64,417.99
101211,5/3/2024,Europe,Enterprise Cloud Software,13494.64,2037.49,670.86
101212,5/3/2024,APAC,Edge Hardware Platforms,12360.12,5197.72,1363.15
101213,5/3/2024,North America,Edge Hardware Platforms,29871.56,11171.69,3708.36
101214,5/3/2024,North America,Edge Hardware Platforms,20107.07,8332.32,2269.46
101215,5/3/2024,Europe,SaaS Subscriptions,5993.9,598.61,130.02
101216,5/3/2024,North America,Edge Hardware Platforms,27774.93,10136.02,3299.7
101217,5/3/2024,North America,Edge Hardware Platforms,22990.86,8833.31,2736.82
101218,5/4/2024,North America,SaaS Subscriptions,5071.63,509.9,102.68
101219,5/4/2024,North America,Enterprise Cloud Software,8188.17,1251.19,385.67
101220,5/4/2024,North America,SaaS Subscriptions,2131.89,226.1,45.09
101221,5/4/2024,North America,Enterprise Cloud Software,6456.29,1006.68,332.03
101222,5/4/2024,APAC,SaaS Subscriptions,6151.56,572.82,116.72
101223,5/5/2024,APAC,Edge Hardware Platforms,10025.36,4326.15,1208.27
101224,5/5/2024,North America,Edge Hardware Platforms,28533.31,11376.1,3297.69
101225,5/5/2024,APAC,Edge Hardware Platforms,27775.05,11537.79,3162.04
101226,5/5/2024,APAC,Enterprise Cloud Software,7679.43,1156.57,389.02
101227,5/5/2024,North America,Edge Hardware Platforms,17232.15,6763.85,2195.8
101228,5/5/2024,North America,Enterprise Cloud Software,6764.4,1107.18,309.16
101229,5/5/2024,North America,Edge Hardware Platforms,19865.62,7157.92,2384.43
101230,5/5/2024,North America,SaaS Subscriptions,2954.95,286.88,58.15
101231,5/5/2024,North America,Edge Hardware Platforms,14310.26,5404.78,1795.95
101232,5/5/2024,Europe,Edge Hardware Platforms,13384.06,5019.05,1448.87
101233,5/5/2024,North America,Edge Hardware Platforms,27837.46,10661,3225.41
101234,5/5/2024,North America,Edge Hardware Platforms,10744.43,4656.72,1333.97
101235,5/5/2024,APAC,SaaS Subscriptions,4837.94,485.7,90.77
101236,5/6/2024,APAC,Edge Hardware Platforms,29628.43,10897.04,3415.38
101237,5/6/2024,Europe,Edge Hardware Platforms,28567.45,10434.26,3461.97
101238,5/6/2024,Europe,Edge Hardware Platforms,15113.32,5881.58,1938.26
101239,5/6/2024,North America,SaaS Subscriptions,5375.93,565.78,112.11
101240,5/6/2024,North America,Edge Hardware Platforms,27354.46,10793.23,3588.86
101241,5/6/2024,Europe,Enterprise Cloud Software,8894.35,1454.68,428.68
101242,5/7/2024,Europe,Enterprise Cloud Software,11720.53,1829.16,570.99
101243,5/7/2024,North America,Edge Hardware Platforms,10434,4283.11,1167.84
101244,5/7/2024,Europe,Edge Hardware Platforms,10270.27,3995.44,1257.35
101245,5/7/2024,APAC,SaaS Subscriptions,4903.1,512.71,94.46
101246,5/7/2024,North America,Enterprise Cloud Software,10619.48,1533.85,486.84
101247,5/7/2024,Europe,Edge Hardware Platforms,17199.85,6297.52,2033.56
101248,5/7/2024,Europe,Edge Hardware Platforms,16308.33,6761.56,2102.4
101249,5/7/2024,North America,SaaS Subscriptions,4318.21,411.72,85.01
101250,5/8/2024,North America,Edge Hardware Platforms,25248.89,10908.15,3129.74
101251,5/8/2024,North America,Edge Hardware Platforms,22708.56,9638.9,2902.29
101252,5/8/2024,APAC,Edge Hardware Platforms,23957.29,9138.75,3161.98
101253,5/8/2024,North America,Enterprise Cloud Software,6488.09,1026.91,320.95
101254,5/8/2024,Europe,SaaS Subscriptions,7517.81,723.39,141.61
101255,5/8/2024,APAC,SaaS Subscriptions,5249.58,538.55,99.89
101256,5/8/2024,APAC,Edge Hardware Platforms,20070.27,7321.81,2608.78
101257,5/8/2024,Europe,Enterprise Cloud Software,11063.86,1718.48,556.04
101258,5/8/2024,Europe,Edge Hardware Platforms,28955.39,10548.33,3201.02
101259,5/8/2024,North America,Edge Hardware Platforms,22911.92,9883.39,2877.49
101260,5/8/2024,Europe,SaaS Subscriptions,3596.65,383.63,70.88
101261,5/9/2024,Europe,Edge Hardware Platforms,23868.02,10484.06,2736.93
101262,5/9/2024,Europe,Edge Hardware Platforms,18812.06,8062.02,2340.62
101263,5/9/2024,APAC,Enterprise Cloud Software,13733.61,1878.66,740.05
101264,5/9/2024,North America,Edge Hardware Platforms,20241.77,8810.34,2209.32
101265,5/9/2024,North America,SaaS Subscriptions,4376.33,411.3,86.21
101266,5/9/2024,North America,SaaS Subscriptions,6571.61,657.83,144.27
101267,5/9/2024,Europe,Enterprise Cloud Software,7622.74,1128.79,354.98
101268,5/9/2024,APAC,Edge Hardware Platforms,15365.74,6257.92,1925.55
101269,5/9/2024,APAC,SaaS Subscriptions,5091.15,537.08,103.09
101270,5/9/2024,Europe,Enterprise Cloud Software,6261.38,944.75,298.6
101271,5/9/2024,North America,Edge Hardware Platforms,10649.73,4341.07,1287.99
101272,5/9/2024,APAC,Edge Hardware Platforms,11272.03,4555.42,1444.92
101273,5/10/2024,North America,Enterprise Cloud Software,9991.7,1528.91,455.87
101274,5/10/2024,Europe,Enterprise Cloud Software,11852.01,1949.14,615.25
101275,5/10/2024,APAC,SaaS Subscriptions,4920.51,511.96,105.34
101276,5/10/2024,North America,Enterprise Cloud Software,14465.99,2268.11,682.75
101277,5/10/2024,Europe,Edge Hardware Platforms,20941.26,8627.72,2640.49
101278,5/10/2024,Europe,Edge Hardware Platforms,24992.29,10451.9,3076.97
101279,5/10/2024,North America,Edge Hardware Platforms,29408.77,10851.57,3365.66
101280,5/10/2024,Europe,SaaS Subscriptions,2982.05,284.9,54.46
101281,5/10/2024,Europe,Enterprise Cloud Software,8886.75,1318,479.11
101282,5/10/2024,Europe,Enterprise Cloud Software,10243.15,1678.74,523.19
101283,5/10/2024,APAC,SaaS Subscriptions,2215.79,228.6,42.43
101284,5/11/2024,North America,Edge Hardware Platforms,28463.37,10717.35,3671.17
101285,5/11/2024,North America,Enterprise Cloud Software,13546.75,2085.07,710.83
101286,5/11/2024,North America,Edge Hardware Platforms,24744.38,10149.78,2952.52
101287,5/11/2024,APAC,Edge Hardware Platforms,28155.02,11779.54,3537.71
101288,5/11/2024,North America,Edge Hardware Platforms,27167.39,10285.8,3009.39
101289,5/11/2024,North America,Enterprise Cloud Software,14252.88,2295.27,712.6
101290,5/11/2024,North America,Edge Hardware Platforms,22468.23,9833.09,2727.98
101291,5/11/2024,North America,Edge Hardware Platforms,29585.27,12298.86,3672.34
101292,5/11/2024,North America,Edge Hardware Platforms,25005.44,9636.67,2990.88
101293,5/11/2024,North America,Enterprise Cloud Software,5258.96,754.96,265.79
101294,5/11/2024,North America,Enterprise Cloud Software,13814.1,2110.93,705.61
101295,5/11/2024,Europe,Edge Hardware Platforms,13798.66,5871.33,1528.9
101296,5/11/2024,Europe,Edge Hardware Platforms,24950.26,10079.44,2965.5
101297,5/12/2024,APAC,Enterprise Cloud Software,12068.04,1962.28,575.73
101298,5/12/2024,North America,Edge Hardware Platforms,27634.18,12030.61,3474.98
101299,5/12/2024,North America,Edge Hardware Platforms,18206.07,7239.75,1987.73
101300,5/12/2024,North America,Edge Hardware Platforms,19079.18,7328.94,2236.39
101301,5/12/2024,APAC,Edge Hardware Platforms,15446.31,5705.87,1761.62
101302,5/12/2024,APAC,Edge Hardware Platforms,20669.6,8427.23,2413.89
101303,5/12/2024,APAC,Edge Hardware Platforms,12334.96,4567.95,1491.11
101304,5/12/2024,APAC,Edge Hardware Platforms,27390.82,11535.03,3121.12
101305,5/12/2024,North America,Enterprise Cloud Software,12284.94,1732.05,598.43
101306,5/12/2024,Europe,Edge Hardware Platforms,12264.62,4813.98,1467.36
101307,5/12/2024,Europe,SaaS Subscriptions,3030.07,321.66,62.94
101308,5/12/2024,Europe,Edge Hardware Platforms,18240.35,6768.48,2261.41
101309,5/13/2024,APAC,Enterprise Cloud Software,9564.13,1466.09,454.86
101310,5/13/2024,Europe,Edge Hardware Platforms,14534.68,5932.45,1813.04
101311,5/13/2024,North America,Edge Hardware Platforms,15261.6,6378.6,1717.68
101312,5/13/2024,APAC,Edge Hardware Platforms,13960.06,5514.81,1644.63
101313,5/13/2024,Europe,Edge Hardware Platforms,20423.47,7597.17,2237.88
101314,5/13/2024,Europe,Edge Hardware Platforms,17180.02,7295.82,2015.45
101315,5/14/2024,North America,Enterprise Cloud Software,14326.4,2103.64,758.25
101316,5/14/2024,North America,Edge Hardware Platforms,27466.22,9979.34,3513.9
101317,5/14/2024,Europe,Edge Hardware Platforms,20463.16,8798.3,2231.35
101318,5/14/2024,North America,SaaS Subscriptions,6514.07,588.57,130.72
101319,5/14/2024,Europe,Edge Hardware Platforms,15947.87,6611,1801.9
101320,5/14/2024,APAC,SaaS Subscriptions,4491.57,429.71,85.95
101321,5/14/2024,Europe,Edge Hardware Platforms,17177.37,7022.17,2012.84
101322,5/14/2024,North America,Enterprise Cloud Software,5039.14,714.63,247.24
101323,5/14/2024,APAC,Edge Hardware Platforms,15343.31,5823.76,1740.79
101324,5/14/2024,North America,Edge Hardware Platforms,18773.36,7086.23,2086.3
101325,5/14/2024,North America,Enterprise Cloud Software,12053.56,1715.33,598.89
101326,5/15/2024,APAC,SaaS Subscriptions,6474.4,587.25,131.43
101327,5/15/2024,APAC,Enterprise Cloud Software,10496.85,1687.19,522.12
101328,5/15/2024,North America,Enterprise Cloud Software,9166.36,1280.08,473.39
101329,5/15/2024,Europe,Enterprise Cloud Software,13885.33,2058.6,644.67
101330,5/15/2024,APAC,Edge Hardware Platforms,22785.91,9758.69,2864.12
101331,5/16/2024,Europe,Enterprise Cloud Software,14928.32,2198,714.68
101332,5/16/2024,Europe,Edge Hardware Platforms,11729.15,4223.83,1393.31
101333,5/16/2024,APAC,Edge Hardware Platforms,29984.15,11482.36,3440.11
101334,5/16/2024,North America,Enterprise Cloud Software,7851.87,1246.76,424.45
101335,5/16/2024,APAC,Enterprise Cloud Software,13812.98,2000.78,637.17
101336,5/16/2024,APAC,Edge Hardware Platforms,13294.62,5243.22,1527.47
101337,5/16/2024,Europe,Edge Hardware Platforms,29785.6,10853.26,3470.63
101338,5/16/2024,Europe,Edge Hardware Platforms,16318.72,6826.76,2105.02
101339,5/16/2024,APAC,SaaS Subscriptions,7103.48,717.53,151.33
101340,5/16/2024,North America,Edge Hardware Platforms,16338.26,6492.68,1876.51
101341,5/16/2024,APAC,Edge Hardware Platforms,11960.89,4810.02,1308.17
101342,5/16/2024,North America,Enterprise Cloud Software,9643.5,1427.21,511.08
101343,5/16/2024,Europe,Edge Hardware Platforms,16674.08,6424.81,2110.54
101344,5/16/2024,North America,Enterprise Cloud Software,12955.44,1934.43,599.95
101345,5/17/2024,Europe,SaaS Subscriptions,5585.68,593.14,118.42
101346,5/17/2024,APAC,Edge Hardware Platforms,24954.01,9450.79,2730.92
101347,5/17/2024,Europe,Enterprise Cloud Software,14621.96,2101.14,782.71
101348,5/17/2024,North America,Edge Hardware Platforms,28703.17,11167.42,3368.8
101349,5/17/2024,North America,Edge Hardware Platforms,15776.79,6418.76,1927.8
101350,5/17/2024,Europe,Edge Hardware Platforms,20289.05,7841.3,2599
101351,5/17/2024,North America,Edge Hardware Platforms,18025.05,7722.04,2133.55
101352,5/17/2024,North America,Edge Hardware Platforms,22048.82,8126.75,2650.18
101353,5/18/2024,APAC,Edge Hardware Platforms,11438.13,4949.51,1498.24
101354,5/18/2024,North America,Edge Hardware Platforms,16067.29,6289.17,1804.54
101355,5/18/2024,Europe,SaaS Subscriptions,5018.44,459.98,102.78
101356,5/18/2024,North America,SaaS Subscriptions,4608.07,432.5,86.47
101357,5/18/2024,APAC,Enterprise Cloud Software,12672.33,1789.04,611.02
101358,5/18/2024,Europe,SaaS Subscriptions,7590.39,714.54,147.5
101359,5/18/2024,North America,Edge Hardware Platforms,19211.65,8300.6,2503.66
101360,5/18/2024,North America,Edge Hardware Platforms,27924.72,11855.07,3018.32
101361,5/18/2024,North America,Edge Hardware Platforms,14594.33,5486.97,1589.42
101362,5/18/2024,Europe,Enterprise Cloud Software,5523.47,783.94,292.85
101363,5/18/2024,APAC,Edge Hardware Platforms,18321.41,8028.96,2066.9
101364,5/18/2024,North America,Enterprise Cloud Software,6727.57,984.79,364.02
101365,5/18/2024,Europe,Edge Hardware Platforms,28688.22,10438.99,3243.11
101366,5/19/2024,APAC,Edge Hardware Platforms,23123.58,9031.58,2653.73
101367,5/19/2024,Europe,SaaS Subscriptions,5924.47,593.82,110.41
101368,5/19/2024,North America,Edge Hardware Platforms,10986.99,4455.74,1287.52
101369,5/19/2024,APAC,Edge Hardware Platforms,21859.65,8809.76,2363.31
101370,5/19/2024,North America,Enterprise Cloud Software,13822.35,1926.98,720.27
101371,5/19/2024,APAC,Edge Hardware Platforms,14858.91,6428.99,1637.97
101372,5/19/2024,Europe,SaaS Subscriptions,5847.59,574.66,112.11
101373,5/19/2024,North America,Edge Hardware Platforms,16380.88,7166.92,2135.97
101374,5/20/2024,North America,Enterprise Cloud Software,13425.55,1958.32,692.82
101375,5/20/2024,Europe,Enterprise Cloud Software,11016.87,1507.33,541.3
101376,5/20/2024,Europe,Edge Hardware Platforms,24973.44,10644.53,3159.39
101377,5/20/2024,North America,Enterprise Cloud Software,10366.08,1690.13,553.03
101378,5/20/2024,APAC,Edge Hardware Platforms,18588.96,7392.02,2077.82
101379,5/20/2024,North America,SaaS Subscriptions,3444.28,326.51,63.15
101380,5/21/2024,Europe,Edge Hardware Platforms,28231.54,10943.95,3470.11
101381,5/21/2024,North America,Enterprise Cloud Software,13312.46,2103.41,645.74
101382,5/21/2024,North America,Edge Hardware Platforms,10004.82,3794.82,1130.52
101383,5/21/2024,North America,SaaS Subscriptions,3678.04,345.11,73.62
101384,5/21/2024,APAC,Enterprise Cloud Software,5785.36,842.88,303.6
101385,5/21/2024,Europe,SaaS Subscriptions,7757.55,821.16,158.37
101386,5/21/2024,Europe,Enterprise Cloud Software,14843.22,2174.6,690.54
101387,5/21/2024,Europe,Enterprise Cloud Software,10857.78,1656.93,537
101388,5/22/2024,APAC,Enterprise Cloud Software,13629.64,1948.77,693.86
101389,5/22/2024,Europe,Enterprise Cloud Software,14327.71,1967.91,743.35
101390,5/22/2024,APAC,Edge Hardware Platforms,12709.89,5030.65,1625.67
101391,5/22/2024,North America,Edge Hardware Platforms,15455.88,6137.28,1998.57
101392,5/22/2024,Europe,Edge Hardware Platforms,18079.53,7174.13,1959.17
101393,5/22/2024,North America,Edge Hardware Platforms,22675.94,8979.77,2632.85
101394,5/23/2024,Europe,Enterprise Cloud Software,6829.23,996.74,336.85
101395,5/23/2024,Europe,Enterprise Cloud Software,10036.92,1409.97,509.27
101396,5/23/2024,Europe,Edge Hardware Platforms,24765.91,9580.66,3129.48
101397,5/23/2024,Europe,Edge Hardware Platforms,22962.04,8300.06,2840.31
101398,5/23/2024,Europe,Edge Hardware Platforms,11715.89,4302.95,1524.91
101399,5/23/2024,Europe,Enterprise Cloud Software,8567.23,1308.85,457.11
101400,5/23/2024,North America,Enterprise Cloud Software,13897.49,1879.98,653.38
101401,5/23/2024,APAC,Edge Hardware Platforms,15233.43,5565.68,1655.52
101402,5/23/2024,North America,SaaS Subscriptions,4495.48,469.36,97.43
101403,5/23/2024,Europe,Enterprise Cloud Software,10171.18,1650.2,539.52
101404,5/23/2024,North America,Edge Hardware Platforms,21437.95,9273.99,2378.32
101405,5/23/2024,Europe,SaaS Subscriptions,4460.14,444.41,81.54
101406,5/24/2024,Europe,Enterprise Cloud Software,12523.35,2033.14,632.95
101407,5/24/2024,Europe,Edge Hardware Platforms,10101.58,4378.23,1138.84
101408,5/24/2024,APAC,Edge Hardware Platforms,25485.02,10512.47,3040.87
101409,5/24/2024,Europe,Enterprise Cloud Software,11239.6,1728.46,605.95
101410,5/24/2024,Europe,Enterprise Cloud Software,8061.96,1246.93,382.08
101411,5/25/2024,APAC,Enterprise Cloud Software,13227.6,1991.41,656.33
101412,5/25/2024,North America,Edge Hardware Platforms,24597.78,9663.84,3028.02
101413,5/25/2024,Europe,Edge Hardware Platforms,11039.32,4733.44,1313.66
101414,5/25/2024,North America,Enterprise Cloud Software,9830.14,1588.6,479.55
101415,5/25/2024,Europe,Enterprise Cloud Software,9760.57,1608.06,514.42
101416,5/25/2024,North America,Edge Hardware Platforms,14672.5,5762.84,1859.33
101417,5/25/2024,APAC,Enterprise Cloud Software,14222.23,2172.83,694.03
101418,5/25/2024,Europe,Edge Hardware Platforms,21197.81,8456.07,2546.25
101419,5/25/2024,North America,SaaS Subscriptions,5250.56,486.32,110.6
101420,5/26/2024,North America,Edge Hardware Platforms,22718.79,9769.06,2498.74
101421,5/26/2024,APAC,Enterprise Cloud Software,9906.94,1467.8,521.14
101422,5/26/2024,Europe,SaaS Subscriptions,7415.2,796.71,135.59
101423,5/26/2024,APAC,Edge Hardware Platforms,12070.26,4449.02,1332.89
101424,5/26/2024,North America,Edge Hardware Platforms,29467.89,11642.61,3564.97
101425,5/26/2024,APAC,Enterprise Cloud Software,13584.7,2056.61,688.67
101426,5/26/2024,North America,Edge Hardware Platforms,11462.85,4827.83,1316.31
101427,5/26/2024,APAC,Edge Hardware Platforms,12856.48,5344.06,1439.28
101428,5/26/2024,APAC,SaaS Subscriptions,6677.32,603.96,136.21
101429,5/26/2024,Europe,SaaS Subscriptions,2336.01,232.67,47.05
101430,5/26/2024,North America,Edge Hardware Platforms,18804.43,8023.04,2450.33
101431,5/26/2024,Europe,Edge Hardware Platforms,15080.62,6613.92,1984.5
101432,5/27/2024,Europe,Enterprise Cloud Software,6904.13,1070.82,310.71
101433,5/27/2024,APAC,Enterprise Cloud Software,6914.9,1013.64,344.7
101434,5/27/2024,North America,Edge Hardware Platforms,29278.32,12042.95,3178.52
101435,5/27/2024,Europe,SaaS Subscriptions,3808.74,349.99,80.11
101436,5/27/2024,Europe,Edge Hardware Platforms,11071.53,4110.19,1361.15
101437,5/27/2024,North America,Edge Hardware Platforms,20897.63,7997.12,2732.62
101438,5/27/2024,APAC,Edge Hardware Platforms,11559.88,4259.7,1385.18
101439,5/27/2024,North America,SaaS Subscriptions,2951.12,294.37,57.42
101440,5/27/2024,Europe,Enterprise Cloud Software,9303.16,1332.6,501.23
101441,5/28/2024,North America,Edge Hardware Platforms,19600.37,7687.1,2188.09
101442,5/28/2024,Europe,Edge Hardware Platforms,15280.26,5507.49,1895.43
101443,5/28/2024,APAC,Edge Hardware Platforms,12398.44,4781.57,1597.21
101444,5/28/2024,North America,Edge Hardware Platforms,18053.42,6799.41,2302.2
101445,5/28/2024,Europe,Edge Hardware Platforms,14726.73,5416.91,1794.13
101446,5/28/2024,Europe,Enterprise Cloud Software,5562.47,764.4,305.53
101447,5/28/2024,APAC,SaaS Subscriptions,3170.33,346.24,58.87
101448,5/28/2024,Europe,SaaS Subscriptions,4098.82,403.72,75.88
101449,5/29/2024,Europe,Edge Hardware Platforms,24132.85,10503.85,2797.09
101450,5/29/2024,North America,Edge Hardware Platforms,20889.23,7801.61,2637.29
101451,5/29/2024,APAC,SaaS Subscriptions,3182.64,342.16,66.26
101452,5/29/2024,Europe,Edge Hardware Platforms,26992,10753.9,3156.9
101453,5/29/2024,Europe,Edge Hardware Platforms,13781.55,5954.63,1711.4
101454,5/29/2024,Europe,Enterprise Cloud Software,11041.74,1530.7,505.57
101455,5/29/2024,Europe,Edge Hardware Platforms,21776.21,7994.87,2577.07
101456,5/30/2024,APAC,SaaS Subscriptions,5478.6,560.89,104.81
101457,5/30/2024,APAC,Enterprise Cloud Software,8486.02,1329.37,388.67
101458,5/30/2024,North America,Edge Hardware Platforms,21199.87,8885.17,2703.04
101459,5/30/2024,North America,Enterprise Cloud Software,11896.39,1713.58,609.81
101460,5/30/2024,North America,Edge Hardware Platforms,20088.49,8172.12,2416.97
101461,5/30/2024,Europe,Edge Hardware Platforms,11423.6,4194.31,1352.68
101462,5/30/2024,North America,Edge Hardware Platforms,16096.76,6680.68,2072.22
101463,5/30/2024,North America,Enterprise Cloud Software,6161.81,945.76,304.63
101464,5/30/2024,North America,Edge Hardware Platforms,12969.66,5244.2,1564.81
101465,5/30/2024,Europe,Enterprise Cloud Software,13878.73,2166.33,654.54
101466,5/30/2024,North America,Edge Hardware Platforms,26351.31,11263.5,3175.09
101467,5/30/2024,APAC,Enterprise Cloud Software,5351.75,868.88,282.32
101468,5/31/2024,North America,Edge Hardware Platforms,16793.21,6996.65,2038.33
101469,5/31/2024,North America,Edge Hardware Platforms,12325.47,4966.09,1460.46
101470,5/31/2024,North America,Edge Hardware Platforms,27426.67,12065.33,3362.13
101471,5/31/2024,Europe,Enterprise Cloud Software,7570.96,1130.98,368.5
101472,5/31/2024,APAC,Edge Hardware Platforms,17468.89,6824.79,2237.4
101473,6/1/2024,APAC,Edge Hardware Platforms,15828.3,6123.86,1826.64
101474,6/1/2024,North America,Edge Hardware Platforms,23976.67,10269.43,2670.14
101475,6/1/2024,Europe,Enterprise Cloud Software,5950.94,813.06,310.97
101476,6/1/2024,North America,Edge Hardware Platforms,14992.49,6450.02,1911.78
101477,6/1/2024,APAC,SaaS Subscriptions,7599.98,814.53,157.88
101478,6/1/2024,North America,Enterprise Cloud Software,7127.27,1091.24,356.62
101479,6/1/2024,APAC,SaaS Subscriptions,4429.16,443.48,96.94
101480,6/1/2024,North America,Edge Hardware Platforms,14504.8,6012.48,1654.81
101481,6/1/2024,APAC,Edge Hardware Platforms,13718.67,5184.96,1644.22
101482,6/1/2024,APAC,Edge Hardware Platforms,19766.19,7649.86,2395.32
101483,6/1/2024,Europe,Edge Hardware Platforms,16492.18,6888.66,2041.52
101484,6/2/2024,APAC,Edge Hardware Platforms,24467.89,9344.86,3139.31
101485,6/2/2024,Europe,Enterprise Cloud Software,8841.61,1415.35,411.01
101486,6/2/2024,Europe,Edge Hardware Platforms,10732.59,4031.8,1372.07
101487,6/2/2024,APAC,Enterprise Cloud Software,13748.97,2174.45,676.16
101488,6/2/2024,Europe,SaaS Subscriptions,4753.82,450.51,103.48
101489,6/2/2024,Europe,Enterprise Cloud Software,10726.83,1609.21,574.48
101490,6/2/2024,Europe,Enterprise Cloud Software,11756.44,1778.48,556.44
101491,6/2/2024,Europe,SaaS Subscriptions,2171.43,222.83,42.12
101492,6/2/2024,North America,Edge Hardware Platforms,16840.45,7183.78,1929.83
101493,6/2/2024,Europe,Enterprise Cloud Software,14513.96,2230.35,755.7
101494,6/2/2024,North America,Edge Hardware Platforms,14475.57,6291.12,1732.94
101495,6/2/2024,Europe,Edge Hardware Platforms,17422.12,7275.62,2164.24
101496,6/3/2024,Europe,Edge Hardware Platforms,18348.97,7678.21,2211.5
101497,6/3/2024,North America,Enterprise Cloud Software,13399.98,2100.41,722.9
101498,6/3/2024,North America,SaaS Subscriptions,3256.44,293.85,71.61
101499,6/3/2024,North America,Edge Hardware Platforms,13533.65,5500.32,1755.27
101500,6/3/2024,North America,Edge Hardware Platforms,13758.07,5640.58,1596.97
101501,6/3/2024,North America,Edge Hardware Platforms,13576.82,5867.27,1595.72
101502,6/3/2024,North America,Edge Hardware Platforms,16410.72,6885.18,2154.88
101503,6/3/2024,Europe,SaaS Subscriptions,5395.18,502.53,112.02
101504,6/3/2024,Europe,Edge Hardware Platforms,27793.75,10985.06,3602.86
101505,6/3/2024,APAC,Edge Hardware Platforms,22064.44,8517.9,2903.82
101506,6/3/2024,Europe,Enterprise Cloud Software,8266.22,1270.51,376.64
101507,6/3/2024,North America,Edge Hardware Platforms,16653.8,6579.31,1903.61
101508,6/3/2024,North America,Edge Hardware Platforms,20291.42,7629.82,2347.11
101509,6/3/2024,Europe,Enterprise Cloud Software,6474.53,888.29,343.95
101510,6/3/2024,APAC,Edge Hardware Platforms,24326.51,10060.25,2905.75
101511,6/4/2024,APAC,Edge Hardware Platforms,26836.51,10303.1,3102.26
101512,6/4/2024,Europe,Enterprise Cloud Software,12264.97,1963.3,602.84
101513,6/4/2024,APAC,Enterprise Cloud Software,8222.6,1350.39,451.12
101514,6/4/2024,Europe,SaaS Subscriptions,5136.38,492.23,97.94
101515,6/4/2024,APAC,Enterprise Cloud Software,10796.32,1637.43,565.69
101516,6/4/2024,Europe,Enterprise Cloud Software,6693.96,1028.36,349.36
101517,6/4/2024,Europe,Edge Hardware Platforms,12830.42,5524.75,1565.02
101518,6/4/2024,North America,Edge Hardware Platforms,26895.83,11613.75,3075.58
101519,6/4/2024,Europe,Enterprise Cloud Software,5335.46,809.99,277.17
101520,6/4/2024,APAC,Edge Hardware Platforms,10130.51,4035.61,1097.95
101521,6/4/2024,North America,Edge Hardware Platforms,18743.44,7166.7,2286.04
101522,6/4/2024,North America,Enterprise Cloud Software,11952.58,1664.57,614.34
101523,6/4/2024,North America,Edge Hardware Platforms,13548.19,4996.18,1647.58
101524,6/4/2024,APAC,Enterprise Cloud Software,9215.54,1439.71,457.34
101525,6/4/2024,APAC,Enterprise Cloud Software,14595.94,2139.11,706.67
101526,6/5/2024,Europe,Edge Hardware Platforms,24539.56,9972.55,2745.99
101527,6/5/2024,Europe,Enterprise Cloud Software,13058.58,2150.64,636.92
101528,6/5/2024,Europe,Enterprise Cloud Software,5137.33,835.55,237.79
101529,6/5/2024,Europe,SaaS Subscriptions,7335.91,736.44,148.63
101530,6/5/2024,Europe,SaaS Subscriptions,5616.02,568.28,101.41
101531,6/5/2024,North America,Edge Hardware Platforms,28724.81,12332.58,3779.66
101532,6/5/2024,Europe,Edge Hardware Platforms,26808.01,11040.68,3113.21
101533,6/5/2024,Europe,SaaS Subscriptions,3791.29,411.26,71.73
101534,6/5/2024,Europe,Edge Hardware Platforms,24991.99,9871.53,3258.54
101535,6/5/2024,Europe,Enterprise Cloud Software,11384.55,1634.87,545.73
101536,6/6/2024,North America,SaaS Subscriptions,2146.35,218.13,43.35
101537,6/6/2024,North America,Edge Hardware Platforms,23045.28,9636.86,2489.29
101538,6/6/2024,APAC,Enterprise Cloud Software,7335.8,1048.32,332.89
101539,6/6/2024,North America,SaaS Subscriptions,3891.3,359.19,71.71
101540,6/6/2024,Europe,SaaS Subscriptions,3541.71,320.24,66.91
101541,6/6/2024,North America,Enterprise Cloud Software,9315.08,1321.79,467.24
101542,6/6/2024,North America,SaaS Subscriptions,7435.66,753.5,144.38
101543,6/6/2024,North America,Edge Hardware Platforms,24551.59,9725.65,3156.39
101544,6/6/2024,APAC,Edge Hardware Platforms,21213.89,7798.32,2393.17
101545,6/6/2024,Europe,Enterprise Cloud Software,13765.6,1923.72,682.18
101546,6/6/2024,Europe,Edge Hardware Platforms,17661.39,7586.06,2148.33
101547,6/7/2024,Europe,Enterprise Cloud Software,11802.38,1891.61,558.07
101548,6/7/2024,APAC,Enterprise Cloud Software,14127.87,1957.43,726.99
101549,6/7/2024,North America,SaaS Subscriptions,5073.8,470.37,102.92
101550,6/7/2024,Europe,Edge Hardware Platforms,27638.07,10854.88,3177.19
101551,6/7/2024,North America,Edge Hardware Platforms,18045.5,7037.24,2028.14
101552,6/7/2024,Europe,SaaS Subscriptions,3786.52,386.2,79.92
101553,6/7/2024,Europe,Edge Hardware Platforms,22217.2,9546.76,2407.69
101554,6/7/2024,Europe,Enterprise Cloud Software,8886.32,1310.55,466.24
101555,6/7/2024,North America,Edge Hardware Platforms,21283.9,8503.61,2672.51
101556,6/7/2024,North America,SaaS Subscriptions,4890.82,496.05,104.18
101557,6/7/2024,North America,Enterprise Cloud Software,12077.84,1805.52,651.78
101558,6/7/2024,APAC,Edge Hardware Platforms,18308.78,7188.7,2119.96
101559,6/7/2024,APAC,Edge Hardware Platforms,19572.9,7116.18,2259.29
101560,6/7/2024,North America,SaaS Subscriptions,2525.45,267.98,52.22
101561,6/8/2024,Europe,Enterprise Cloud Software,5023.47,715.06,260.25
101562,6/8/2024,North America,Enterprise Cloud Software,9109.61,1406.84,474.8
101563,6/8/2024,North America,Enterprise Cloud Software,14403.97,2057.17,771.09
101564,6/8/2024,APAC,Edge Hardware Platforms,13376.67,5695.04,1691.64
101565,6/8/2024,Europe,Edge Hardware Platforms,15250.17,5638.77,1833.59
101566,6/8/2024,Europe,Edge Hardware Platforms,19507.18,7589.88,2406.88
101567,6/8/2024,APAC,Enterprise Cloud Software,8814.09,1227.15,451.72
101568,6/8/2024,Europe,SaaS Subscriptions,3673.23,400.4,67.05
101569,6/8/2024,Europe,Enterprise Cloud Software,13937.74,2103.13,720.49
101570,6/8/2024,APAC,Enterprise Cloud Software,5385.92,869.11,259.33
101571,6/8/2024,North America,Edge Hardware Platforms,21966.12,7962.23,2517.26
101572,6/8/2024,North America,Edge Hardware Platforms,27902,12238.16,3440.01
101573,6/8/2024,North America,SaaS Subscriptions,5097.49,474.45,110.55
101574,6/8/2024,APAC,Edge Hardware Platforms,24183.61,9093.69,2734.3
101575,6/8/2024,Europe,Enterprise Cloud Software,9386.72,1487.42,495.99
101576,6/9/2024,North America,Edge Hardware Platforms,12739.64,5286.3,1655.12
101577,6/9/2024,Europe,Edge Hardware Platforms,29222.37,11986.77,3338.05
101578,6/9/2024,North America,Edge Hardware Platforms,24708.73,9495.06,2873.34
101579,6/9/2024,APAC,Enterprise Cloud Software,9046.45,1238.22,481.37
101580,6/9/2024,North America,Edge Hardware Platforms,11129.67,4605.77,1427.19
101581,6/9/2024,North America,Edge Hardware Platforms,18030.83,6924.54,2294.93
101582,6/9/2024,North America,Edge Hardware Platforms,14123.94,5366.93,1639.44
101583,6/10/2024,Europe,Enterprise Cloud Software,9060.82,1447.8,428.36
101584,6/10/2024,Europe,SaaS Subscriptions,4120.86,423.81,78.22
101585,6/10/2024,North America,Edge Hardware Platforms,11979.37,4572.65,1539.62
101586,6/10/2024,North America,SaaS Subscriptions,7878.41,751.33,143.1
101587,6/10/2024,Europe,Edge Hardware Platforms,12015.06,5005.5,1306.62
101588,6/10/2024,APAC,Enterprise Cloud Software,6273.12,879.93,342.53
101589,6/10/2024,Europe,SaaS Subscriptions,4385.81,424.22,83.06
101590,6/10/2024,Europe,Edge Hardware Platforms,22635.5,8614.38,2959.99
101591,6/10/2024,North America,SaaS Subscriptions,2089.14,208.13,40.39
101592,6/10/2024,Europe,Edge Hardware Platforms,18711.78,7357.24,2349.93
101593,6/10/2024,Europe,SaaS Subscriptions,3499.75,357.64,71.19
101594,6/10/2024,North America,Edge Hardware Platforms,16275.64,6043.92,1841.28
101595,6/10/2024,North America,Edge Hardware Platforms,23214.55,10122.67,2913.71
101596,6/10/2024,North America,SaaS Subscriptions,7176.05,709.47,145.99
101597,6/11/2024,North America,Edge Hardware Platforms,28268.89,11102.27,3560.68
101598,6/11/2024,North America,Enterprise Cloud Software,13073.46,2064.17,638.79
101599,6/11/2024,APAC,SaaS Subscriptions,7773.8,766.17,146.07
101600,6/11/2024,Europe,Edge Hardware Platforms,12508.84,5290.22,1356.38
101601,6/11/2024,Europe,Edge Hardware Platforms,24806.06,9550.85,3171.29
101602,6/11/2024,Europe,Edge Hardware Platforms,29786.81,12341.65,3921.1
101603,6/11/2024,North America,Edge Hardware Platforms,12157.07,4631.65,1557.73
101604,6/11/2024,North America,Edge Hardware Platforms,21342.57,8641.44,2548.46
101605,6/11/2024,APAC,Enterprise Cloud Software,8105.77,1244.01,420.77
101606,6/11/2024,Europe,SaaS Subscriptions,4492.96,440.56,81.52
101607,6/12/2024,Europe,Enterprise Cloud Software,8054.33,1276.11,391.92
101608,6/12/2024,North America,Edge Hardware Platforms,13935.18,6015.15,1540.32
101609,6/12/2024,Europe,Edge Hardware Platforms,27398.59,10140.1,3404.81
101610,6/12/2024,Europe,Edge Hardware Platforms,19828.15,8283.37,2587.69
101611,6/12/2024,North America,Enterprise Cloud Software,13057.05,1805.07,716.4
101612,6/13/2024,APAC,SaaS Subscriptions,4918.35,472.01,101.08
101613,6/13/2024,North America,Enterprise Cloud Software,12305.15,1676.08,565.39
101614,6/13/2024,North America,Enterprise Cloud Software,5689.9,938.12,272.48
101615,6/13/2024,North America,Enterprise Cloud Software,14361.26,2162.87,698.65
101616,6/13/2024,APAC,Edge Hardware Platforms,16700.17,6288.99,1955.04
101617,6/14/2024,Europe,Enterprise Cloud Software,10772,1475.51,505.35
101618,6/14/2024,Europe,SaaS Subscriptions,4263.51,440.34,81.09
101619,6/14/2024,North America,Enterprise Cloud Software,8054.13,1125.4,376.45
101620,6/14/2024,APAC,Enterprise Cloud Software,10578.1,1548.46,529.6
101621,6/14/2024,Europe,Edge Hardware Platforms,15902.18,6657.8,2049.96
101622,6/14/2024,North America,Enterprise Cloud Software,13977.96,2033.75,706.07
101623,6/14/2024,North America,Enterprise Cloud Software,10893.32,1642.21,512.31
101624,6/14/2024,Europe,Edge Hardware Platforms,21808.52,8020.16,2642.16
101625,6/14/2024,Europe,Edge Hardware Platforms,22582.35,8405.44,2823.79
101626,6/14/2024,Europe,Enterprise Cloud Software,9117.48,1321.93,471.32
101627,6/14/2024,North America,Edge Hardware Platforms,28264.12,11979.02,3677.59
101628,6/14/2024,APAC,Enterprise Cloud Software,11227.41,1654.75,601.77
101629,6/15/2024,North America,Enterprise Cloud Software,8276.55,1169.52,413.64
101630,6/15/2024,Europe,SaaS Subscriptions,2208.44,212.89,45.02
101631,6/15/2024,Europe,Edge Hardware Platforms,26313.31,9604.83,3356.83
101632,6/15/2024,Europe,Enterprise Cloud Software,13857.02,2140.59,646.23
101633,6/15/2024,North America,Enterprise Cloud Software,11087.98,1556.52,523.99
101634,6/15/2024,North America,Edge Hardware Platforms,26207.29,11105.28,2910.62
101635,6/15/2024,APAC,Edge Hardware Platforms,27950.57,11062.08,3311.78
101636,6/15/2024,APAC,Enterprise Cloud Software,10208.74,1634.33,544.15
101637,6/15/2024,APAC,Edge Hardware Platforms,14155.41,5118.91,1691.66
101638,6/15/2024,Europe,Enterprise Cloud Software,6246.97,953.2,328.86
101639,6/15/2024,APAC,Edge Hardware Platforms,25872.65,10590.11,3406.45
101640,6/15/2024,Europe,SaaS Subscriptions,7674.71,833.45,149.85
101641,6/16/2024,Europe,SaaS Subscriptions,4969.9,460.31,103.3
101642,6/16/2024,North America,Edge Hardware Platforms,11300.02,4814.09,1254.56
101643,6/16/2024,APAC,SaaS Subscriptions,4787.5,502.15,98.04
101644,6/16/2024,APAC,Edge Hardware Platforms,25716.17,10209.23,3358.1
101645,6/16/2024,Europe,Edge Hardware Platforms,25701.44,10941.78,3117.78
101646,6/16/2024,North America,Edge Hardware Platforms,29361.45,12338.82,3742.64
101647,6/16/2024,North America,Edge Hardware Platforms,22932.42,9778.44,2503.82
101648,6/16/2024,APAC,Edge Hardware Platforms,13946.28,5374.62,1600.56
101649,6/16/2024,Europe,Enterprise Cloud Software,6585.36,1049.58,305.07
101650,6/16/2024,North America,Edge Hardware Platforms,20342.42,8565.97,2415.38
101651,6/16/2024,APAC,Edge Hardware Platforms,12261.99,4567.67,1452.91
101652,6/16/2024,North America,Edge Hardware Platforms,21614.74,8452.46,2422.97
101653,6/16/2024,North America,Edge Hardware Platforms,18468.78,7409.57,2070.28
101654,6/17/2024,North America,SaaS Subscriptions,5374.27,555.79,111.85
101655,6/17/2024,North America,Edge Hardware Platforms,29124.92,12271.39,3823.21
101656,6/17/2024,Europe,Enterprise Cloud Software,5645.36,859.96,274.24
101657,6/17/2024,North America,SaaS Subscriptions,4201.96,404.82,89.92
101658,6/17/2024,APAC,Edge Hardware Platforms,26649.97,11407.85,3149.34
101659,6/17/2024,North America,Enterprise Cloud Software,10232.92,1487.07,562.52
101660,6/17/2024,APAC,Edge Hardware Platforms,29104.86,12544.72,3365.58
101661,6/18/2024,APAC,Enterprise Cloud Software,10718.29,1528.53,506.77
101662,6/18/2024,North America,Enterprise Cloud Software,8092.68,1120.89,443.95
101663,6/18/2024,North America,Enterprise Cloud Software,6990.82,1067.02,319.06
101664,6/18/2024,APAC,SaaS Subscriptions,3480.48,344.57,62.96
101665,6/18/2024,Europe,Edge Hardware Platforms,15401.17,5799.26,1905.07
101666,6/18/2024,Europe,Enterprise Cloud Software,11891.09,1806.88,637.2
101667,6/18/2024,North America,Edge Hardware Platforms,23470.34,8665.27,2926.18
101668,6/18/2024,Europe,SaaS Subscriptions,2849.67,293.11,55.65
101669,6/18/2024,APAC,Edge Hardware Platforms,29243.72,12636.76,3348.09
101670,6/18/2024,APAC,SaaS Subscriptions,3515.98,347.15,70.6
101671,6/18/2024,North America,Enterprise Cloud Software,7201.29,1033.08,356
101672,6/18/2024,North America,SaaS Subscriptions,6229.47,571.27,128.33
101673,6/18/2024,Europe,SaaS Subscriptions,2018.13,191.64,43.82
101674,6/18/2024,APAC,Edge Hardware Platforms,25315.27,9298.77,3046.26
101675,6/18/2024,North America,Enterprise Cloud Software,13103.03,1821.99,651.04
101676,6/19/2024,North America,Edge Hardware Platforms,18530.91,6877.63,2011.24
101677,6/19/2024,APAC,Edge Hardware Platforms,22174.46,9627.24,2748.81
101678,6/19/2024,Europe,Edge Hardware Platforms,12326.97,4792.89,1617.75
101679,6/19/2024,APAC,SaaS Subscriptions,4712.53,504.92,85.74
101680,6/19/2024,North America,Edge Hardware Platforms,19667.84,7495.03,2292.39
101681,6/19/2024,North America,Edge Hardware Platforms,25876.87,10684.79,2861.65
101682,6/19/2024,Europe,Edge Hardware Platforms,20597.91,8060.66,2532.02
101683,6/19/2024,APAC,Enterprise Cloud Software,8900.16,1310.09,451.86
101684,6/19/2024,North America,Enterprise Cloud Software,7853.61,1285.45,411.07
101685,6/19/2024,Europe,SaaS Subscriptions,2765.46,296.42,56.36
101686,6/19/2024,North America,SaaS Subscriptions,6815.39,728.66,125.83
101687,6/19/2024,APAC,SaaS Subscriptions,4144.82,378.5,77.38
101688,6/19/2024,APAC,Edge Hardware Platforms,17132.44,6562.69,1955.97
101689,6/19/2024,Europe,Edge Hardware Platforms,29308.21,12154.33,3722.41
101690,6/19/2024,North America,Enterprise Cloud Software,9878.23,1426.79,464.48
101691,6/20/2024,North America,Enterprise Cloud Software,7685.8,1236.12,351.23
101692,6/20/2024,Europe,Enterprise Cloud Software,8445.06,1155.68,402.83
101693,6/20/2024,APAC,SaaS Subscriptions,3329.16,330.49,66.19
101694,6/20/2024,APAC,Edge Hardware Platforms,20261.54,8381.38,2600.3
101695,6/20/2024,North America,Edge Hardware Platforms,28144.86,11799.03,3406.32
101696,6/20/2024,Europe,Edge Hardware Platforms,20410.41,8417.88,2409.26
101697,6/20/2024,Europe,SaaS Subscriptions,2928.11,289.97,57.48
101698,6/20/2024,Europe,Enterprise Cloud Software,11402.51,1839.51,560.79
101699,6/20/2024,APAC,SaaS Subscriptions,2636.55,249.58,57.48
101700,6/20/2024,APAC,Enterprise Cloud Software,5149.99,720.14,283.04
101701,6/20/2024,North America,Edge Hardware Platforms,26968.35,9752.62,3303.83
101702,6/20/2024,North America,SaaS Subscriptions,3700.77,383.9,76.59
101703,6/20/2024,North America,Enterprise Cloud Software,9092.5,1306.37,482.72
101704,6/21/2024,APAC,Edge Hardware Platforms,27742.13,10782.02,3248.25
101705,6/21/2024,Europe,Edge Hardware Platforms,21069.81,8421.85,2430.28
101706,6/21/2024,APAC,Edge Hardware Platforms,18154.78,7481.48,2295.33
101707,6/21/2024,APAC,Edge Hardware Platforms,12241.97,4838.78,1462.86
101708,6/21/2024,APAC,Edge Hardware Platforms,29066.49,11592.02,3818.49
101709,6/21/2024,North America,SaaS Subscriptions,7586.72,828.62,136.96
101710,6/21/2024,North America,Edge Hardware Platforms,10509.45,3836.88,1190.78
101711,6/22/2024,Europe,Enterprise Cloud Software,6703.67,1005.49,341.48
101712,6/22/2024,North America,Edge Hardware Platforms,28088.03,12356.26,3699
101713,6/22/2024,APAC,Edge Hardware Platforms,23731.49,9334.24,2932.37
101714,6/22/2024,North America,Edge Hardware Platforms,20475.17,7411.16,2599.87
101715,6/22/2024,North America,Enterprise Cloud Software,5059.24,740.1,230.86
101716,6/22/2024,APAC,Edge Hardware Platforms,19189.92,7445.46,2361.51
101717,6/22/2024,APAC,Edge Hardware Platforms,24964.14,10796.44,3213.51
101718,6/22/2024,Europe,Enterprise Cloud Software,11377.03,1708.63,593.56
101719,6/23/2024,Europe,SaaS Subscriptions,2383.2,216,45.36
101720,6/23/2024,APAC,SaaS Subscriptions,6096.36,634.11,127.45
101721,6/23/2024,APAC,SaaS Subscriptions,5740.34,593.06,108.23
101722,6/23/2024,Europe,Edge Hardware Platforms,13059.24,5543.81,1570.32
101723,6/23/2024,APAC,Enterprise Cloud Software,9806.7,1455.71,453.15
101724,6/23/2024,Europe,Enterprise Cloud Software,6603.2,947.33,312.55
101725,6/23/2024,Europe,Enterprise Cloud Software,11174.63,1763.58,556.58
101726,6/23/2024,APAC,Edge Hardware Platforms,24958.47,9378.26,3161.12
101727,6/23/2024,APAC,Edge Hardware Platforms,14267.26,5575.7,1794.12
101728,6/24/2024,Europe,Enterprise Cloud Software,11713.68,1765.19,632.38
101729,6/24/2024,North America,SaaS Subscriptions,6751.77,624.83,132.3
101730,6/24/2024,North America,Enterprise Cloud Software,7632.46,1157.75,374.86
101731,6/24/2024,APAC,Enterprise Cloud Software,14736.92,2091.45,777.06
101732,6/24/2024,North America,Enterprise Cloud Software,13578.89,1958.97,700.52
101733,6/24/2024,Europe,Edge Hardware Platforms,19916.39,8336.58,2192.92
101734,6/24/2024,Europe,SaaS Subscriptions,2346.73,217.81,48.97
101735,6/24/2024,Europe,Edge Hardware Platforms,12739.33,5102.63,1414.54
101736,6/24/2024,Europe,Edge Hardware Platforms,15165.29,6042.81,1998.91
101737,6/24/2024,Europe,SaaS Subscriptions,4489.09,472.96,81.53
101738,6/25/2024,Europe,SaaS Subscriptions,4077.6,420.37,84.97
101739,6/25/2024,Europe,Edge Hardware Platforms,21541.07,8344.61,2369.8
101740,6/25/2024,APAC,Enterprise Cloud Software,5723.48,923.52,274.83
101741,6/25/2024,Europe,Edge Hardware Platforms,17829.09,6792.33,2072.33
101742,6/25/2024,Europe,Edge Hardware Platforms,20230.72,8810.18,2205.25
101743,6/25/2024,Europe,Edge Hardware Platforms,28403.94,10337.12,3458.58
101744,6/25/2024,APAC,Enterprise Cloud Software,13762.92,1865.86,720.14
101745,6/25/2024,APAC,Edge Hardware Platforms,18780.58,6828.44,2443.03
101746,6/25/2024,Europe,Enterprise Cloud Software,11898.21,1778.25,550.21
101747,6/25/2024,North America,Enterprise Cloud Software,10742.94,1650.77,537.76
101748,6/25/2024,APAC,SaaS Subscriptions,5693.75,513.89,118.32
101749,6/26/2024,Europe,Edge Hardware Platforms,17004.73,7369.3,1891.19
101750,6/26/2024,Europe,Enterprise Cloud Software,14246.51,1971.36,654.61
101751,6/26/2024,North America,Edge Hardware Platforms,14286,5811.68,1694.75
101752,6/26/2024,North America,Edge Hardware Platforms,26208.66,10881.21,3286.48
101753,6/26/2024,Europe,Edge Hardware Platforms,11993.28,4579,1534.69
101754,6/26/2024,APAC,Edge Hardware Platforms,10194.01,3784.05,1179.75
101755,6/26/2024,Europe,Enterprise Cloud Software,14433.57,2106.62,781.23
101756,6/26/2024,APAC,Edge Hardware Platforms,22134.39,9078.26,2729.44
101757,6/26/2024,Europe,Edge Hardware Platforms,29728.28,12443.76,3764.99
101758,6/26/2024,APAC,Enterprise Cloud Software,5838.04,872.71,292.72
101759,6/26/2024,APAC,Edge Hardware Platforms,21417.06,8613.21,2332.68
101760,6/26/2024,Europe,SaaS Subscriptions,2945,300.06,60
101761,6/27/2024,APAC,Edge Hardware Platforms,12165.79,4789.31,1526.2
101762,6/27/2024,North America,Enterprise Cloud Software,6475.52,1029.01,295.47
101763,6/27/2024,Europe,Edge Hardware Platforms,25115.82,10979.4,2781.55
101764,6/27/2024,North America,SaaS Subscriptions,3596.95,339.2,76.62
101765,6/27/2024,APAC,Edge Hardware Platforms,15560.97,6098.12,1744.12
101766,6/27/2024,APAC,Edge Hardware Platforms,27502.42,9959.4,3341.2
101767,6/27/2024,North America,Edge Hardware Platforms,25699.11,9646.49,3169.22
101768,6/27/2024,Europe,SaaS Subscriptions,6650.97,705.49,133.86
101769,6/27/2024,North America,Edge Hardware Platforms,20989.79,8695.51,2573.03
101770,6/27/2024,North America,Enterprise Cloud Software,6682.31,1041.21,343.83
101771,6/28/2024,North America,Enterprise Cloud Software,12597.21,1993,624.27
101772,6/28/2024,Europe,Edge Hardware Platforms,24038.94,10261.21,2993.27
101773,6/28/2024,Europe,Edge Hardware Platforms,22846.39,9467.2,2773.77
101774,6/28/2024,Europe,Enterprise Cloud Software,14517.66,2304.29,707.58
101775,6/28/2024,Europe,Enterprise Cloud Software,5412.28,771.38,280.88
101776,6/28/2024,APAC,Edge Hardware Platforms,20642.65,8095.73,2309.47
101777,6/28/2024,North America,Edge Hardware Platforms,28550.07,11324.75,3535.26
101778,6/28/2024,APAC,Enterprise Cloud Software,12704.81,1950.25,647.77
101779,6/28/2024,North America,Edge Hardware Platforms,25895.96,9556.35,3128.35
101780,6/28/2024,North America,SaaS Subscriptions,5045.82,535.66,98.25
101781,6/28/2024,North America,Enterprise Cloud Software,7815.1,1112.3,395.47
101782,6/29/2024,Europe,Edge Hardware Platforms,21542.45,8965.83,2654.42
101783,6/29/2024,APAC,Enterprise Cloud Software,9297.37,1373.64,457.16
101784,6/29/2024,Europe,Edge Hardware Platforms,20348.65,8029.34,2681.97
101785,6/29/2024,APAC,Edge Hardware Platforms,12231.88,5225.23,1613.78
101786,6/29/2024,North America,Edge Hardware Platforms,28832.66,12020.06,3318.5
101787,6/29/2024,Europe,SaaS Subscriptions,6870.88,720.32,143.93
101788,6/29/2024,North America,SaaS Subscriptions,3656.71,397.15,71.15
101789,6/29/2024,APAC,Enterprise Cloud Software,10145.27,1402.14,523.51
101790,6/30/2024,Europe,Edge Hardware Platforms,25265.7,10556.24,2852.7
101791,6/30/2024,North America,Edge Hardware Platforms,16615.86,6985.23,1925.85
101792,6/30/2024,North America,Edge Hardware Platforms,29598.29,11190.24,3631.47
101793,6/30/2024,Europe,Enterprise Cloud Software,9878.77,1541.73,495.24
101794,6/30/2024,APAC,Enterprise Cloud Software,5862.49,956.15,285.98
101795,6/30/2024,Europe,Edge Hardware Platforms,16486.27,6879.61,1834.1
101796,6/30/2024,North America,Enterprise Cloud Software,13112.31,1857.75,684.12
101797,6/30/2024,APAC,Edge Hardware Platforms,20800.58,8255.39,2409.15
101798,6/30/2024,Europe,Edge Hardware Platforms,29719.83,12928.76,3824.69
101799,6/30/2024,APAC,Edge Hardware Platforms,23148.89,9991.18,2718.39
101800,6/30/2024,APAC,Edge Hardware Platforms,22021.65,9178.28,2880.74
101801,6/30/2024,North America,Edge Hardware Platforms,20416.31,7788.51,2585.49
101802,7/1/2024,APAC,Edge Hardware Platforms,25865.96,10056.44,3376.29
101803,7/1/2024,Europe,Edge Hardware Platforms,10627.23,3970.56,1309.17
101804,7/1/2024,Europe,Edge Hardware Platforms,11259.43,4804.75,1428.01
101805,7/1/2024,North America,Edge Hardware Platforms,26366.3,10843.62,3043.98
101806,7/1/2024,Europe,Enterprise Cloud Software,8182.55,1163.58,413.79
101807,7/2/2024,Europe,Edge Hardware Platforms,17371.25,7587.78,2218.15
101808,7/2/2024,APAC,Enterprise Cloud Software,7709.63,1106.86,367.82
101809,7/2/2024,APAC,Enterprise Cloud Software,5761,825.08,270.76
101810,7/2/2024,North America,Edge Hardware Platforms,21262.53,7664.33,2515.44
101811,7/2/2024,Europe,Enterprise Cloud Software,11761.42,1835.52,614.05
101812,7/2/2024,Europe,Enterprise Cloud Software,14539.21,2317.93,785.7
101813,7/2/2024,North America,SaaS Subscriptions,6858.73,732.13,126.02
101814,7/2/2024,Europe,SaaS Subscriptions,6071.28,615.7,132.25
101815,7/2/2024,Europe,Edge Hardware Platforms,19526.77,8486.88,2144.55
101816,7/2/2024,Europe,Edge Hardware Platforms,25838.13,10506.86,3354.15
101817,7/3/2024,APAC,Enterprise Cloud Software,11313.77,1729.82,545.11
101818,7/3/2024,Europe,Enterprise Cloud Software,12898.86,1986.89,649.16
101819,7/3/2024,North America,Enterprise Cloud Software,13227.36,1964.82,661.56
101820,7/3/2024,Europe,Edge Hardware Platforms,15121.77,5589.42,1668.91
101821,7/3/2024,APAC,Enterprise Cloud Software,5556.73,883.11,258.61
101822,7/3/2024,Europe,Edge Hardware Platforms,12529.61,4926.12,1357.65
101823,7/3/2024,APAC,Edge Hardware Platforms,12783.2,4844.3,1518.02
101824,7/3/2024,North America,Enterprise Cloud Software,10343.86,1654.79,507.04
101825,7/3/2024,Europe,SaaS Subscriptions,3297.81,350.04,69.35
101826,7/3/2024,North America,SaaS Subscriptions,3575.43,340.01,75.4
101827,7/3/2024,Europe,Edge Hardware Platforms,13573.26,5717.42,1722.06
101828,7/3/2024,Europe,SaaS Subscriptions,3908.98,368.98,80.95
101829,7/3/2024,APAC,Enterprise Cloud Software,5766.11,918.63,315.78
101830,7/4/2024,North America,SaaS Subscriptions,7359.6,737.93,156.77
101831,7/4/2024,APAC,SaaS Subscriptions,7045.54,724.8,143.99
101832,7/4/2024,Europe,Edge Hardware Platforms,25904.33,11333.74,3088.18
101833,7/4/2024,Europe,Edge Hardware Platforms,23369.77,9590.8,2533.94
101834,7/4/2024,Europe,Enterprise Cloud Software,5263.84,835.56,250.49
101835,7/4/2024,North America,Enterprise Cloud Software,6795,1073.39,339.31
101836,7/4/2024,APAC,Edge Hardware Platforms,15374.01,5962.16,1923.39
101837,7/4/2024,Europe,SaaS Subscriptions,5613.01,560.52,118.68
101838,7/4/2024,APAC,Edge Hardware Platforms,14997.52,6138.45,1799.3
101839,7/4/2024,APAC,Edge Hardware Platforms,11486.63,5033.32,1473.12
101840,7/4/2024,North America,SaaS Subscriptions,4044,394.46,87.45
101841,7/4/2024,Europe,Enterprise Cloud Software,8690.56,1361.49,406.21
101842,7/5/2024,North America,Edge Hardware Platforms,23480.03,9469.98,3011.13
101843,7/5/2024,APAC,Enterprise Cloud Software,14984.21,2361.09,803.74
101844,7/5/2024,Europe,SaaS Subscriptions,2674.3,259.29,57.51
101845,7/5/2024,North America,Enterprise Cloud Software,12881.19,2061.82,600.61
101846,7/5/2024,APAC,Edge Hardware Platforms,20401.65,8699.67,2408.66
101847,7/5/2024,North America,Enterprise Cloud Software,10051.64,1517.19,533.3
101848,7/5/2024,APAC,Edge Hardware Platforms,25615.71,9614.65,2797.28
101849,7/5/2024,APAC,Enterprise Cloud Software,7466.88,1163.78,366.58
101850,7/5/2024,APAC,Enterprise Cloud Software,5118.71,737.19,259.93
101851,7/5/2024,North America,Edge Hardware Platforms,27531.96,11921.31,3149.2
101852,7/6/2024,North America,Enterprise Cloud Software,10800.38,1691.24,496.2
101853,7/6/2024,Europe,Enterprise Cloud Software,12642.44,1911.39,585.22
101854,7/6/2024,Europe,Edge Hardware Platforms,13607.12,5814.61,1473.17
101855,7/6/2024,North America,Enterprise Cloud Software,5960.07,857.73,271.44
101856,7/6/2024,Europe,Enterprise Cloud Software,12017.14,1641.29,547.9
101857,7/6/2024,North America,SaaS Subscriptions,5848.36,616.43,108.58
101858,7/6/2024,APAC,Enterprise Cloud Software,7130.57,1094.42,347.63
101859,7/6/2024,APAC,Enterprise Cloud Software,14985.98,2303.48,758.1
101860,7/6/2024,North America,Enterprise Cloud Software,14246.63,2074.7,735.36
101861,7/6/2024,APAC,Enterprise Cloud Software,10760.81,1677.54,501.95
101862,7/6/2024,North America,Edge Hardware Platforms,17716.25,7390.11,1942.91
101863,7/6/2024,APAC,Enterprise Cloud Software,11013.17,1672.67,510.43
101864,7/6/2024,North America,Edge Hardware Platforms,27751.25,10618.78,3288.83
101865,7/6/2024,North America,Enterprise Cloud Software,11732.04,1874.26,563.71
101866,7/7/2024,North America,Edge Hardware Platforms,10393.66,4353.4,1244
101867,7/7/2024,APAC,SaaS Subscriptions,7554.73,817.31,151.46
101868,7/7/2024,North America,Edge Hardware Platforms,23797.92,10250.24,2688.4
101869,7/7/2024,APAC,SaaS Subscriptions,7873.14,847.19,150.53
101870,7/7/2024,North America,Enterprise Cloud Software,7912.23,1213.94,419.69
101871,7/8/2024,North America,Enterprise Cloud Software,5027.01,743.89,251.51
101872,7/8/2024,Europe,Enterprise Cloud Software,12104.25,1695.56,645.4
101873,7/8/2024,Europe,Edge Hardware Platforms,14195.51,5194.54,1691.44
101874,7/8/2024,Europe,Enterprise Cloud Software,14505.34,2384.86,731.86
101875,7/8/2024,APAC,Enterprise Cloud Software,5254.21,715.53,267.31
101876,7/8/2024,North America,SaaS Subscriptions,2851.6,274.02,60.71
101877,7/8/2024,North America,Enterprise Cloud Software,11423.09,1636.73,538.88
101878,7/9/2024,North America,Edge Hardware Platforms,28782.17,11908.32,3160.11
101879,7/9/2024,Europe,SaaS Subscriptions,2566.77,281.77,55.95
101880,7/9/2024,North America,SaaS Subscriptions,4178.8,446.69,82.21
101881,7/9/2024,Europe,Edge Hardware Platforms,25489.55,9245.14,3115.73
101882,7/9/2024,North America,Edge Hardware Platforms,16959.37,6741.77,1967.61
101883,7/9/2024,North America,Enterprise Cloud Software,5334.38,795.4,290.96
101884,7/9/2024,North America,SaaS Subscriptions,6400.17,657.62,131.72
101885,7/9/2024,APAC,Enterprise Cloud Software,10047.54,1566.54,511.1
101886,7/10/2024,North America,Edge Hardware Platforms,20680.55,8072.3,2402.39
101887,7/10/2024,Europe,SaaS Subscriptions,4977.06,530.03,97.59
101888,7/10/2024,North America,Enterprise Cloud Software,5513.34,807.18,266.69
101889,7/10/2024,Europe,Edge Hardware Platforms,11017.08,4161.04,1262.36
101890,7/10/2024,Europe,Enterprise Cloud Software,6339.41,1035.31,336.26
101891,7/10/2024,North America,Edge Hardware Platforms,17112.44,7243.36,2057.69
101892,7/10/2024,North America,Edge Hardware Platforms,17937.76,6834.9,2098.93
101893,7/10/2024,Europe,Edge Hardware Platforms,14838.12,5814.76,1609.34
101894,7/11/2024,APAC,Enterprise Cloud Software,9902.22,1443.24,527.57
101895,7/11/2024,North America,Enterprise Cloud Software,6525.74,1049.18,324.17
101896,7/11/2024,Europe,Edge Hardware Platforms,29438.49,12600.3,3678.42
101897,7/11/2024,North America,Enterprise Cloud Software,14214.34,2099.35,679.27
101898,7/11/2024,Europe,SaaS Subscriptions,4322.4,437.66,91.69
101899,7/11/2024,Europe,Enterprise Cloud Software,14945.26,2446.5,798.6
101900,7/11/2024,Europe,Enterprise Cloud Software,14134.13,2024.95,749.22
101901,7/11/2024,APAC,Edge Hardware Platforms,26061.12,11032.6,2935.41
101902,7/11/2024,Europe,Enterprise Cloud Software,10078.5,1409.65,495.49
101903,7/11/2024,APAC,SaaS Subscriptions,3907.76,393.27,78.33
101904,7/11/2024,APAC,Edge Hardware Platforms,23982.12,10402.08,2804.97
101905,7/12/2024,North America,Edge Hardware Platforms,26345.19,10665.04,3006.52
101906,7/12/2024,North America,Enterprise Cloud Software,8054.44,1267.27,366.28
101907,7/12/2024,North America,Edge Hardware Platforms,25653.03,10169.51,3200.31
101908,7/12/2024,North America,Enterprise Cloud Software,8981.49,1368.77,489.32
101909,7/12/2024,North America,Edge Hardware Platforms,16578.4,6642.38,1800.01
101910,7/12/2024,North America,SaaS Subscriptions,5323.65,527.1,101.91
101911,7/12/2024,North America,Edge Hardware Platforms,26711.41,11682.96,3166.04
101912,7/12/2024,North America,SaaS Subscriptions,4561.43,460.89,86.32
101913,7/12/2024,Europe,Edge Hardware Platforms,26180.69,11060.26,2962.61
101914,7/13/2024,Europe,SaaS Subscriptions,5012.97,548,109.12
101915,7/13/2024,APAC,Edge Hardware Platforms,12818.08,4837.96,1583.6
101916,7/13/2024,Europe,Enterprise Cloud Software,9789.94,1326.76,512.4
101917,7/13/2024,North America,Edge Hardware Platforms,25860.21,9584.09,3114.79
101918,7/13/2024,APAC,Enterprise Cloud Software,6629.17,961.92,335.08
101919,7/13/2024,Europe,Enterprise Cloud Software,9575.69,1369.79,511.54
101920,7/13/2024,North America,SaaS Subscriptions,4571.39,477.86,91.61
101921,7/13/2024,Europe,Edge Hardware Platforms,25364.14,9993.86,3017.8
101922,7/14/2024,APAC,Edge Hardware Platforms,16983.21,7024.69,2096.04
101923,7/14/2024,APAC,SaaS Subscriptions,5884.68,569.81,124.27
101924,7/14/2024,Europe,SaaS Subscriptions,3485.04,319.21,63.71
101925,7/14/2024,Europe,SaaS Subscriptions,2011.59,210.24,41.5
101926,7/14/2024,Europe,Edge Hardware Platforms,26409.93,9602.03,3331.09
101927,7/14/2024,North America,Edge Hardware Platforms,26452.73,10097.24,2974.48
101928,7/14/2024,Europe,Edge Hardware Platforms,20288.08,7720.46,2208.1
101929,7/14/2024,Europe,Enterprise Cloud Software,14059.89,1915.48,693.38
101930,7/14/2024,North America,Enterprise Cloud Software,11588.67,1789.45,525.32
101931,7/14/2024,North America,Enterprise Cloud Software,12629.99,1926.54,573.16
101932,7/14/2024,Europe,Edge Hardware Platforms,27379.03,11902.29,3172.1
101933,7/14/2024,North America,Enterprise Cloud Software,12761.71,2094.76,633.8
101934,7/14/2024,North America,Edge Hardware Platforms,16096.26,6124.93,1967.77
101935,7/15/2024,Europe,Enterprise Cloud Software,13282.74,1893.53,700.97
101936,7/15/2024,APAC,Edge Hardware Platforms,21920.6,8698.77,2559.14
101937,7/15/2024,North America,Edge Hardware Platforms,25025.46,10367.58,2821.92
101938,7/15/2024,Europe,Edge Hardware Platforms,19514.08,7862.81,2468.67
101939,7/15/2024,Europe,Edge Hardware Platforms,27908.25,10409.93,3680.89
101940,7/15/2024,North America,Enterprise Cloud Software,13900.19,1978.67,726.94
101941,7/16/2024,APAC,Edge Hardware Platforms,26466.95,10969.18,3360.23
101942,7/16/2024,APAC,Enterprise Cloud Software,11229.73,1518.3,510.22
101943,7/16/2024,APAC,Edge Hardware Platforms,24718.04,10556.58,3232.87
101944,7/16/2024,APAC,Edge Hardware Platforms,16719.41,6225.63,1966.33
101945,7/16/2024,North America,Edge Hardware Platforms,23310.19,10216.06,2924.99
101946,7/16/2024,Europe,Edge Hardware Platforms,10690.08,4094.84,1351.68
101947,7/16/2024,North America,Edge Hardware Platforms,21595.6,8071.32,2467.92
101948,7/17/2024,North America,Edge Hardware Platforms,24413.29,9872.36,2884.41
101949,7/17/2024,Europe,Edge Hardware Platforms,28722.93,10466.42,3566.28
101950,7/17/2024,APAC,SaaS Subscriptions,3104.25,297.76,64.78
101951,7/17/2024,North America,SaaS Subscriptions,6313.44,660.34,116.17
101952,7/17/2024,Europe,Edge Hardware Platforms,26618.45,9671.22,2889.56
101953,7/17/2024,North America,Enterprise Cloud Software,10583.84,1720.09,517.71
101954,7/17/2024,APAC,Enterprise Cloud Software,6685.15,908.6,322.77
101955,7/17/2024,APAC,Enterprise Cloud Software,11064.1,1643.52,601.72
101956,7/17/2024,North America,Enterprise Cloud Software,5295.42,783.82,253.01
101957,7/17/2024,APAC,Edge Hardware Platforms,22281.81,8969.61,2455.55
101958,7/17/2024,Europe,SaaS Subscriptions,7011.38,756.31,149.29
101959,7/18/2024,APAC,SaaS Subscriptions,7715.99,754.03,163.18
101960,7/18/2024,Europe,Enterprise Cloud Software,13239.8,2056.31,622.13
101961,7/18/2024,North America,SaaS Subscriptions,2473.41,227.13,48.75
101962,7/18/2024,North America,SaaS Subscriptions,4821.7,488.84,104.69
101963,7/18/2024,Europe,Edge Hardware Platforms,25943.1,10258.63,3000.14
101964,7/19/2024,APAC,Edge Hardware Platforms,14680.56,5975.68,1786.57
101965,7/19/2024,Europe,Edge Hardware Platforms,19835.81,8038.19,2482.89
101966,7/19/2024,North America,Edge Hardware Platforms,12717.72,4646.17,1671.44
101967,7/19/2024,APAC,Enterprise Cloud Software,9432.53,1326.09,470.24
101968,7/19/2024,APAC,SaaS Subscriptions,5805.52,563.59,118.51
101969,7/19/2024,North America,SaaS Subscriptions,7222.4,730.65,139.39
101970,7/19/2024,North America,Enterprise Cloud Software,13158.21,1954.15,634.9
101971,7/19/2024,Europe,SaaS Subscriptions,2747.69,294.42,59.32
101972,7/19/2024,APAC,Edge Hardware Platforms,14342.81,5592.14,1663.62
101973,7/19/2024,North America,Edge Hardware Platforms,19532.48,8384.44,2124.56
101974,7/19/2024,Europe,Edge Hardware Platforms,25189.73,10853.9,3161.23
101975,7/19/2024,APAC,Edge Hardware Platforms,20064.19,7245.71,2170.28
101976,7/19/2024,North America,Enterprise Cloud Software,7602.11,1066.66,344.26
101977,7/19/2024,APAC,Enterprise Cloud Software,12360.82,1725.13,669
101978,7/20/2024,Europe,Enterprise Cloud Software,7702.49,1156.45,421.76
101979,7/20/2024,Europe,SaaS Subscriptions,7756.28,730.35,149.27
101980,7/20/2024,APAC,SaaS Subscriptions,5115.36,562,92.31
101981,7/20/2024,North America,Edge Hardware Platforms,19385.8,7159.72,2264.78
101982,7/20/2024,North America,Edge Hardware Platforms,27854.85,11999.59,3475.98
101983,7/20/2024,Europe,Edge Hardware Platforms,12738.38,4933.34,1433.14
101984,7/20/2024,APAC,SaaS Subscriptions,5221.54,545.94,96.52
101985,7/20/2024,Europe,Edge Hardware Platforms,19055.36,7230.78,2459.23
101986,7/20/2024,Europe,SaaS Subscriptions,6910.42,758.82,129.7
101987,7/20/2024,North America,Edge Hardware Platforms,12580.08,5055.31,1549.77
101988,7/20/2024,Europe,Enterprise Cloud Software,14088.24,1910.86,683
101989,7/21/2024,Europe,Enterprise Cloud Software,11123.11,1740.6,546.9
101990,7/21/2024,APAC,Enterprise Cloud Software,7212.77,1008.65,351.41
101991,7/21/2024,APAC,SaaS Subscriptions,4296.95,437.35,89.73
101992,7/21/2024,North America,Enterprise Cloud Software,14720.96,2260.06,806.92
101993,7/21/2024,North America,Edge Hardware Platforms,14452.07,5504.74,1738.38
101994,7/21/2024,North America,Enterprise Cloud Software,7628.81,1038.07,397.04
101995,7/21/2024,Europe,Enterprise Cloud Software,6716.94,927.45,343.41
101996,7/21/2024,North America,Edge Hardware Platforms,10410.22,3955.36,1346.83
101997,7/21/2024,Europe,Enterprise Cloud Software,13211.26,1978.93,706.38
101998,7/21/2024,Europe,Edge Hardware Platforms,29870.03,11308.4,3673.26
101999,7/21/2024,Europe,Enterprise Cloud Software,5144.71,712.94,264.91
102000,7/21/2024,Europe,Edge Hardware Platforms,10637.14,4228.73,1384.86
102001,7/22/2024,APAC,Edge Hardware Platforms,20385.6,8738.01,2393.13
102002,7/22/2024,APAC,Enterprise Cloud Software,7802.16,1065.73,413.17
102003,7/22/2024,Europe,Enterprise Cloud Software,7317.9,1185.81,390.33
102004,7/22/2024,Europe,Edge Hardware Platforms,19486.51,7625.72,2532.69
102005,7/22/2024,North America,Edge Hardware Platforms,16891.24,6754,2009.77
102006,7/22/2024,Europe,Enterprise Cloud Software,10131.42,1441.42,474.59
102007,7/22/2024,North America,Edge Hardware Platforms,18548.84,7607.46,2327.18
102008,7/22/2024,Europe,Edge Hardware Platforms,17757.97,6926.97,2190.64
102009,7/23/2024,North America,Enterprise Cloud Software,5134.23,758.25,240.67
102010,7/23/2024,North America,Edge Hardware Platforms,23599.57,8657.74,2809.81
102011,7/23/2024,Europe,SaaS Subscriptions,6003.14,569.68,125.26
102012,7/23/2024,Europe,Enterprise Cloud Software,13511.11,1997.24,737.97
102013,7/23/2024,Europe,Edge Hardware Platforms,24567.06,9783.78,2951.13
102014,7/23/2024,APAC,Edge Hardware Platforms,27944.87,12051.68,3672.96
102015,7/23/2024,Europe,Edge Hardware Platforms,13326.23,5549.45,1532.49
102016,7/23/2024,North America,Enterprise Cloud Software,13751.22,2214.48,705.57
102017,7/24/2024,Europe,Edge Hardware Platforms,13874.78,5285.46,1669.17
102018,7/24/2024,North America,SaaS Subscriptions,4842.56,513.27,98.41
102019,7/24/2024,APAC,Edge Hardware Platforms,26628.33,10171.11,3224.86
102020,7/24/2024,North America,Edge Hardware Platforms,16363.5,6240,2147.02
102021,7/24/2024,North America,Edge Hardware Platforms,29683.3,10733.25,3703.78
102022,7/24/2024,North America,Enterprise Cloud Software,9028.9,1472.22,407.36
102023,7/25/2024,APAC,Enterprise Cloud Software,7130.61,1020.62,342.57
102024,7/25/2024,Europe,Edge Hardware Platforms,28524.16,10470.51,3733.95
102025,7/25/2024,APAC,Enterprise Cloud Software,8603.21,1371.3,439.76
102026,7/25/2024,APAC,Edge Hardware Platforms,19935.4,7242.48,2432.57
102027,7/25/2024,North America,Edge Hardware Platforms,26008.22,10580.13,3431.23
102028,7/25/2024,Europe,Edge Hardware Platforms,23344.27,10255.48,2920.77
102029,7/25/2024,North America,SaaS Subscriptions,6006.66,547.73,123.92
102030,7/25/2024,APAC,Edge Hardware Platforms,17080.39,7270.66,2165.46
102031,7/25/2024,Europe,Enterprise Cloud Software,7509.86,1180.21,398.48
102032,7/25/2024,North America,Edge Hardware Platforms,11552.64,4818.34,1248.68
102033,7/25/2024,North America,Enterprise Cloud Software,11453.2,1689.59,549.47
102034,7/25/2024,APAC,Enterprise Cloud Software,8893.68,1451.53,438.2
102035,7/26/2024,North America,Edge Hardware Platforms,13816.19,5584.88,1576.12
102036,7/26/2024,APAC,Enterprise Cloud Software,6997.28,995.5,343.85
102037,7/26/2024,North America,Edge Hardware Platforms,27449.31,11445.4,3346.59
102038,7/26/2024,North America,Edge Hardware Platforms,13328.29,5636.66,1519.44
102039,7/26/2024,Europe,Edge Hardware Platforms,27176.28,10058.58,3303.97
102040,7/26/2024,North America,Edge Hardware Platforms,28101.56,11093.61,3364.16
102041,7/26/2024,APAC,Edge Hardware Platforms,19751.97,8024.56,2459.94
102042,7/26/2024,North America,SaaS Subscriptions,4613.03,421.85,97.54
102043,7/26/2024,North America,Enterprise Cloud Software,11337.79,1829.96,610.85
102044,7/26/2024,APAC,SaaS Subscriptions,2012.85,196.46,42.82
102045,7/26/2024,North America,Edge Hardware Platforms,22126.34,8611.62,2869.95
102046,7/26/2024,Europe,Edge Hardware Platforms,29950.27,11964.53,3362.86
102047,7/27/2024,APAC,Edge Hardware Platforms,25771.64,10737.55,2940.58
102048,7/27/2024,APAC,SaaS Subscriptions,3164.92,293.1,69.32
102049,7/27/2024,APAC,SaaS Subscriptions,7318.26,737.93,150.65
102050,7/27/2024,Europe,Enterprise Cloud Software,12455.03,1870.25,641.15
102051,7/27/2024,Europe,Edge Hardware Platforms,13435.78,5136.46,1502.29
102052,7/27/2024,North America,SaaS Subscriptions,2918.68,278.4,59.43
102053,7/27/2024,Europe,Enterprise Cloud Software,12937.17,2051.27,612.87
102054,7/27/2024,North America,SaaS Subscriptions,6954.03,722.91,127.46
102055,7/28/2024,Europe,Enterprise Cloud Software,9482.27,1451.08,457.74
102056,7/28/2024,APAC,SaaS Subscriptions,3941.66,420.86,72.58
102057,7/28/2024,APAC,Enterprise Cloud Software,5829.27,899.18,289.83
102058,7/28/2024,APAC,Edge Hardware Platforms,15743.05,6298.15,1872.52
102059,7/28/2024,North America,Edge Hardware Platforms,25191.24,10787.86,3308.83
102060,7/28/2024,North America,Edge Hardware Platforms,17885.16,7407.44,2135.91
102061,7/28/2024,APAC,Edge Hardware Platforms,29049.83,12398.4,3766.88
102062,7/28/2024,APAC,Edge Hardware Platforms,15035.77,5858.32,1631.17
102063,7/29/2024,Europe,Edge Hardware Platforms,10409.84,3761.54,1254.23
102064,7/29/2024,Europe,SaaS Subscriptions,3074.72,283.07,55.99
102065,7/29/2024,Europe,Edge Hardware Platforms,26811.07,11116.18,3029.67
102066,7/29/2024,Europe,SaaS Subscriptions,3960.45,395.94,86.47
102067,7/29/2024,Europe,Edge Hardware Platforms,15046.68,5915.99,1654.78
102068,7/29/2024,Europe,Enterprise Cloud Software,13359.1,2129.93,672.44
102069,7/29/2024,North America,Enterprise Cloud Software,12967.09,1984.02,675.71
102070,7/29/2024,North America,Edge Hardware Platforms,24943.48,9902.69,3053.91
102071,7/29/2024,APAC,Enterprise Cloud Software,5659.29,854.3,258.18
102072,7/29/2024,APAC,Edge Hardware Platforms,27634.25,11362.24,3029.07
102073,7/29/2024,North America,SaaS Subscriptions,3002.79,312.2,63.42
102074,7/29/2024,North America,Edge Hardware Platforms,21156.05,9073.89,2398.54
102075,7/29/2024,APAC,Edge Hardware Platforms,29842.53,10957.25,3313.64
102076,7/30/2024,APAC,Edge Hardware Platforms,24281.42,10426.55,2647.53
102077,7/30/2024,Europe,SaaS Subscriptions,4388.93,421.55,92.97
102078,7/30/2024,North America,Enterprise Cloud Software,14595.73,2229.7,776.42
102079,7/30/2024,APAC,Enterprise Cloud Software,6708.6,968.28,323.4
102080,7/30/2024,Europe,Edge Hardware Platforms,19891.8,7497.24,2330.67
102081,7/30/2024,Europe,Edge Hardware Platforms,12545.85,5168.4,1376.95
102082,7/31/2024,North America,SaaS Subscriptions,3858.59,422.23,71.27
102083,7/31/2024,APAC,Enterprise Cloud Software,7310.36,997.11,380.51
102084,7/31/2024,APAC,Edge Hardware Platforms,28570.44,11634.57,3517.6
102085,7/31/2024,APAC,Enterprise Cloud Software,8542.66,1385.44,461.39
102086,7/31/2024,APAC,SaaS Subscriptions,2764.23,294.32,54.29
102087,7/31/2024,APAC,Edge Hardware Platforms,21076.72,8480.89,2439.03
102088,7/31/2024,North America,SaaS Subscriptions,6816.05,632.46,143.87
102089,7/31/2024,Europe,Edge Hardware Platforms,15080.42,6466.16,1882.1
102090,7/31/2024,Europe,Edge Hardware Platforms,11821.32,4703.86,1331.66
102091,7/31/2024,North America,Edge Hardware Platforms,28225.12,11072.73,3189.04
102092,7/31/2024,Europe,SaaS Subscriptions,6489.91,696.86,130.75
102093,8/1/2024,North America,Edge Hardware Platforms,17790.98,7132.47,2318.13
102094,8/1/2024,APAC,Enterprise Cloud Software,6727.9,980.45,322.32
102095,8/1/2024,Europe,SaaS Subscriptions,7773.75,801.26,165.99
102096,8/1/2024,Europe,Enterprise Cloud Software,10246.88,1553.96,537.19
102097,8/1/2024,North America,Edge Hardware Platforms,17280.55,7547.37,2050.42
102098,8/1/2024,APAC,Edge Hardware Platforms,15310.88,6212.38,1982.2
102099,8/1/2024,Europe,SaaS Subscriptions,3286.75,300.68,70.88
102100,8/2/2024,Europe,SaaS Subscriptions,4354.67,423.47,83.93
102101,8/2/2024,APAC,Edge Hardware Platforms,22000.29,8238.35,2661.65
102102,8/2/2024,North America,Edge Hardware Platforms,26650.57,11118.21,3345.34
102103,8/2/2024,Europe,Edge Hardware Platforms,18453.74,7605.14,2107.73
102104,8/2/2024,North America,Edge Hardware Platforms,19235.56,7319.37,2413.39
102105,8/2/2024,North America,Enterprise Cloud Software,12485.65,1849.3,649.91
102106,8/2/2024,Europe,SaaS Subscriptions,5586.77,504.47,108.45
102107,8/3/2024,Europe,Edge Hardware Platforms,15956.95,6326.5,1750.62
102108,8/3/2024,APAC,Enterprise Cloud Software,12254.12,1679.43,668.47
102109,8/3/2024,North America,SaaS Subscriptions,6856.84,749.84,136.53
102110,8/3/2024,Europe,Edge Hardware Platforms,13687.36,5412.61,1532.68
102111,8/3/2024,APAC,Enterprise Cloud Software,10892.12,1675.14,548.75
102112,8/3/2024,Europe,Enterprise Cloud Software,10550.19,1515.18,573.95
102113,8/3/2024,APAC,SaaS Subscriptions,2225.34,212.97,41.8
102114,8/3/2024,North America,Enterprise Cloud Software,11787.76,1673.07,590.45
102115,8/3/2024,APAC,Edge Hardware Platforms,17892.58,6974.48,2128.1
102116,8/3/2024,North America,Edge Hardware Platforms,17283.06,7400.42,2180.38
102117,8/3/2024,Europe,Edge Hardware Platforms,14198.64,5993.13,1699.21
102118,8/3/2024,North America,Enterprise Cloud Software,6654.01,1053.43,314.67
102119,8/4/2024,North America,Edge Hardware Platforms,10369.14,4422.97,1163.34
102120,8/4/2024,Europe,Enterprise Cloud Software,12226.47,1768.44,638.79
102121,8/4/2024,North America,Edge Hardware Platforms,10612.11,4060.88,1273.11
102122,8/4/2024,North America,Enterprise Cloud Software,14345.37,2357.02,751.66
102123,8/4/2024,North America,Enterprise Cloud Software,11457.9,1587.24,624.26
102124,8/4/2024,North America,SaaS Subscriptions,4974.4,524.44,89.58
102125,8/4/2024,APAC,Enterprise Cloud Software,11679.37,1859.25,544.74
102126,8/4/2024,Europe,Edge Hardware Platforms,16242.39,6473.25,1877.96
102127,8/4/2024,North America,Edge Hardware Platforms,22651.87,8575.57,2934.31
102128,8/4/2024,APAC,Edge Hardware Platforms,18665.01,7282.13,2332.65
102129,8/4/2024,Europe,Enterprise Cloud Software,11714.58,1670.18,529.33
102130,8/4/2024,Europe,Edge Hardware Platforms,18216.19,7323.91,2381.44
102131,8/5/2024,Europe,Enterprise Cloud Software,6659.94,959.22,335.62
102132,8/5/2024,APAC,Edge Hardware Platforms,17127.65,6516.94,1954.45
102133,8/5/2024,APAC,Edge Hardware Platforms,13118.02,5480.44,1644.06
102134,8/5/2024,Europe,Enterprise Cloud Software,9079.91,1254.87,482.74
102135,8/5/2024,Europe,Edge Hardware Platforms,16860.31,6318.23,1863.99
102136,8/5/2024,APAC,Enterprise Cloud Software,5598.75,917.36,282.68
102137,8/5/2024,APAC,Enterprise Cloud Software,10669.46,1567.84,562.49
102138,8/5/2024,North America,Edge Hardware Platforms,25981.47,10439.76,3148.98
102139,8/5/2024,North America,Enterprise Cloud Software,11770,1827.31,644.89
102140,8/5/2024,Europe,Edge Hardware Platforms,27146.56,9999.65,3224.55
102141,8/5/2024,North America,Enterprise Cloud Software,12635.02,1899.34,638.92
102142,8/6/2024,APAC,Edge Hardware Platforms,12162.92,4871.49,1338.64
102143,8/6/2024,APAC,Enterprise Cloud Software,12535.04,1889.7,610.28
102144,8/6/2024,North America,Edge Hardware Platforms,21704.41,8301.3,2818.22
102145,8/6/2024,North America,Edge Hardware Platforms,20875.25,7682.48,2721.55
102146,8/6/2024,North America,Enterprise Cloud Software,8872.91,1357.61,444.86
102147,8/6/2024,Europe,Enterprise Cloud Software,7845.41,1251.95,359.31
102148,8/6/2024,APAC,Enterprise Cloud Software,13344.54,1945.95,682.2
102149,8/6/2024,North America,Enterprise Cloud Software,7159.38,993.98,344.54
102150,8/6/2024,Europe,Edge Hardware Platforms,25797.36,10641.39,3163.02
102151,8/6/2024,Europe,Edge Hardware Platforms,18290.42,7816.84,2076.33
102152,8/7/2024,Europe,SaaS Subscriptions,3763.54,357.83,77.08
102153,8/7/2024,Europe,Enterprise Cloud Software,5814.9,897.18,288.72
102154,8/7/2024,APAC,Edge Hardware Platforms,10201.47,4065.1,1203.23
102155,8/7/2024,North America,SaaS Subscriptions,6830.07,646.14,129.93
102156,8/7/2024,North America,Enterprise Cloud Software,10846.22,1601.18,593.21
102157,8/7/2024,North America,Edge Hardware Platforms,27166.19,10824.62,2935.88
102158,8/7/2024,North America,Edge Hardware Platforms,29319.89,12693.81,3834.46
102159,8/7/2024,APAC,Edge Hardware Platforms,28117.53,12330.51,3272.93
102160,8/7/2024,North America,Edge Hardware Platforms,13743.04,4983.36,1796.21
102161,8/7/2024,APAC,Enterprise Cloud Software,9077.4,1451.76,468.48
102162,8/7/2024,North America,Edge Hardware Platforms,27940.95,12128.96,3271.67
102163,8/7/2024,North America,SaaS Subscriptions,2555.33,266.86,47.43
102164,8/7/2024,North America,Edge Hardware Platforms,13175.16,5715.58,1423.76
102165,8/7/2024,APAC,SaaS Subscriptions,3901.78,406.12,74.18
102166,8/7/2024,APAC,Edge Hardware Platforms,16004.51,6274.07,1993.48
102167,8/8/2024,North America,Enterprise Cloud Software,13700.55,2128.41,707.02
102168,8/8/2024,Europe,SaaS Subscriptions,4881.6,524.32,94.89
102169,8/8/2024,APAC,Edge Hardware Platforms,15143.54,6135.05,1829.23
102170,8/8/2024,North America,Edge Hardware Platforms,16295.71,5934.7,2130.95
102171,8/8/2024,Europe,SaaS Subscriptions,6056.34,588.31,121.43
102172,8/8/2024,Europe,SaaS Subscriptions,3522.02,378.62,76.41
102173,8/8/2024,Europe,SaaS Subscriptions,4387.27,478.48,91.3
102174,8/8/2024,North America,SaaS Subscriptions,4906.84,486.79,99.44
102175,8/8/2024,North America,Edge Hardware Platforms,26622.54,9617.09,3049.61
102176,8/8/2024,North America,Edge Hardware Platforms,24566.31,10413.7,3210.44
102177,8/8/2024,Europe,Enterprise Cloud Software,14241.48,2253.85,722.67
102178,8/8/2024,Europe,SaaS Subscriptions,6274.36,610.92,130.83
102179,8/9/2024,North America,Edge Hardware Platforms,13336.76,4825.86,1483.06
102180,8/9/2024,Europe,SaaS Subscriptions,7929.22,768.56,161.74
102181,8/9/2024,APAC,Enterprise Cloud Software,12176.46,1919.61,558.77
102182,8/9/2024,APAC,SaaS Subscriptions,2200.42,202.05,40.04
102183,8/9/2024,North America,Edge Hardware Platforms,20646.95,7875.02,2681.59
102184,8/9/2024,North America,Enterprise Cloud Software,8002.27,1207.81,392.77
102185,8/9/2024,North America,Enterprise Cloud Software,13191.65,2175.1,637.1
102186,8/9/2024,North America,Edge Hardware Platforms,24368.83,9537.04,3161.08
102187,8/9/2024,Europe,Edge Hardware Platforms,22933.46,10004.13,2914.14
102188,8/10/2024,Europe,SaaS Subscriptions,5531.15,499.03,100.88
102189,8/10/2024,APAC,Enterprise Cloud Software,5460.45,794.99,298.65
102190,8/10/2024,North America,Edge Hardware Platforms,22681.54,8209.11,2938.31
102191,8/10/2024,Europe,Edge Hardware Platforms,27214.53,11872.23,3215.73
102192,8/10/2024,North America,SaaS Subscriptions,4419.56,480.45,96.34
102193,8/10/2024,North America,SaaS Subscriptions,4209.62,433.28,76.36
102194,8/10/2024,APAC,Edge Hardware Platforms,22871.09,9884.29,2749.11
102195,8/11/2024,APAC,Enterprise Cloud Software,8239.76,1280.18,417.2
102196,8/11/2024,North America,Edge Hardware Platforms,27999.67,11621.37,3686.53
102197,8/11/2024,APAC,SaaS Subscriptions,3297.13,347.62,59.61
102198,8/11/2024,Europe,Edge Hardware Platforms,16935.2,7265.07,2176.21
102199,8/11/2024,North America,Edge Hardware Platforms,17356.64,6825.55,2221.11
102200,8/12/2024,APAC,Enterprise Cloud Software,11627.22,1804.12,552.55
102201,8/12/2024,North America,SaaS Subscriptions,6570.83,634.62,132.31
102202,8/12/2024,North America,Enterprise Cloud Software,9858.21,1356.28,526.76
102203,8/12/2024,Europe,SaaS Subscriptions,6160.8,670.34,124.56
102204,8/12/2024,Europe,SaaS Subscriptions,5852.77,530.35,122.29
102205,8/12/2024,APAC,Edge Hardware Platforms,21676.67,8967.73,2856.22
102206,8/12/2024,North America,Edge Hardware Platforms,15667.95,6442.77,1920.62
102207,8/12/2024,North America,Enterprise Cloud Software,11216.3,1557.35,534.48
102208,8/12/2024,APAC,Edge Hardware Platforms,19761.2,8601.88,2241.94
102209,8/13/2024,Europe,Edge Hardware Platforms,28033.07,12144.99,3550.09
102210,8/13/2024,North America,Enterprise Cloud Software,8837.74,1230.62,460.48
102211,8/13/2024,Europe,Enterprise Cloud Software,13365.94,1904.14,659.24
102212,8/13/2024,Europe,Edge Hardware Platforms,18825.76,6876.11,2214.56
102213,8/13/2024,APAC,SaaS Subscriptions,4480.98,441.25,93.25
102214,8/13/2024,APAC,Enterprise Cloud Software,9401.44,1493.69,480.38
102215,8/13/2024,North America,Edge Hardware Platforms,13734.93,5505.2,1657.79
102216,8/13/2024,APAC,Edge Hardware Platforms,15588.85,5900.03,2010.68
102217,8/13/2024,North America,Edge Hardware Platforms,13743.46,5797.88,1640.76
102218,8/14/2024,North America,Edge Hardware Platforms,21913.61,9591.11,2883.7
102219,8/14/2024,Europe,Enterprise Cloud Software,14006.57,2130.5,681.56
102220,8/14/2024,APAC,Edge Hardware Platforms,10680.89,4546.7,1293.46
102221,8/14/2024,North America,Enterprise Cloud Software,10937.97,1544.9,527.63
102222,8/14/2024,Europe,SaaS Subscriptions,5197.34,546.67,109.42
102223,8/14/2024,Europe,Enterprise Cloud Software,13667.89,2024.05,621.1
102224,8/14/2024,North America,Edge Hardware Platforms,11382.67,4231.95,1418.98
102225,8/14/2024,APAC,Edge Hardware Platforms,14445.82,5262.22,1773.41
102226,8/14/2024,North America,Edge Hardware Platforms,14511.6,6274.42,1732.72
102227,8/15/2024,Europe,Enterprise Cloud Software,5111.99,760.37,236.78
102228,8/15/2024,Europe,Enterprise Cloud Software,9328.51,1314.67,470.95
102229,8/15/2024,North America,Enterprise Cloud Software,5511.32,901.8,255.85
102230,8/15/2024,Europe,Enterprise Cloud Software,6081.6,913.86,301.94
102231,8/15/2024,APAC,SaaS Subscriptions,6677.65,681.4,132.35
102232,8/15/2024,North America,SaaS Subscriptions,5617.45,570.63,106.32
102233,8/15/2024,North America,SaaS Subscriptions,3882.41,383.78,71.66
102234,8/15/2024,APAC,Enterprise Cloud Software,13339.91,1857.03,718.56
102235,8/15/2024,Europe,Enterprise Cloud Software,10658.18,1538.82,498.61
102236,8/16/2024,Europe,Edge Hardware Platforms,13397.73,5233.76,1727.22
102237,8/16/2024,North America,SaaS Subscriptions,7677.85,713.26,143.65
102238,8/16/2024,APAC,Edge Hardware Platforms,10087.48,3852.51,1234.13
102239,8/16/2024,APAC,Enterprise Cloud Software,6105.41,993.12,320.6
102240,8/16/2024,Europe,Edge Hardware Platforms,18577.09,7814.94,2172.09
102241,8/16/2024,North America,Edge Hardware Platforms,18393.45,8065.71,2140.77
102242,8/16/2024,APAC,SaaS Subscriptions,3451.12,365.7,68.1
102243,8/16/2024,APAC,Edge Hardware Platforms,24886.07,9888.66,2823.75
102244,8/16/2024,North America,Edge Hardware Platforms,25109.89,10255.02,3126.86
102245,8/16/2024,North America,Edge Hardware Platforms,10887.91,4631.75,1434.56
102246,8/16/2024,Europe,Enterprise Cloud Software,6697.93,1035.34,342.4
102247,8/16/2024,APAC,Enterprise Cloud Software,12636.32,1966.71,609.43
102248,8/16/2024,Europe,Enterprise Cloud Software,9525.65,1537.78,468.78
102249,8/16/2024,APAC,Edge Hardware Platforms,13837.53,5624.8,1662.49
102250,8/16/2024,North America,Enterprise Cloud Software,9167.09,1257.57,421.57
102251,8/17/2024,North America,Edge Hardware Platforms,21610.39,8807.62,2484.78
102252,8/17/2024,North America,Edge Hardware Platforms,15136.27,5989.44,1887.11
102253,8/17/2024,North America,Edge Hardware Platforms,21787.53,9036.12,2546.49
102254,8/17/2024,Europe,Edge Hardware Platforms,26163.36,9692.19,3430.3
102255,8/17/2024,Europe,SaaS Subscriptions,4557.39,440.45,98.45
102256,8/18/2024,North America,Enterprise Cloud Software,14597.75,2247.94,737.8
102257,8/18/2024,Europe,Edge Hardware Platforms,25161.47,9849.67,3216.46
102258,8/18/2024,North America,Enterprise Cloud Software,10223.83,1512.34,526.33
102259,8/18/2024,North America,Enterprise Cloud Software,9698.09,1472.45,450.24
102260,8/18/2024,Europe,Edge Hardware Platforms,17849.04,6824.5,2326.69
102261,8/18/2024,Europe,Enterprise Cloud Software,11450.31,1837.28,561.25
102262,8/18/2024,APAC,Enterprise Cloud Software,13227.81,2000.16,624.75
102263,8/18/2024,Europe,SaaS Subscriptions,6701.34,680.2,123.71
102264,8/18/2024,Europe,Enterprise Cloud Software,5710.01,863.73,307.72
102265,8/18/2024,Europe,Enterprise Cloud Software,10735.85,1753.13,560.72
102266,8/18/2024,Europe,SaaS Subscriptions,6793.24,629.95,131.72
102267,8/18/2024,APAC,Edge Hardware Platforms,12232.75,4852.59,1525.76
102268,8/18/2024,APAC,Edge Hardware Platforms,20281.74,8728.74,2363.36
102269,8/18/2024,North America,SaaS Subscriptions,4930.64,493.34,101
102270,8/18/2024,North America,SaaS Subscriptions,4168.71,408.28,77.94
102271,8/19/2024,North America,Enterprise Cloud Software,12093.24,1942.62,627.14
102272,8/19/2024,North America,Enterprise Cloud Software,5694.8,866.25,299.35
102273,8/19/2024,North America,SaaS Subscriptions,5333.05,553.57,116.72
102274,8/19/2024,North America,SaaS Subscriptions,2756.62,269.76,59.01
102275,8/19/2024,APAC,Edge Hardware Platforms,21882.09,9117.21,2800.61
102276,8/19/2024,North America,SaaS Subscriptions,4887.66,483.94,96.27
102277,8/19/2024,Europe,SaaS Subscriptions,5289.22,576.86,99.02
102278,8/20/2024,APAC,Edge Hardware Platforms,25221.21,10138.09,2858.72
102279,8/20/2024,North America,Edge Hardware Platforms,16337.71,6320.12,1896.77
102280,8/20/2024,North America,Enterprise Cloud Software,5464.96,755.96,264.71
102281,8/20/2024,Europe,Enterprise Cloud Software,13880.09,2210.42,696.85
102282,8/20/2024,Europe,Edge Hardware Platforms,10735.56,4641.48,1192.37
102283,8/20/2024,APAC,Edge Hardware Platforms,16111.26,6438.74,1933.98
102284,8/20/2024,North America,Edge Hardware Platforms,24797.32,9938.9,2823.46
102285,8/20/2024,North America,SaaS Subscriptions,5153.3,518.25,112.58
102286,8/20/2024,North America,Edge Hardware Platforms,26234.27,11037.1,3000.65
102287,8/20/2024,North America,Edge Hardware Platforms,15153.12,6573.64,1683.54
102288,8/20/2024,North America,Enterprise Cloud Software,12033.05,1946.2,618
102289,8/21/2024,North America,Enterprise Cloud Software,8857.17,1435.81,419.74
102290,8/21/2024,North America,SaaS Subscriptions,2150.02,227.29,41.46
102291,8/21/2024,North America,SaaS Subscriptions,2837.85,286.72,54.19
102292,8/21/2024,North America,Enterprise Cloud Software,6155.57,844.18,323.82
102293,8/21/2024,Europe,Edge Hardware Platforms,18367.38,7977.24,2385.15
102294,8/21/2024,Europe,SaaS Subscriptions,3917.89,382.47,80.14
102295,8/21/2024,Europe,Edge Hardware Platforms,18013.16,7905.88,2300.41
102296,8/22/2024,APAC,SaaS Subscriptions,2145.07,209.48,43.13
102297,8/22/2024,Europe,Enterprise Cloud Software,7521.42,1101.42,376.14
102298,8/22/2024,APAC,Edge Hardware Platforms,18586.42,6771.95,2082.51
102299,8/22/2024,Europe,SaaS Subscriptions,4284.17,431.72,92.4
102300,8/22/2024,APAC,Enterprise Cloud Software,5435.95,783.66,282.44
102301,8/22/2024,APAC,Enterprise Cloud Software,5284.84,853.63,277.36
102302,8/22/2024,APAC,Edge Hardware Platforms,18321.02,6848.12,2029.61
102303,8/22/2024,Europe,Edge Hardware Platforms,11606.33,5001.85,1308.74
102304,8/22/2024,Europe,Enterprise Cloud Software,13129.05,1819.05,690.07
102305,8/22/2024,North America,Edge Hardware Platforms,24680.09,9226.84,2834.66
102306,8/22/2024,APAC,SaaS Subscriptions,2269.61,211.89,41.92
102307,8/22/2024,North America,SaaS Subscriptions,5309.93,527.61,116.49
102308,8/23/2024,North America,Enterprise Cloud Software,11360.4,1857.25,624.45
102309,8/23/2024,North America,Edge Hardware Platforms,27125.35,10020.02,3378.45
102310,8/23/2024,Europe,Enterprise Cloud Software,9027.54,1239.29,469.02
102311,8/23/2024,North America,Edge Hardware Platforms,12421.63,5331.02,1488.64
102312,8/23/2024,Europe,Edge Hardware Platforms,18209.86,6836.03,2292.32
102313,8/23/2024,North America,Enterprise Cloud Software,12101.45,1709.51,581.69
102314,8/23/2024,Europe,Edge Hardware Platforms,24171.58,9907.32,2984.36
102315,8/23/2024,Europe,Enterprise Cloud Software,8223.33,1218.2,395.33
102316,8/23/2024,APAC,SaaS Subscriptions,2987.93,269.25,54.29
102317,8/23/2024,North America,Enterprise Cloud Software,10333.38,1660.99,541.13
102318,8/23/2024,North America,Edge Hardware Platforms,20157.88,8563.4,2583.01
102319,8/23/2024,APAC,Edge Hardware Platforms,23885.49,8812.41,2903.69
102320,8/23/2024,North America,Edge Hardware Platforms,22681.01,8631.46,2477.96
102321,8/23/2024,North America,Enterprise Cloud Software,5083.5,703.1,240.93
102322,8/24/2024,APAC,Edge Hardware Platforms,12548.42,5065.11,1613.61
102323,8/24/2024,Europe,Enterprise Cloud Software,10616.16,1660.85,555.02
102324,8/24/2024,Europe,SaaS Subscriptions,7220.63,733.46,142.39
102325,8/24/2024,Europe,SaaS Subscriptions,2033.91,223.4,38.1
102326,8/24/2024,Europe,SaaS Subscriptions,3350.24,333.47,62.08
102327,8/24/2024,North America,Enterprise Cloud Software,8636.28,1262.66,474.41
102328,8/24/2024,APAC,Enterprise Cloud Software,12259.69,1674.09,555.39
102329,8/25/2024,APAC,Edge Hardware Platforms,25128.91,9919.01,3050.73
102330,8/25/2024,APAC,Enterprise Cloud Software,8428.69,1333.41,427.37
102331,8/25/2024,North America,Edge Hardware Platforms,21732.67,9405.06,2445.44
102332,8/25/2024,APAC,Enterprise Cloud Software,7422.36,1056.2,399.14
102333,8/25/2024,North America,Edge Hardware Platforms,19236.13,8462.5,2464.88
102334,8/25/2024,Europe,SaaS Subscriptions,5804.18,620.31,110.54
102335,8/25/2024,North America,Edge Hardware Platforms,18693.81,7367.52,2255.26
102336,8/25/2024,North America,Edge Hardware Platforms,10611.37,4643.44,1381.53
102337,8/26/2024,North America,SaaS Subscriptions,7284.49,765.99,147.54
102338,8/26/2024,North America,Edge Hardware Platforms,17135.93,7254.96,2162.47
102339,8/26/2024,APAC,Enterprise Cloud Software,13091.03,2135.85,692.42
102340,8/26/2024,North America,Enterprise Cloud Software,5208.45,801.38,267.18
102341,8/26/2024,APAC,Edge Hardware Platforms,16638.13,6820.87,2126.6
102342,8/26/2024,APAC,SaaS Subscriptions,4560.04,468.31,97.7
102343,8/26/2024,Europe,Enterprise Cloud Software,6697.23,904.16,349.48
102344,8/26/2024,North America,Enterprise Cloud Software,7978.76,1211.27,390.8
102345,8/26/2024,Europe,Enterprise Cloud Software,6239.39,935.76,301.8
102346,8/26/2024,North America,Enterprise Cloud Software,13957.19,2173.9,645.05
102347,8/26/2024,North America,SaaS Subscriptions,6087.04,598.66,126.65
102348,8/26/2024,APAC,Edge Hardware Platforms,19557.55,7713.31,2117.39
102349,8/27/2024,Europe,SaaS Subscriptions,5694.66,527.36,105.12
102350,8/27/2024,North America,Edge Hardware Platforms,14857.72,6221.68,1849.34
102351,8/27/2024,North America,Enterprise Cloud Software,6024,946.49,298.21
102352,8/27/2024,North America,SaaS Subscriptions,5561.68,558.17,116.65
102353,8/27/2024,APAC,Edge Hardware Platforms,18800.13,7338.52,2378.59
102354,8/27/2024,Europe,Edge Hardware Platforms,27807.98,12048.4,3188.61
102355,8/27/2024,North America,Enterprise Cloud Software,12513.72,1828.28,584.81
102356,8/27/2024,North America,Edge Hardware Platforms,12722.73,4739.34,1582.88
102357,8/27/2024,North America,Enterprise Cloud Software,13443.65,2155.65,649.23
102358,8/28/2024,APAC,Edge Hardware Platforms,28276.3,12368.76,3628.75
102359,8/28/2024,North America,Enterprise Cloud Software,10481.2,1557.41,563.65
102360,8/28/2024,North America,Enterprise Cloud Software,12517.99,1725.6,603.46
102361,8/28/2024,North America,Edge Hardware Platforms,13162.65,5644.78,1562.95
102362,8/28/2024,APAC,Edge Hardware Platforms,15500.81,5756.17,1675.48
102363,8/28/2024,Europe,Enterprise Cloud Software,8917.28,1361.47,425.86
102364,8/28/2024,North America,Edge Hardware Platforms,28935.82,10649.4,3233.12
102365,8/28/2024,APAC,Enterprise Cloud Software,14776.32,1996.86,794.03
102366,8/28/2024,North America,SaaS Subscriptions,3901.67,402.21,71.48
102367,8/28/2024,North America,Edge Hardware Platforms,20573.72,8933.88,2433.67
102368,8/28/2024,APAC,Edge Hardware Platforms,29584.97,12922.32,3428.88
102369,8/28/2024,APAC,SaaS Subscriptions,3264.08,334.52,59.7
102370,8/28/2024,APAC,Enterprise Cloud Software,5708.15,839.14,289.8
102371,8/28/2024,APAC,SaaS Subscriptions,4636.96,422.93,97.36
102372,8/29/2024,Europe,Enterprise Cloud Software,14577.04,1981.09,795.63
102373,8/29/2024,North America,Enterprise Cloud Software,7924.74,1256.77,416.24
102374,8/29/2024,North America,Enterprise Cloud Software,11425.8,1699.5,604.69
102375,8/29/2024,North America,Edge Hardware Platforms,24613.44,10816.89,3059.22
102376,8/29/2024,North America,Enterprise Cloud Software,11409.17,1719.31,616
102377,8/29/2024,Europe,Edge Hardware Platforms,18071.79,7090.47,2049.91
102378,8/29/2024,North America,Edge Hardware Platforms,14248.29,5366.85,1581.69
102379,8/29/2024,North America,Enterprise Cloud Software,11742.31,1726.61,594.34
102380,8/29/2024,Europe,SaaS Subscriptions,2409.6,237,45.74
102381,8/29/2024,Europe,SaaS Subscriptions,6343.91,654.94,125.39
102382,8/29/2024,Europe,Enterprise Cloud Software,10862.39,1646.88,526.46
102383,8/29/2024,North America,SaaS Subscriptions,2323.17,212.32,45.91
102384,8/29/2024,North America,Edge Hardware Platforms,22683.8,9568.09,2626.61
102385,8/29/2024,Europe,SaaS Subscriptions,4071.65,394.13,87.95
102386,8/29/2024,North America,Edge Hardware Platforms,12373.45,4483.13,1369.85
102387,8/30/2024,North America,SaaS Subscriptions,6553.59,628.76,129.15
102388,8/30/2024,North America,Enterprise Cloud Software,12227.62,1748.86,650.52
102389,8/30/2024,APAC,Enterprise Cloud Software,9730.35,1547.73,514.63
102390,8/30/2024,APAC,Edge Hardware Platforms,19077.07,7775.77,2506.24
102391,8/30/2024,North America,SaaS Subscriptions,3616.14,396.99,74.79
102392,8/30/2024,Europe,Edge Hardware Platforms,15450.62,5901.12,1710.77
102393,8/31/2024,APAC,Enterprise Cloud Software,5356.05,852.34,273.99
102394,8/31/2024,North America,Edge Hardware Platforms,19043.65,8035.74,2152.28
102395,8/31/2024,Europe,Enterprise Cloud Software,14575.27,2308.17,763.27
102396,8/31/2024,Europe,Edge Hardware Platforms,28465.65,10413.68,3623.06
102397,8/31/2024,North America,Edge Hardware Platforms,20388.59,8616.47,2612.28
102398,8/31/2024,Europe,Edge Hardware Platforms,28930.05,10985.37,3682.05
102399,8/31/2024,Europe,Edge Hardware Platforms,10027.36,3968.11,1149.55
102400,8/31/2024,North America,Enterprise Cloud Software,8475.58,1300.52,452.39
102401,8/31/2024,North America,Edge Hardware Platforms,17839.12,7154.76,2273.24
102402,8/31/2024,Europe,SaaS Subscriptions,5111.31,521.75,100.95
102403,8/31/2024,APAC,SaaS Subscriptions,5834.87,620.92,106.4
102404,8/31/2024,APAC,Enterprise Cloud Software,7565.2,1033.41,413.47
102405,8/31/2024,APAC,SaaS Subscriptions,7083.3,705.43,153.68
102406,8/31/2024,APAC,Edge Hardware Platforms,13512.5,5576.47,1775.68
102407,8/31/2024,APAC,SaaS Subscriptions,7602.91,820.19,160.46
102408,9/1/2024,Europe,Edge Hardware Platforms,29831.96,13086.01,3676.51
102409,9/1/2024,Europe,Edge Hardware Platforms,23649.58,8706.02,2740.52
102410,9/1/2024,North America,Enterprise Cloud Software,6958.39,1040.68,367.74
102411,9/1/2024,Europe,Edge Hardware Platforms,11647.06,4705.69,1333.71
102412,9/1/2024,Europe,SaaS Subscriptions,2667.89,251.43,53.07
102413,9/2/2024,APAC,SaaS Subscriptions,4002.29,439.61,73.69
102414,9/2/2024,North America,SaaS Subscriptions,7563.59,694.43,139.58
102415,9/2/2024,North America,Enterprise Cloud Software,7094.2,1164.17,366.62
102416,9/2/2024,APAC,Edge Hardware Platforms,20701.47,8773.26,2531.78
102417,9/2/2024,North America,Edge Hardware Platforms,20670.17,8802.93,2719.4
102418,9/2/2024,Europe,Edge Hardware Platforms,11995.26,5063.76,1402.41
102419,9/2/2024,North America,Edge Hardware Platforms,22212.86,8208.54,2891.6
102420,9/2/2024,North America,SaaS Subscriptions,6242.83,603.02,122.13
102421,9/3/2024,APAC,Edge Hardware Platforms,28899.3,11898.26,3270.93
102422,9/3/2024,Europe,Edge Hardware Platforms,29714.89,11205.83,3635.59
102423,9/3/2024,APAC,Edge Hardware Platforms,17593.59,7583.4,2070.78
102424,9/3/2024,Europe,SaaS Subscriptions,3258.96,357.3,67.81
102425,9/3/2024,Europe,Edge Hardware Platforms,29087.29,10950.14,3359.01
102426,9/4/2024,Europe,SaaS Subscriptions,7332.72,708.04,144.39
102427,9/4/2024,Europe,Enterprise Cloud Software,13201.54,2130.65,707.23
102428,9/4/2024,North America,Edge Hardware Platforms,10247.77,4016.63,1220
102429,9/4/2024,APAC,SaaS Subscriptions,7796.58,839.71,140.59
102430,9/4/2024,Europe,Enterprise Cloud Software,7725.94,1177.04,401.8
102431,9/4/2024,Europe,Enterprise Cloud Software,6036.04,838.15,277.14
102432,9/4/2024,North America,Edge Hardware Platforms,26616.75,10452.53,3317.16
102433,9/4/2024,North America,SaaS Subscriptions,4099.99,438.36,89.3
102434,9/4/2024,APAC,Enterprise Cloud Software,11503.07,1594.36,518.29
102435,9/4/2024,North America,SaaS Subscriptions,7450.78,704.22,150.42
102436,9/4/2024,APAC,Edge Hardware Platforms,17871.56,7124.67,2269.07
102437,9/4/2024,Europe,Edge Hardware Platforms,18633.95,7083.89,2158.47
102438,9/4/2024,North America,Edge Hardware Platforms,12962.22,5507.96,1530.76
102439,9/4/2024,APAC,SaaS Subscriptions,7096.87,773.77,143.87
102440,9/4/2024,North America,SaaS Subscriptions,7211.03,773.66,149.8
102441,9/5/2024,APAC,Edge Hardware Platforms,21483.24,8594.59,2572.61
102442,9/5/2024,Europe,Enterprise Cloud Software,12557.1,1865.23,685.43
102443,9/5/2024,North America,Edge Hardware Platforms,28814.34,11902.53,3714.47
102444,9/5/2024,APAC,Edge Hardware Platforms,22002.48,8195.94,2659.06
102445,9/5/2024,North America,Edge Hardware Platforms,20561.17,8078.45,2353.25
102446,9/5/2024,APAC,Enterprise Cloud Software,5435.61,769.24,297.39
102447,9/5/2024,APAC,Edge Hardware Platforms,27602.13,10409.23,3624.96
102448,9/5/2024,North America,Enterprise Cloud Software,6122.12,931.75,323.31
102449,9/5/2024,North America,SaaS Subscriptions,4606.52,428.45,91.5
102450,9/6/2024,Europe,Edge Hardware Platforms,21128.38,8481.12,2717.33
102451,9/6/2024,Europe,Enterprise Cloud Software,5630.17,831.75,254.24
102452,9/6/2024,North America,Edge Hardware Platforms,17511.78,7676.25,2019
102453,9/6/2024,North America,Enterprise Cloud Software,10110.09,1411.47,517.26
102454,9/6/2024,North America,Edge Hardware Platforms,26525.38,9639.38,3131.96
102455,9/6/2024,Europe,Edge Hardware Platforms,19358.31,7847.91,2458.29
102456,9/6/2024,Europe,Edge Hardware Platforms,11716.85,4902.25,1510.39
102457,9/6/2024,APAC,SaaS Subscriptions,6784.51,697.92,143.33
102458,9/6/2024,Europe,Edge Hardware Platforms,16974,6554.28,2141.45
102459,9/6/2024,Europe,Enterprise Cloud Software,7019.38,1128.54,363.45
102460,9/6/2024,Europe,Edge Hardware Platforms,18616.35,6787.42,2213.82
102461,9/6/2024,APAC,Edge Hardware Platforms,17671.63,6384.01,2102.71
102462,9/6/2024,North America,Edge Hardware Platforms,20135.67,8601.97,2455.8
102463,9/6/2024,North America,Edge Hardware Platforms,23994.13,8818.25,2949.02
102464,9/6/2024,APAC,Enterprise Cloud Software,11266.25,1798.54,564.64
102465,9/7/2024,APAC,Enterprise Cloud Software,6868.08,1062.13,334.87
102466,9/7/2024,APAC,Edge Hardware Platforms,29130.98,10956.62,3750.18
102467,9/7/2024,North America,SaaS Subscriptions,2946.13,295.58,62.37
102468,9/7/2024,Europe,Edge Hardware Platforms,29727.12,11713.22,3641.5
102469,9/7/2024,North America,SaaS Subscriptions,5889.01,577.6,106.38
102470,9/7/2024,Europe,Enterprise Cloud Software,5012.04,769.26,235.02
102471,9/7/2024,North America,Edge Hardware Platforms,11073.94,4264.27,1235.7
102472,9/7/2024,Europe,Edge Hardware Platforms,24422.72,9290.85,2689.97
102473,9/7/2024,North America,Edge Hardware Platforms,28916.89,10913.76,3301.2
102474,9/7/2024,North America,Edge Hardware Platforms,23597.46,9708.81,3036.22
102475,9/7/2024,Europe,Enterprise Cloud Software,7894.05,1222.57,403.63
102476,9/7/2024,Europe,Edge Hardware Platforms,22747.82,9793.07,2776.7
102477,9/7/2024,APAC,Enterprise Cloud Software,11781.83,1909.43,575.63
102478,9/7/2024,APAC,Edge Hardware Platforms,11190.52,4549.18,1243.54
102479,9/7/2024,APAC,SaaS Subscriptions,2658.34,245.72,54.17
102480,9/8/2024,North America,Enterprise Cloud Software,10718.47,1477.79,499.52
102481,9/8/2024,North America,Edge Hardware Platforms,26839.17,11609.33,2944.94
102482,9/8/2024,Europe,Edge Hardware Platforms,20675.4,8546.36,2348.9
102483,9/8/2024,Europe,Edge Hardware Platforms,11794.16,4836.13,1413.94
102484,9/8/2024,North America,Edge Hardware Platforms,25505.96,10817.91,3152.25
102485,9/8/2024,Europe,Edge Hardware Platforms,17700.31,6551.32,2075.45
102486,9/8/2024,Europe,Edge Hardware Platforms,28716.02,12123.52,3206.08
102487,9/8/2024,North America,Enterprise Cloud Software,12381.82,1933.84,679.31
102488,9/8/2024,Europe,SaaS Subscriptions,5458.64,586.7,114
102489,9/8/2024,Europe,Edge Hardware Platforms,24459.41,9626.55,2698.31
102490,9/8/2024,North America,Edge Hardware Platforms,21985.83,8053.58,2525.86
102491,9/8/2024,North America,Edge Hardware Platforms,15569.65,5724.21,1743.12
102492,9/8/2024,North America,SaaS Subscriptions,3705.92,386.5,75.12
102493,9/9/2024,Europe,Edge Hardware Platforms,29838.53,11566.36,3516.92
102494,9/9/2024,North America,Enterprise Cloud Software,11933.95,1939.4,584.12
102495,9/9/2024,North America,Enterprise Cloud Software,9550.52,1372.6,452.08
102496,9/9/2024,Europe,Enterprise Cloud Software,10392.31,1650.43,495.32
102497,9/9/2024,Europe,Edge Hardware Platforms,23100.49,9140.12,2687
102498,9/9/2024,APAC,Edge Hardware Platforms,16425.1,6048.4,1802.22
102499,9/9/2024,North America,Edge Hardware Platforms,11033.24,4269.36,1391.04
102500,9/9/2024,North America,Edge Hardware Platforms,24909.34,9457.23,3125.92
102501,9/9/2024,Europe,Edge Hardware Platforms,14208.41,5707.54,1848.71
102502,9/9/2024,Europe,Enterprise Cloud Software,11827.57,1748.31,602.2
102503,9/9/2024,Europe,Edge Hardware Platforms,26279.68,10978.93,3226.14
102504,9/9/2024,North America,SaaS Subscriptions,7615.43,706.25,151.95
102505,9/9/2024,North America,Edge Hardware Platforms,24432.59,9071.11,3152.99
102506,9/9/2024,North America,Edge Hardware Platforms,19139.61,7392.9,2139.77
102507,9/10/2024,Europe,Edge Hardware Platforms,12441.71,4591.19,1365.3
102508,9/10/2024,Europe,Edge Hardware Platforms,11168.62,4521.3,1228.91
102509,9/10/2024,APAC,SaaS Subscriptions,6189.4,671.7,131.5
102510,9/10/2024,APAC,Edge Hardware Platforms,16121.18,6084.52,1867.68
102511,9/10/2024,Europe,Enterprise Cloud Software,7586.4,1130.69,359.07
102512,9/10/2024,Europe,SaaS Subscriptions,6488.54,670.45,131.92
102513,9/10/2024,Europe,Enterprise Cloud Software,13947.1,1986.85,640.35
102514,9/10/2024,APAC,Enterprise Cloud Software,8718.96,1184.46,404.3
102515,9/10/2024,North America,Enterprise Cloud Software,11566.57,1851.93,563.68
102516,9/10/2024,APAC,Enterprise Cloud Software,8253.9,1151.6,422.65
102517,9/10/2024,Europe,Edge Hardware Platforms,25233.5,10185.66,3105.31
102518,9/11/2024,North America,Enterprise Cloud Software,13229.81,2018.84,676.45
102519,9/11/2024,APAC,Edge Hardware Platforms,13872.67,5214.35,1742.17
102520,9/11/2024,Europe,Enterprise Cloud Software,6450.65,894.19,330.78
102521,9/11/2024,North America,Enterprise Cloud Software,8895.53,1385.39,462.13
102522,9/11/2024,Europe,Edge Hardware Platforms,20421.92,8947.96,2285.19
102523,9/12/2024,APAC,Edge Hardware Platforms,29048.41,12371.83,3472.6
102524,9/12/2024,Europe,Edge Hardware Platforms,21174.47,7721.14,2640.68
102525,9/12/2024,North America,SaaS Subscriptions,6949.68,658.42,134.09
102526,9/12/2024,Europe,Edge Hardware Platforms,15747.07,6415.34,1813.23
102527,9/12/2024,North America,Enterprise Cloud Software,6011.51,954.43,328.31
102528,9/12/2024,Europe,Edge Hardware Platforms,12936.96,5227.6,1442.11
102529,9/12/2024,Europe,SaaS Subscriptions,3174.19,334.21,57.43
102530,9/12/2024,North America,Enterprise Cloud Software,8524.75,1195.22,415.44
102531,9/12/2024,Europe,Edge Hardware Platforms,23132.44,10028.1,2720.71
102532,9/12/2024,North America,Enterprise Cloud Software,13540.01,2060.1,670.91
102533,9/13/2024,Europe,Enterprise Cloud Software,14431.63,2331.03,661.53
102534,9/13/2024,Europe,Enterprise Cloud Software,9107.77,1469.13,457.89
102535,9/13/2024,North America,Enterprise Cloud Software,13003.25,1999.06,646.01
102536,9/13/2024,North America,Edge Hardware Platforms,29196.87,11725.67,3434.04
102537,9/13/2024,Europe,Edge Hardware Platforms,16802.18,6289,2050.51
102538,9/13/2024,Europe,Edge Hardware Platforms,27639.75,10771.04,3035.08
102539,9/13/2024,APAC,Edge Hardware Platforms,22465.15,9284.95,2720.9
102540,9/14/2024,North America,Edge Hardware Platforms,27332.16,11577.31,3583.4
102541,9/14/2024,North America,Enterprise Cloud Software,5802.08,914.02,269.26
102542,9/14/2024,North America,Edge Hardware Platforms,18229.69,7605.57,2181.88
102543,9/14/2024,Europe,Edge Hardware Platforms,27437.53,10745.03,3182.8
102544,9/14/2024,North America,Enterprise Cloud Software,13606.89,1896.79,735.94
102545,9/14/2024,North America,SaaS Subscriptions,6744.92,685.55,139.47
102546,9/15/2024,Europe,SaaS Subscriptions,7976.88,736.51,170.69
102547,9/15/2024,Europe,Edge Hardware Platforms,22261.45,8113.79,2674.83
102548,9/15/2024,APAC,Enterprise Cloud Software,9263.9,1511.72,456.58
102549,9/15/2024,North America,Edge Hardware Platforms,20389.06,8370.92,2593.83
102550,9/15/2024,Europe,SaaS Subscriptions,5202.32,503.43,107.33
102551,9/15/2024,Europe,Edge Hardware Platforms,11132.3,4158.92,1278.51
102552,9/15/2024,North America,Edge Hardware Platforms,10366.97,4358.84,1185.65
102553,9/15/2024,North America,Edge Hardware Platforms,14318.51,6167.81,1575.74
102554,9/16/2024,North America,Enterprise Cloud Software,8118.9,1204.13,375.14
102555,9/16/2024,North America,Edge Hardware Platforms,21394.39,8615.51,2542.9
102556,9/16/2024,APAC,Enterprise Cloud Software,6806.27,1051.06,315.56
102557,9/16/2024,Europe,Edge Hardware Platforms,29420.1,12670.38,3845.01
102558,9/16/2024,North America,SaaS Subscriptions,2774.54,284.83,57.93
102559,9/16/2024,North America,Edge Hardware Platforms,11049.21,4236.94,1437.59
102560,9/16/2024,North America,Enterprise Cloud Software,9436.78,1514.78,431.89
102561,9/16/2024,North America,SaaS Subscriptions,2708.93,260.64,57.2
102562,9/17/2024,APAC,Enterprise Cloud Software,14205.54,2316.18,661.31
102563,9/17/2024,North America,SaaS Subscriptions,4893.51,496.41,100.14
102564,9/17/2024,APAC,SaaS Subscriptions,3163.55,299.69,68.04
102565,9/17/2024,APAC,Edge Hardware Platforms,29893.98,12520.04,3383.4
102566,9/17/2024,APAC,Edge Hardware Platforms,10723.05,4136.03,1354.59
102567,9/17/2024,APAC,Enterprise Cloud Software,7465.16,1134.02,396.53
102568,9/17/2024,Europe,Edge Hardware Platforms,22627.79,8584.26,2678.72
102569,9/17/2024,North America,SaaS Subscriptions,2675.33,277.15,50.94
102570,9/17/2024,Europe,Enterprise Cloud Software,8232.45,1175.69,432.43
102571,9/17/2024,North America,Edge Hardware Platforms,19121.4,7720.83,2314.43
102572,9/17/2024,APAC,Edge Hardware Platforms,14153.68,6127.74,1587.99
102573,9/17/2024,APAC,Enterprise Cloud Software,11587.24,1616.61,628.39
102574,9/17/2024,Europe,Edge Hardware Platforms,12806.46,4990.62,1599.79
102575,9/17/2024,North America,Enterprise Cloud Software,10774.09,1589.55,502.7
102576,9/17/2024,North America,Edge Hardware Platforms,29493.44,11167.62,3732.56
102577,9/18/2024,Europe,SaaS Subscriptions,6046.65,593.02,129.7
102578,9/18/2024,North America,Edge Hardware Platforms,29011.01,11895.44,3702.01
102579,9/18/2024,Europe,SaaS Subscriptions,7666.93,731.87,143.21
102580,9/18/2024,Europe,Edge Hardware Platforms,14543.83,5240.55,1690.44
102581,9/18/2024,APAC,Edge Hardware Platforms,18026.51,6767.26,2100.92
102582,9/18/2024,North America,Enterprise Cloud Software,14067.42,2320.13,656.12
102583,9/18/2024,North America,Edge Hardware Platforms,19233.18,7239.09,2216.32
102584,9/18/2024,North America,Edge Hardware Platforms,24251.56,9962.45,2844.54
102585,9/18/2024,APAC,SaaS Subscriptions,3041.84,287.33,61.15
102586,9/18/2024,North America,Edge Hardware Platforms,21635.83,8692.54,2508.5
102587,9/19/2024,Europe,Edge Hardware Platforms,28648.92,10650.06,3570.12
102588,9/19/2024,APAC,Edge Hardware Platforms,17235.99,6440.4,2220.05
102589,9/19/2024,North America,SaaS Subscriptions,7086.55,691.17,143.83
102590,9/19/2024,North America,Enterprise Cloud Software,12102.73,1880.01,587.39
102591,9/19/2024,APAC,Enterprise Cloud Software,9612.71,1433.98,465.33
102592,9/19/2024,APAC,Edge Hardware Platforms,20783.99,8331.08,2324.13
102593,9/19/2024,North America,Edge Hardware Platforms,28491.4,12117.88,3282.48
102594,9/19/2024,Europe,Enterprise Cloud Software,6021.72,897.88,302.91
102595,9/20/2024,APAC,Enterprise Cloud Software,10376.48,1585.46,523.34
102596,9/20/2024,North America,Edge Hardware Platforms,11025.41,4318.14,1240.65
102597,9/20/2024,Europe,Edge Hardware Platforms,20642.4,8148.36,2421.27
102598,9/20/2024,APAC,Enterprise Cloud Software,12342.18,1946.66,607.14
102599,9/20/2024,North America,Edge Hardware Platforms,11864.28,4314.73,1313.12
102600,9/20/2024,North America,Edge Hardware Platforms,26982.73,10222.44,3519.73
102601,9/20/2024,APAC,SaaS Subscriptions,7025.38,683.4,128.5
102602,9/20/2024,Europe,Edge Hardware Platforms,26999.52,11871.13,3245.23
102603,9/20/2024,North America,Enterprise Cloud Software,5048,758.58,255.2
102604,9/20/2024,APAC,Edge Hardware Platforms,28329.37,11622.03,3630.92
102605,9/21/2024,APAC,Enterprise Cloud Software,7166.16,1148.97,367.74
102606,9/21/2024,North America,Edge Hardware Platforms,14195.17,5336.36,1853.54
102607,9/21/2024,APAC,Edge Hardware Platforms,14778.58,5460.48,1904.96
102608,9/21/2024,North America,Edge Hardware Platforms,15552.25,6308.46,1773.15
102609,9/21/2024,North America,SaaS Subscriptions,5619.13,522.09,117.47
102610,9/21/2024,North America,Edge Hardware Platforms,22932.14,8754.44,2688.07
102611,9/21/2024,Europe,SaaS Subscriptions,5175.47,466.82,100.17
102612,9/21/2024,North America,Edge Hardware Platforms,18725.38,7688.89,2076.78
102613,9/21/2024,North America,Edge Hardware Platforms,16311.47,7165.41,1930.53
102614,9/21/2024,APAC,SaaS Subscriptions,7016.04,638.02,152.89
102615,9/21/2024,North America,Enterprise Cloud Software,9143.7,1287.79,428.31
102616,9/22/2024,Europe,SaaS Subscriptions,2128.64,223.02,46.48
102617,9/22/2024,APAC,Enterprise Cloud Software,8268.2,1158.98,421.79
102618,9/22/2024,Europe,Edge Hardware Platforms,20790.13,8633.59,2455.57
102619,9/22/2024,APAC,Edge Hardware Platforms,11293.31,4626.76,1283.46
102620,9/22/2024,Europe,SaaS Subscriptions,7274.37,713.55,139.42
102621,9/22/2024,North America,Edge Hardware Platforms,12284.97,4962.42,1327.17
102622,9/22/2024,North America,Enterprise Cloud Software,14712.19,2307.13,713.49
102623,9/22/2024,North America,Edge Hardware Platforms,14268.96,5749.17,1827.12
102624,9/23/2024,Europe,Edge Hardware Platforms,28545.31,12404.43,3434.15
102625,9/23/2024,North America,Edge Hardware Platforms,13731.16,5642.24,1647.77
102626,9/23/2024,North America,Enterprise Cloud Software,9796.32,1583.36,496.32
102627,9/23/2024,Europe,Edge Hardware Platforms,21428.23,8481.09,2653.22
102628,9/23/2024,North America,Edge Hardware Platforms,15919.85,6146.57,2086.49
102629,9/23/2024,North America,Edge Hardware Platforms,20197.85,8665.73,2383.35
102630,9/23/2024,Europe,SaaS Subscriptions,3860.1,377.73,74.99
102631,9/23/2024,APAC,Enterprise Cloud Software,8084.21,1256.14,409.5
102632,9/23/2024,Europe,Edge Hardware Platforms,13951.69,5503.35,1674.77
102633,9/23/2024,APAC,Enterprise Cloud Software,13678.29,2110.93,618.31
102634,9/24/2024,Europe,Enterprise Cloud Software,12910.3,1971.93,610.64
102635,9/24/2024,Europe,Edge Hardware Platforms,27463.19,9957.41,3556.49
102636,9/24/2024,Europe,Edge Hardware Platforms,10052.15,4123.99,1227.61
102637,9/24/2024,Europe,Edge Hardware Platforms,21117.42,9050.25,2398.58
102638,9/24/2024,APAC,Enterprise Cloud Software,13131.18,2143.19,634.98
102639,9/24/2024,Europe,Edge Hardware Platforms,11589.43,4630.28,1351.95
102640,9/24/2024,APAC,SaaS Subscriptions,6204.68,639.79,129.89
102641,9/24/2024,North America,Edge Hardware Platforms,21074.09,9168.12,2642.19
102642,9/24/2024,Europe,Edge Hardware Platforms,17417.81,7288.26,2052.8
102643,9/24/2024,North America,Edge Hardware Platforms,23737.55,9417.72,2885.82
102644,9/24/2024,Europe,Edge Hardware Platforms,27911.43,10839.78,3651.8
102645,9/24/2024,Europe,Edge Hardware Platforms,23995.38,9032.96,2632.64
102646,9/24/2024,Europe,Edge Hardware Platforms,24044.27,9573.16,2776.96
102647,9/25/2024,APAC,Edge Hardware Platforms,27395.18,11608.79,3186.49
102648,9/25/2024,APAC,Enterprise Cloud Software,8285.92,1145.42,450.35
102649,9/25/2024,North America,Edge Hardware Platforms,17826.66,7786.58,2068.63
102650,9/25/2024,APAC,SaaS Subscriptions,4613.64,450.12,96.84
102651,9/25/2024,APAC,Edge Hardware Platforms,14542.53,6268.77,1705.87
102652,9/25/2024,Europe,SaaS Subscriptions,3130.37,330.85,63.81
102653,9/25/2024,APAC,Enterprise Cloud Software,9206.82,1472.96,416.08
102654,9/25/2024,North America,SaaS Subscriptions,3682.37,403.26,68.97
102655,9/25/2024,North America,Edge Hardware Platforms,23155.57,9412.5,2795.28
102656,9/26/2024,North America,Edge Hardware Platforms,13109.05,5344.24,1494.6
102657,9/26/2024,North America,Edge Hardware Platforms,10535.41,3870.24,1311.26
102658,9/26/2024,Europe,SaaS Subscriptions,6168.03,556.12,126.24
102659,9/26/2024,North America,Edge Hardware Platforms,29830.15,12006.51,3710.47
102660,9/26/2024,North America,Edge Hardware Platforms,27121.91,10127.15,3102.01
102661,9/26/2024,Europe,Edge Hardware Platforms,17517.68,7606.5,1931.62
102662,9/26/2024,North America,Edge Hardware Platforms,14519.74,5989.58,1625.36
102663,9/26/2024,North America,Enterprise Cloud Software,14299.85,2167.18,757.37
102664,9/27/2024,North America,Enterprise Cloud Software,13546.36,1907.73,631.48
102665,9/27/2024,North America,Edge Hardware Platforms,12483.75,5431.05,1637.74
102666,9/27/2024,APAC,Enterprise Cloud Software,14461.98,2385.11,787.08
102667,9/27/2024,Europe,Edge Hardware Platforms,12445.06,5350.68,1361.88
102668,9/27/2024,North America,SaaS Subscriptions,4533.97,419.95,99.19
102669,9/27/2024,APAC,Enterprise Cloud Software,13648.04,2002.34,666.21
102670,9/27/2024,North America,Enterprise Cloud Software,7680.09,1049.2,416.6
102671,9/27/2024,Europe,SaaS Subscriptions,6303.74,583.89,137.18
102672,9/27/2024,APAC,Edge Hardware Platforms,12230.67,5092.02,1534.71
102673,9/27/2024,APAC,Enterprise Cloud Software,6417.04,981.47,328.5
102674,9/28/2024,North America,Edge Hardware Platforms,24758.23,9539.15,2961.42
102675,9/28/2024,APAC,SaaS Subscriptions,3381.89,321.49,73.59
102676,9/28/2024,North America,Edge Hardware Platforms,22245.3,8516.55,2751.42
102677,9/28/2024,Europe,Edge Hardware Platforms,11993.22,5272.38,1410.52
102678,9/28/2024,Europe,SaaS Subscriptions,4539.73,478.84,99.36
102679,9/28/2024,North America,Edge Hardware Platforms,28111.52,10479.17,3055.34
102680,9/28/2024,APAC,SaaS Subscriptions,7835.5,714.32,145.93
102681,9/28/2024,North America,Edge Hardware Platforms,22120.2,8599.16,2419.47
102682,9/28/2024,Europe,Edge Hardware Platforms,12258.06,5304.22,1382.4
102683,9/28/2024,Europe,SaaS Subscriptions,5476.85,519.96,105.36
102684,9/28/2024,APAC,Enterprise Cloud Software,12461.9,2052.54,685.38
102685,9/28/2024,Europe,SaaS Subscriptions,7941.5,774.24,150.97
102686,9/29/2024,Europe,Enterprise Cloud Software,13451.07,2058.88,666.36
102687,9/29/2024,Europe,Edge Hardware Platforms,10808.78,4663.16,1426.32
102688,9/29/2024,North America,Enterprise Cloud Software,6435.77,996.46,332.18
102689,9/29/2024,APAC,Edge Hardware Platforms,18993.79,7769,2365.08
102690,9/29/2024,Europe,Edge Hardware Platforms,22901.95,9266.08,2827.35
102691,9/29/2024,Europe,Edge Hardware Platforms,22856.07,9178.53,2842.45
102692,9/29/2024,Europe,Enterprise Cloud Software,5014.18,761.15,255.25
102693,9/29/2024,APAC,Edge Hardware Platforms,17882.66,6726.45,1961.6
102694,9/29/2024,APAC,Enterprise Cloud Software,11089.05,1725.82,551.26
102695,9/29/2024,APAC,Edge Hardware Platforms,15698.17,6776.61,2020
102696,9/29/2024,North America,Enterprise Cloud Software,5899.86,847.2,322.86
102697,9/30/2024,North America,SaaS Subscriptions,4718.82,454.44,102.7
102698,9/30/2024,APAC,SaaS Subscriptions,5073.71,536.74,94.97
102699,9/30/2024,Europe,SaaS Subscriptions,3745.75,396.63,74.77
102700,9/30/2024,North America,Edge Hardware Platforms,13371.38,5489.19,1471.6
102701,9/30/2024,APAC,Enterprise Cloud Software,7264.65,1008.87,395.63
102702,9/30/2024,Europe,Edge Hardware Platforms,19988.09,7954.82,2211.49
102703,9/30/2024,Europe,Enterprise Cloud Software,14771.45,2347.15,725.72
102704,9/30/2024,North America,Edge Hardware Platforms,12441.08,4667.23,1406.79
102705,9/30/2024,Europe,Edge Hardware Platforms,16286.3,5973.38,1940.5
102706,9/30/2024,Europe,Enterprise Cloud Software,7199.25,1176.48,392.66
102707,9/30/2024,APAC,SaaS Subscriptions,3129.11,294.89,60.58
102708,9/30/2024,North America,SaaS Subscriptions,6734.44,703.62,126.23
102709,9/30/2024,APAC,SaaS Subscriptions,2981.85,320.32,56.92
102710,9/30/2024,North America,Edge Hardware Platforms,23076.09,8482.65,2668.81
102711,10/1/2024,Europe,SaaS Subscriptions,2784.32,268.73,56.55
102712,10/1/2024,Europe,Edge Hardware Platforms,16364.14,6082.04,2142.33
102713,10/1/2024,North America,Enterprise Cloud Software,9949.43,1587.71,524.78
102714,10/1/2024,APAC,Enterprise Cloud Software,8757.27,1256.36,469.47
102715,10/1/2024,Europe,Enterprise Cloud Software,12079.64,1771.61,607.74
102716,10/1/2024,APAC,Enterprise Cloud Software,7402.65,1057.81,358.15
102717,10/1/2024,North America,Edge Hardware Platforms,14147.97,6141.52,1601.22
102718,10/1/2024,North America,Enterprise Cloud Software,12685.38,1875.26,674.78
102719,10/2/2024,North America,Edge Hardware Platforms,23868.52,9071.57,2722.63
102720,10/2/2024,Europe,Edge Hardware Platforms,27529.71,11787.43,3610.72
102721,10/2/2024,Europe,SaaS Subscriptions,6851.08,739.19,123.64
102722,10/2/2024,APAC,Edge Hardware Platforms,25963.66,9611.13,3050.8
102723,10/2/2024,North America,Enterprise Cloud Software,6232.56,992.05,281.04
102724,10/2/2024,North America,Enterprise Cloud Software,10890.39,1553.27,518.27
102725,10/2/2024,Europe,Edge Hardware Platforms,12426.09,4647.87,1415.73
102726,10/2/2024,APAC,Edge Hardware Platforms,21979.8,8337.45,2632.54
102727,10/2/2024,North America,Enterprise Cloud Software,9687.34,1423.65,449.19
102728,10/2/2024,Europe,SaaS Subscriptions,4373.88,448.28,95.58
102729,10/2/2024,APAC,Edge Hardware Platforms,24749.79,9163.63,2977.16
102730,10/2/2024,North America,Enterprise Cloud Software,9262.81,1286.89,481.57
102731,10/2/2024,Europe,Edge Hardware Platforms,12927.52,4798.46,1577.18
102732,10/3/2024,Europe,Edge Hardware Platforms,13205.87,4976.61,1515.89
102733,10/3/2024,Europe,Edge Hardware Platforms,26285.89,11046.4,3415.32
102734,10/3/2024,APAC,Enterprise Cloud Software,8312.97,1247.05,375.27
102735,10/3/2024,APAC,Enterprise Cloud Software,8224.41,1250.73,412.69
102736,10/3/2024,Europe,Edge Hardware Platforms,14580.03,5483.35,1892.11
102737,10/3/2024,North America,Enterprise Cloud Software,9129.53,1270.68,457.14
102738,10/3/2024,Europe,Edge Hardware Platforms,24229.08,9008.64,2881.94
102739,10/3/2024,North America,Enterprise Cloud Software,9401.3,1340.52,487.3
102740,10/3/2024,Europe,SaaS Subscriptions,6564.1,597.1,127.91
102741,10/3/2024,North America,Edge Hardware Platforms,13201.51,4855.73,1590.83
102742,10/3/2024,Europe,Edge Hardware Platforms,19018.89,7641.45,2289.72
102743,10/3/2024,Europe,Enterprise Cloud Software,12098.96,1844.68,568.42
102744,10/3/2024,North America,Enterprise Cloud Software,10246.91,1616.47,495.4
102745,10/3/2024,North America,SaaS Subscriptions,3278.08,301.83,63.51
102746,10/4/2024,Europe,Edge Hardware Platforms,29295.05,12268.76,3207.36
102747,10/4/2024,Europe,Enterprise Cloud Software,11503.23,1625.57,597.76
102748,10/4/2024,North America,SaaS Subscriptions,4021.48,411.78,76.99
102749,10/4/2024,APAC,Edge Hardware Platforms,14866.06,6480.17,1732.96
102750,10/4/2024,Europe,Edge Hardware Platforms,10458.04,4567.21,1215.92
102751,10/4/2024,North America,SaaS Subscriptions,6217.4,570.35,114.82
102752,10/5/2024,Europe,Enterprise Cloud Software,9019.2,1392.55,437.5
102753,10/5/2024,North America,Edge Hardware Platforms,28670.04,10401.45,3625.66
102754,10/5/2024,Europe,SaaS Subscriptions,7584.27,798.2,152.3
102755,10/5/2024,North America,Edge Hardware Platforms,25307.04,10923.87,3212.81
102756,10/5/2024,North America,Edge Hardware Platforms,16643.47,6003.91,1877.47
102757,10/5/2024,North America,SaaS Subscriptions,3551.04,339.81,77.55
102758,10/5/2024,North America,Enterprise Cloud Software,7838.46,1086.25,360.79
102759,10/5/2024,North America,Edge Hardware Platforms,13786.95,5361.74,1774.22
102760,10/5/2024,Europe,SaaS Subscriptions,4987.63,488.67,104.75
102761,10/5/2024,North America,Enterprise Cloud Software,11519.74,1723.45,609.44
102762,10/5/2024,APAC,Edge Hardware Platforms,21928.2,8772.5,2884.84
102763,10/5/2024,APAC,SaaS Subscriptions,3526.04,371.82,67.21
102764,10/6/2024,Europe,Edge Hardware Platforms,29044.75,11484.46,3618.38
102765,10/6/2024,Europe,Enterprise Cloud Software,10920.64,1651.24,545.37
102766,10/6/2024,Europe,Enterprise Cloud Software,9634.78,1475.76,480.72
102767,10/6/2024,Europe,Enterprise Cloud Software,6907.74,999.06,339.82
102768,10/6/2024,Europe,SaaS Subscriptions,2954.99,266.84,58.5
102769,10/6/2024,Europe,Edge Hardware Platforms,26664.44,11310.76,2943.78
102770,10/6/2024,APAC,Enterprise Cloud Software,11345.71,1760.54,587.69
102771,10/6/2024,North America,Edge Hardware Platforms,20973.54,7885.36,2275.37
102772,10/6/2024,Europe,Edge Hardware Platforms,23134.62,8599.97,2965.45
102773,10/6/2024,North America,SaaS Subscriptions,4697.13,474.39,101.39
102774,10/6/2024,North America,Enterprise Cloud Software,9457.52,1346.1,475.51
102775,10/6/2024,North America,SaaS Subscriptions,5643.95,507.98,119.78
102776,10/6/2024,North America,Edge Hardware Platforms,17661.26,7248.55,2094.79
102777,10/7/2024,APAC,SaaS Subscriptions,3288.56,308.26,65.18
102778,10/7/2024,Europe,Enterprise Cloud Software,5198.8,786.25,283.68
102779,10/7/2024,North America,Edge Hardware Platforms,29378.03,12208.59,3679.9
102780,10/7/2024,Europe,SaaS Subscriptions,6133.2,661.78,127.56
102781,10/7/2024,Europe,Enterprise Cloud Software,8034.79,1273.43,385.41
102782,10/8/2024,North America,Edge Hardware Platforms,13719.04,5271.09,1641.69
102783,10/8/2024,Europe,Enterprise Cloud Software,14382.35,1960.73,755.04
102784,10/8/2024,North America,Edge Hardware Platforms,13508.23,5015.44,1499.7
102785,10/8/2024,Europe,Edge Hardware Platforms,12667.69,5552.9,1446.48
102786,10/8/2024,Europe,Enterprise Cloud Software,9939.23,1567.22,499.06
102787,10/8/2024,North America,Enterprise Cloud Software,12589.34,1744.22,613.1
102788,10/8/2024,North America,Enterprise Cloud Software,6526.83,1054.76,341.48
102789,10/8/2024,Europe,Enterprise Cloud Software,10102.27,1521.65,514.25
102790,10/8/2024,North America,SaaS Subscriptions,4792.63,520.15,86.46
102791,10/9/2024,Europe,Enterprise Cloud Software,12566.02,2010.25,676.13
102792,10/9/2024,Europe,SaaS Subscriptions,2092.49,192.81,38.44
102793,10/9/2024,Europe,Enterprise Cloud Software,9963.64,1486.39,479.32
102794,10/9/2024,APAC,Enterprise Cloud Software,8524.63,1348.81,386.2
102795,10/9/2024,Europe,SaaS Subscriptions,7593.61,816.51,146.39
102796,10/9/2024,Europe,Enterprise Cloud Software,7578.7,1044.55,364.93
102797,10/9/2024,APAC,Edge Hardware Platforms,21237.96,8382,2527.61
102798,10/10/2024,APAC,SaaS Subscriptions,2109.23,195.25,42.15
102799,10/10/2024,Europe,Edge Hardware Platforms,11794.23,4854.37,1448.25
102800,10/10/2024,North America,Edge Hardware Platforms,14444.14,5369.66,1758.65
102801,10/10/2024,APAC,Enterprise Cloud Software,8553.36,1220.54,407.69
102802,10/10/2024,Europe,Edge Hardware Platforms,10776.09,4704.52,1175.79
102803,10/10/2024,APAC,SaaS Subscriptions,5146.94,477.33,104.28
102804,10/10/2024,Europe,SaaS Subscriptions,5305.37,521.06,113.29
102805,10/10/2024,APAC,Edge Hardware Platforms,27487.74,11212.22,3423.73
102806,10/10/2024,Europe,Edge Hardware Platforms,16420.27,6667.5,2007.53
102807,10/10/2024,North America,Edge Hardware Platforms,25244.94,10265.04,2816.86
102808,10/10/2024,APAC,SaaS Subscriptions,4796.85,451.76,104.53
102809,10/11/2024,Europe,Edge Hardware Platforms,11951.58,4341.05,1506.83
102810,10/11/2024,Europe,SaaS Subscriptions,2583.53,276.73,51.46
102811,10/11/2024,APAC,SaaS Subscriptions,7495.95,719.29,163.41
102812,10/11/2024,North America,Enterprise Cloud Software,9316.16,1489.19,463.33
102813,10/11/2024,APAC,Edge Hardware Platforms,14188.57,6184.95,1553.06
102814,10/11/2024,APAC,Edge Hardware Platforms,20002.96,7876.93,2242.81
102815,10/11/2024,North America,Enterprise Cloud Software,7038.86,989.75,351.17
102816,10/11/2024,APAC,Edge Hardware Platforms,27864.13,11450.03,3470.31
102817,10/11/2024,Europe,Edge Hardware Platforms,23786.78,8695.89,3059.85
102818,10/11/2024,APAC,Enterprise Cloud Software,12680.32,1716.65,598.16
102819,10/12/2024,North America,Enterprise Cloud Software,7250.92,1094.95,376.74
102820,10/12/2024,APAC,Enterprise Cloud Software,9279.86,1286.8,457.61
102821,10/12/2024,Europe,Edge Hardware Platforms,27856.61,11822.56,3434.2
102822,10/12/2024,APAC,Edge Hardware Platforms,26377.1,10685.42,3181.22
102823,10/12/2024,Europe,Enterprise Cloud Software,11903.78,1940.74,620.66
102824,10/12/2024,North America,Edge Hardware Platforms,26191.63,11437.59,3061.38
102825,10/12/2024,APAC,SaaS Subscriptions,2739.72,292.92,52.87
102826,10/12/2024,Europe,Edge Hardware Platforms,23261.08,9751.91,2758.33
102827,10/12/2024,APAC,SaaS Subscriptions,6712.53,665.65,121.83
102828,10/12/2024,Europe,SaaS Subscriptions,3142.7,344.6,66.72
102829,10/12/2024,Europe,Edge Hardware Platforms,21740.52,9080.01,2568.11
102830,10/12/2024,APAC,Edge Hardware Platforms,25425.06,10764.94,2802.09
102831,10/12/2024,North America,SaaS Subscriptions,3556.3,361.46,70.33
102832,10/12/2024,North America,Enterprise Cloud Software,13271.25,2033.56,666.73
102833,10/13/2024,North America,Edge Hardware Platforms,29785.12,12556.45,3904.53
102834,10/13/2024,APAC,SaaS Subscriptions,6239.18,656.42,125.36
102835,10/13/2024,APAC,SaaS Subscriptions,7063.31,730.77,135.74
102836,10/13/2024,North America,SaaS Subscriptions,5516.72,529.4,102.59
102837,10/13/2024,APAC,SaaS Subscriptions,6887.05,708.69,134.05
102838,10/13/2024,North America,Enterprise Cloud Software,13336.08,1835.35,684.24
102839,10/13/2024,Europe,Edge Hardware Platforms,28534.26,10344.5,3611.34
102840,10/13/2024,North America,Enterprise Cloud Software,9298.18,1272.85,491.79
102841,10/13/2024,Europe,Enterprise Cloud Software,5405.01,829.02,286.8
102842,10/13/2024,Europe,Edge Hardware Platforms,25996.59,10628.46,2947.86
102843,10/13/2024,Europe,Edge Hardware Platforms,24682.14,10111.53,3239.82
102844,10/13/2024,North America,SaaS Subscriptions,5230.04,540.99,96.22
102845,10/13/2024,North America,Edge Hardware Platforms,24138.22,8767.27,2923.58
102846,10/13/2024,North America,SaaS Subscriptions,7383.78,667.65,158.27
102847,10/14/2024,North America,Edge Hardware Platforms,18842.07,7770.82,2188.84
102848,10/14/2024,North America,Edge Hardware Platforms,12911.36,5506.58,1502.48
102849,10/14/2024,Europe,SaaS Subscriptions,4979.74,502.38,108.69
102850,10/14/2024,APAC,Enterprise Cloud Software,9732.15,1597.42,474.19
102851,10/14/2024,North America,Enterprise Cloud Software,6143.23,965.77,323.75
102852,10/14/2024,APAC,Edge Hardware Platforms,14867.05,5399.85,1957.25
102853,10/14/2024,North America,Edge Hardware Platforms,28119.1,11439.07,3181.87
102854,10/14/2024,APAC,SaaS Subscriptions,2520.07,270.26,49.3
102855,10/14/2024,Europe,SaaS Subscriptions,7840.28,746.73,147.8
102856,10/14/2024,North America,Edge Hardware Platforms,10272.09,4036.44,1127.48
102857,10/14/2024,Europe,Enterprise Cloud Software,13352.17,1886.56,644.68
102858,10/14/2024,APAC,Edge Hardware Platforms,14380.77,5259.79,1800.13
102859,10/14/2024,North America,Edge Hardware Platforms,18905.9,7329.44,2246.57
102860,10/15/2024,North America,Enterprise Cloud Software,5550.48,796.28,288.04
102861,10/15/2024,APAC,SaaS Subscriptions,2155.09,236.63,41.57
102862,10/15/2024,APAC,Enterprise Cloud Software,5628.98,823.8,301.65
102863,10/15/2024,North America,Enterprise Cloud Software,14098.04,2300.1,636.18
102864,10/15/2024,Europe,Edge Hardware Platforms,17494.09,6954.39,2068.55
102865,10/15/2024,Europe,Edge Hardware Platforms,19311.91,8036.17,2418.75
102866,10/15/2024,Europe,Enterprise Cloud Software,11406.39,1804.36,586.07
102867,10/15/2024,Europe,Enterprise Cloud Software,11451.37,1660.97,620.61
102868,10/15/2024,Europe,Enterprise Cloud Software,9729.27,1560.55,470.46
102869,10/15/2024,Europe,Edge Hardware Platforms,25090.59,9381.66,3050.1
102870,10/15/2024,APAC,SaaS Subscriptions,5936.87,651.12,120.42
102871,10/16/2024,Europe,Enterprise Cloud Software,9017.16,1341.32,482.29
102872,10/16/2024,APAC,Edge Hardware Platforms,16945.54,6353.95,1971.55
102873,10/16/2024,Europe,Enterprise Cloud Software,9268.87,1358.85,488.06
102874,10/16/2024,APAC,Edge Hardware Platforms,16832.05,6642.84,1875.77
102875,10/16/2024,North America,Enterprise Cloud Software,6305.86,885.26,296.54
102876,10/16/2024,North America,Edge Hardware Platforms,29808.03,12827.44,3251.89
102877,10/16/2024,Europe,SaaS Subscriptions,2808.05,300.33,57.2
102878,10/16/2024,APAC,SaaS Subscriptions,6062.21,625.36,114.29
102879,10/16/2024,North America,Edge Hardware Platforms,13731.6,5055.88,1582.65
102880,10/16/2024,APAC,Enterprise Cloud Software,7926.38,1170.9,397.16
102881,10/17/2024,Europe,Edge Hardware Platforms,24174.09,9458.52,3098.91
102882,10/17/2024,Europe,Edge Hardware Platforms,20718.72,8926,2362.94
102883,10/17/2024,North America,Edge Hardware Platforms,19854.98,8560.22,2309.4
102884,10/17/2024,North America,SaaS Subscriptions,4786.22,480.17,92.52
102885,10/17/2024,North America,Edge Hardware Platforms,12396.81,5334.87,1570.69
102886,10/17/2024,North America,Edge Hardware Platforms,22052.66,8264.52,2526.28
102887,10/17/2024,Europe,Edge Hardware Platforms,22774.47,9168.52,2879.65
102888,10/17/2024,APAC,Edge Hardware Platforms,25739.8,9954.64,3324.29
102889,10/17/2024,Europe,SaaS Subscriptions,5277.67,498.05,106.45
102890,10/17/2024,North America,Edge Hardware Platforms,19515.88,8331.11,2425.31
102891,10/17/2024,Europe,Enterprise Cloud Software,14842.5,2378.51,785.02
102892,10/18/2024,Europe,Enterprise Cloud Software,10384.76,1447.39,524.75
102893,10/18/2024,Europe,Edge Hardware Platforms,19970.9,8588.53,2208.89
102894,10/18/2024,APAC,Enterprise Cloud Software,5367.08,754.44,282.58
102895,10/18/2024,Europe,SaaS Subscriptions,5148.25,465.63,107.43
102896,10/18/2024,North America,Edge Hardware Platforms,13362.05,5179.61,1687.23
102897,10/18/2024,APAC,Edge Hardware Platforms,26588,9977.5,3386.58
102898,10/18/2024,Europe,Enterprise Cloud Software,8025.04,1115.1,391.86
102899,10/18/2024,North America,Edge Hardware Platforms,29890.1,10789.15,3616.17
102900,10/19/2024,North America,Edge Hardware Platforms,17765.96,6758.34,2088.91
102901,10/19/2024,APAC,SaaS Subscriptions,5815.7,614.38,117.08
102902,10/19/2024,Europe,SaaS Subscriptions,4630.51,422.88,101.07
102903,10/19/2024,APAC,Edge Hardware Platforms,29647.9,11492.8,3466.76
102904,10/19/2024,Europe,Enterprise Cloud Software,11985.71,1673.03,552.3
102905,10/19/2024,Europe,Edge Hardware Platforms,12133.1,5303.79,1477.31
102906,10/19/2024,North America,Edge Hardware Platforms,26004.68,10450.2,2925.93
102907,10/19/2024,North America,Edge Hardware Platforms,16748.29,6908.22,2180.73
102908,10/19/2024,North America,SaaS Subscriptions,7522.77,812.76,164.06
102909,10/19/2024,APAC,Edge Hardware Platforms,18196.92,7266.67,2346.36
102910,10/20/2024,Europe,Edge Hardware Platforms,20333.09,8311.67,2549.16
102911,10/20/2024,North America,Edge Hardware Platforms,27683.89,10004.71,3259.07
102912,10/20/2024,APAC,Edge Hardware Platforms,19174.58,8408.5,2162.58
102913,10/20/2024,North America,SaaS Subscriptions,7210.79,717.05,144.63
102914,10/20/2024,APAC,Edge Hardware Platforms,15302.98,5529.75,1828.9
102915,10/20/2024,APAC,SaaS Subscriptions,7737.36,832.47,157.22
102916,10/20/2024,Europe,Edge Hardware Platforms,24796.43,9994.24,2729.98
102917,10/20/2024,APAC,Edge Hardware Platforms,17266.68,7085.65,2144.04
102918,10/20/2024,North America,SaaS Subscriptions,3739.62,350.53,73.39
102919,10/20/2024,Europe,SaaS Subscriptions,6855.69,745.95,127.26
102920,10/20/2024,North America,Edge Hardware Platforms,15805.95,6737.2,1961.96
102921,10/20/2024,APAC,Enterprise Cloud Software,9857.84,1479.04,467.18
102922,10/20/2024,Europe,Edge Hardware Platforms,18934.43,7365.85,2052.61
102923,10/20/2024,Europe,Edge Hardware Platforms,10026.4,3856.51,1149.9
102924,10/20/2024,North America,Enterprise Cloud Software,10076.84,1569.7,516.96
102925,10/21/2024,APAC,Edge Hardware Platforms,23395.74,8925.72,2757.12
102926,10/21/2024,Europe,Edge Hardware Platforms,28614.16,11988.47,3477.93
102927,10/21/2024,APAC,Edge Hardware Platforms,22946.41,8712.97,2695.67
102928,10/21/2024,Europe,SaaS Subscriptions,3893.28,367.17,79.32
102929,10/21/2024,North America,Edge Hardware Platforms,24062.77,9345.91,3114.31
102930,10/21/2024,Europe,Edge Hardware Platforms,14191.57,5582.78,1826.43
102931,10/21/2024,North America,Edge Hardware Platforms,16361.53,6087.94,1880.81
102932,10/21/2024,North America,SaaS Subscriptions,6446.47,620.94,135.72
102933,10/21/2024,North America,Edge Hardware Platforms,15006.69,5539.66,1939.02
102934,10/22/2024,Europe,Enterprise Cloud Software,14310.22,2226.48,648.85
102935,10/22/2024,APAC,Enterprise Cloud Software,10792.21,1608.03,530.96
102936,10/22/2024,APAC,Edge Hardware Platforms,11506.88,5013.91,1496.96
102937,10/22/2024,Europe,Edge Hardware Platforms,11857.19,5018.67,1302.06
102938,10/22/2024,North America,Edge Hardware Platforms,13202.56,4761.09,1559.94
102939,10/22/2024,North America,Enterprise Cloud Software,5769.11,814.33,300.89
102940,10/22/2024,APAC,Edge Hardware Platforms,20131.08,7299.78,2207.65
102941,10/22/2024,North America,Edge Hardware Platforms,24791.02,10124.66,2910.74
102942,10/22/2024,North America,Edge Hardware Platforms,17275.72,7236.53,2078.47
102943,10/22/2024,Europe,SaaS Subscriptions,7526.18,757.9,150.87
102944,10/22/2024,North America,SaaS Subscriptions,4747.52,439.39,93.67
102945,10/22/2024,North America,Edge Hardware Platforms,21225.51,8214.71,2328.85
102946,10/23/2024,APAC,SaaS Subscriptions,4201.21,442.04,83.78
102947,10/23/2024,North America,Enterprise Cloud Software,8450.51,1175.69,464.63
102948,10/23/2024,North America,Edge Hardware Platforms,19041.87,7313.04,2317.63
102949,10/23/2024,North America,Edge Hardware Platforms,16648.95,6781.24,2084.04
102950,10/23/2024,APAC,SaaS Subscriptions,5649.85,552.37,113.07
102951,10/23/2024,APAC,SaaS Subscriptions,2622.69,256.23,55.35
102952,10/24/2024,APAC,Edge Hardware Platforms,26849.04,10203.49,3472.13
102953,10/24/2024,APAC,Edge Hardware Platforms,16930.82,7297.4,2087.76
102954,10/24/2024,APAC,Edge Hardware Platforms,12913.04,4992.01,1535.7
102955,10/24/2024,Europe,Edge Hardware Platforms,20921.09,8940.34,2344.89
102956,10/24/2024,North America,SaaS Subscriptions,5362.75,545.22,106.78
102957,10/24/2024,Europe,Enterprise Cloud Software,10468.67,1726.44,530.35
102958,10/24/2024,North America,Edge Hardware Platforms,17929.51,6675.05,2307.54
102959,10/24/2024,North America,SaaS Subscriptions,4650.78,487.66,93.89
102960,10/24/2024,North America,Edge Hardware Platforms,29158.25,12292.27,3571.78
102961,10/24/2024,APAC,Enterprise Cloud Software,5623.41,764.58,293.02
102962,10/24/2024,APAC,Edge Hardware Platforms,28100.53,11685.27,3285.03
102963,10/25/2024,APAC,Enterprise Cloud Software,10429.88,1506.29,497.65
102964,10/25/2024,Europe,Enterprise Cloud Software,14163.65,2084.62,733.31
102965,10/25/2024,Europe,Edge Hardware Platforms,28068,10623.47,3089.31
102966,10/25/2024,North America,SaaS Subscriptions,7839.72,753.01,162.86
102967,10/25/2024,North America,Enterprise Cloud Software,11892.74,1629.03,590.89
102968,10/26/2024,North America,Edge Hardware Platforms,27406.58,11567.47,3015.16
102969,10/26/2024,APAC,Edge Hardware Platforms,24877.24,9234.51,3087.2
102970,10/26/2024,North America,Edge Hardware Platforms,10337.26,3846.79,1139.27
102971,10/26/2024,North America,Enterprise Cloud Software,11919.1,1619.46,609.99
102972,10/26/2024,North America,SaaS Subscriptions,7598.56,718.14,155.45
102973,10/26/2024,North America,SaaS Subscriptions,5137.92,466.85,99.52
102974,10/26/2024,North America,Edge Hardware Platforms,23398.53,9303.05,2742.53
102975,10/26/2024,North America,Enterprise Cloud Software,6001.43,955.58,278.18
102976,10/26/2024,Europe,Edge Hardware Platforms,14519.57,5969.83,1727.37
102977,10/26/2024,Europe,Edge Hardware Platforms,19825.35,7618.46,2407.14
102978,10/26/2024,Europe,Enterprise Cloud Software,9658.72,1320.64,452.65
102979,10/27/2024,APAC,Enterprise Cloud Software,10261.75,1424.75,510.49
102980,10/27/2024,Europe,Edge Hardware Platforms,11389.74,4542.17,1358.28
102981,10/27/2024,North America,SaaS Subscriptions,4506.75,483.49,83.1
102982,10/27/2024,North America,Enterprise Cloud Software,9084.11,1256.78,448.85
102983,10/27/2024,North America,Enterprise Cloud Software,11421.79,1867.77,537.64
102984,10/27/2024,Europe,Edge Hardware Platforms,19962.41,8620.04,2618.94
102985,10/27/2024,North America,Edge Hardware Platforms,23244.25,9118.51,2687.1
102986,10/27/2024,APAC,Edge Hardware Platforms,12289.29,4542.01,1599.34
102987,10/27/2024,North America,Edge Hardware Platforms,14535.16,5273.57,1590.6
102988,10/27/2024,North America,Enterprise Cloud Software,10966.39,1693.4,534.44
102989,10/27/2024,Europe,Edge Hardware Platforms,18604.57,7303.39,2201.79
102990,10/27/2024,APAC,Edge Hardware Platforms,16304.2,6826.71,1890.09
102991,10/27/2024,North America,Edge Hardware Platforms,25020.48,9763.31,3224.14
102992,10/27/2024,North America,Edge Hardware Platforms,29964.88,11943.93,3815.29
102993,10/28/2024,APAC,Enterprise Cloud Software,7712.2,1218.78,390.44
102994,10/28/2024,Europe,Enterprise Cloud Software,7811.53,1176.73,373.17
102995,10/28/2024,North America,Enterprise Cloud Software,6557.26,1036.48,342.21
102996,10/28/2024,North America,Enterprise Cloud Software,10604.55,1534.25,564.51
102997,10/28/2024,APAC,SaaS Subscriptions,5377.59,521.85,109.83
102998,10/28/2024,North America,Enterprise Cloud Software,5170.94,761.3,244.49
102999,10/28/2024,North America,Edge Hardware Platforms,29901.9,11189.9,3621.54
103000,10/28/2024,North America,SaaS Subscriptions,3750.53,403.43,71.76
103001,10/28/2024,APAC,Enterprise Cloud Software,7927.89,1116.04,377.71
103002,10/28/2024,APAC,Edge Hardware Platforms,18117.59,7930.46,2158.83
103003,10/28/2024,APAC,Enterprise Cloud Software,14046.38,1902.09,708.68
103004,10/29/2024,North America,Edge Hardware Platforms,28347.24,11256.65,3131.95
103005,10/29/2024,Europe,Edge Hardware Platforms,21553.16,8515.5,2336.71
103006,10/29/2024,APAC,Edge Hardware Platforms,19472.62,8497.26,2175.88
103007,10/29/2024,North America,SaaS Subscriptions,3564.99,377.83,68.04
103008,10/29/2024,North America,Edge Hardware Platforms,13933.73,5860.91,1719.27
103009,10/29/2024,APAC,Edge Hardware Platforms,13615.52,5773.15,1680.18
103010,10/29/2024,Europe,SaaS Subscriptions,5442.94,540.59,111.83
103011,10/29/2024,North America,Enterprise Cloud Software,11165.88,1585.73,511.39
103012,10/29/2024,North America,Edge Hardware Platforms,17242.98,7245.24,2017.5
103013,10/29/2024,Europe,Edge Hardware Platforms,23011.5,8939.76,3017.51
103014,10/29/2024,APAC,SaaS Subscriptions,7521.8,744.53,151.53
103015,10/30/2024,Europe,Edge Hardware Platforms,29485.99,11427.28,3643.21
103016,10/30/2024,North America,SaaS Subscriptions,7080.54,671.47,147.04
103017,10/30/2024,North America,SaaS Subscriptions,4093.94,436.56,78.91
103018,10/30/2024,Europe,SaaS Subscriptions,7260.5,676.73,146.59
103019,10/30/2024,North America,Edge Hardware Platforms,16703.66,6462.26,2021.5
103020,10/31/2024,North America,Enterprise Cloud Software,6712.83,1075.03,303.53
103021,10/31/2024,North America,Edge Hardware Platforms,21722.21,9180.22,2734.99
103022,10/31/2024,North America,SaaS Subscriptions,3362.19,339.81,69.18
103023,10/31/2024,North America,SaaS Subscriptions,4928.94,449.29,107.2
103024,10/31/2024,Europe,Edge Hardware Platforms,20503.52,8750.47,2230.68
103025,10/31/2024,North America,Edge Hardware Platforms,11532.07,4802.79,1354.42
103026,10/31/2024,North America,Enterprise Cloud Software,12198.3,1951.9,597.11
103027,11/1/2024,APAC,Edge Hardware Platforms,19013.34,6964.6,2359.02
103028,11/1/2024,North America,Edge Hardware Platforms,29583.53,11909.08,3347.02
103029,11/1/2024,Europe,Edge Hardware Platforms,20662.81,8228.93,2565.7
103030,11/1/2024,Europe,SaaS Subscriptions,6955.18,662.79,145.38
103031,11/1/2024,North America,Edge Hardware Platforms,12951.15,5153.06,1644.47
103032,11/1/2024,North America,SaaS Subscriptions,5864.9,574.47,115.5
103033,11/1/2024,APAC,Enterprise Cloud Software,11933.63,1864.26,647.1
103034,11/1/2024,Europe,Edge Hardware Platforms,28050.45,11958.76,3511.99
103035,11/1/2024,North America,Edge Hardware Platforms,22637.79,9095.41,2618.37
103036,11/1/2024,North America,Edge Hardware Platforms,15718.35,5951.6,1848.08
103037,11/1/2024,APAC,Edge Hardware Platforms,14329.84,5292.76,1719.23
103038,11/1/2024,APAC,Edge Hardware Platforms,14642.98,5783.05,1882
103039,11/2/2024,North America,Edge Hardware Platforms,24957.85,10096.58,3224.33
103040,11/2/2024,North America,Edge Hardware Platforms,25058.97,9324.91,2947.29
103041,11/2/2024,Europe,Edge Hardware Platforms,16442.25,6822.11,1860.95
103042,11/2/2024,Europe,SaaS Subscriptions,5391.19,551.13,98.53
103043,11/2/2024,APAC,Enterprise Cloud Software,11150.51,1832.85,568.17
103044,11/2/2024,Europe,Edge Hardware Platforms,11207.32,4749.75,1219.8
103045,11/2/2024,Europe,Enterprise Cloud Software,13623.05,1903.54,683.1
103046,11/2/2024,Europe,Edge Hardware Platforms,16815.27,6682.81,1941.73
103047,11/2/2024,Europe,Edge Hardware Platforms,21324.1,8082.56,2808.98
103048,11/2/2024,Europe,Enterprise Cloud Software,9770.67,1573,441.81
103049,11/2/2024,Europe,Edge Hardware Platforms,13391.16,5696.57,1564.8
103050,11/2/2024,North America,SaaS Subscriptions,5831.15,629.56,119.65
103051,11/2/2024,Europe,SaaS Subscriptions,2328.44,245.7,47.63
103052,11/2/2024,North America,Edge Hardware Platforms,11649.16,4879.55,1410.9
103053,11/2/2024,APAC,Enterprise Cloud Software,11060.33,1563.35,565.63
103054,11/3/2024,North America,Enterprise Cloud Software,6813.13,987.31,343.26
103055,11/3/2024,APAC,Edge Hardware Platforms,24112.07,9370.29,3039.06
103056,11/3/2024,Europe,Edge Hardware Platforms,13875.38,5332.08,1705.32
103057,11/3/2024,Europe,SaaS Subscriptions,3409.04,311.8,69.4
103058,11/3/2024,APAC,Edge Hardware Platforms,22954.23,8688.47,2786.72
103059,11/3/2024,APAC,SaaS Subscriptions,2630.71,255.51,54.08
103060,11/3/2024,North America,Edge Hardware Platforms,20560.68,7876.49,2622.55
103061,11/3/2024,North America,SaaS Subscriptions,6898.22,718.52,125.86
103062,11/3/2024,APAC,Edge Hardware Platforms,14580.5,5706.51,1668.7
103063,11/3/2024,APAC,SaaS Subscriptions,7581.35,801.92,150.3
103064,11/3/2024,North America,Enterprise Cloud Software,6516.83,986.64,353.21
103065,11/3/2024,APAC,Enterprise Cloud Software,11973.15,1830.85,597.33
103066,11/3/2024,Europe,Edge Hardware Platforms,28889.7,12030.71,3643.02
103067,11/4/2024,North America,Edge Hardware Platforms,25333.45,11022.68,2995.83
103068,11/4/2024,APAC,Edge Hardware Platforms,15904.56,6666.26,2022.37
103069,11/4/2024,North America,Edge Hardware Platforms,19895.54,7459.27,2592.23
103070,11/4/2024,Europe,Enterprise Cloud Software,6840.3,1119.28,358.31
103071,11/4/2024,Europe,Enterprise Cloud Software,13952.99,2069.4,719.93
103072,11/4/2024,APAC,Enterprise Cloud Software,9822.76,1340.69,491.09
103073,11/4/2024,North America,SaaS Subscriptions,4390.95,450.85,94.15
103074,11/4/2024,APAC,Edge Hardware Platforms,19115.15,6997.28,2070.28
103075,11/4/2024,Europe,Enterprise Cloud Software,8803.79,1189.46,450.33
103076,11/4/2024,Europe,Enterprise Cloud Software,7963.68,1211.19,410.66
103077,11/4/2024,Europe,SaaS Subscriptions,2674.64,245.24,48.62
103078,11/4/2024,Europe,Edge Hardware Platforms,12610.43,5184.35,1506.27
103079,11/5/2024,Europe,Edge Hardware Platforms,21408.99,9415.44,2815.95
103080,11/5/2024,Europe,Edge Hardware Platforms,19242.3,7586.61,2323.58
103081,11/5/2024,North America,SaaS Subscriptions,4941.38,527.94,98.34
103082,11/5/2024,Europe,Edge Hardware Platforms,22496.14,8995.53,2627.79
103083,11/5/2024,APAC,Enterprise Cloud Software,9869.23,1389.89,529.09
103084,11/5/2024,North America,Edge Hardware Platforms,13311.27,5223.25,1724.94
103085,11/5/2024,North America,Edge Hardware Platforms,14090.21,5541.11,1704.56
103086,11/5/2024,Europe,Edge Hardware Platforms,22802.63,8704.71,2682.34
103087,11/5/2024,North America,Edge Hardware Platforms,26741.99,10053.36,3017.42
103088,11/6/2024,North America,SaaS Subscriptions,3468.87,338.31,66.62
103089,11/6/2024,North America,Edge Hardware Platforms,17573.81,7303.52,2242.81
103090,11/6/2024,Europe,Enterprise Cloud Software,11189.22,1529.14,572.48
103091,11/6/2024,Europe,Enterprise Cloud Software,13193.46,2141.73,700.98
103092,11/6/2024,North America,Edge Hardware Platforms,28296.3,10912.56,3612.89
103093,11/6/2024,North America,Enterprise Cloud Software,12597.12,1988.37,666.26
103094,11/6/2024,APAC,Enterprise Cloud Software,7319.85,1186.63,342.37
103095,11/6/2024,Europe,Edge Hardware Platforms,11663.87,4465.18,1405.37
103096,11/6/2024,APAC,Edge Hardware Platforms,22437.66,8967.94,2584.11
103097,11/6/2024,North America,Edge Hardware Platforms,10570.37,3983.81,1251.32
103098,11/6/2024,Europe,Enterprise Cloud Software,10890.6,1649.82,498.58
103099,11/6/2024,APAC,Enterprise Cloud Software,13548.34,1829.15,729.21
103100,11/6/2024,North America,Edge Hardware Platforms,17233.82,7221.96,2027.42
103101,11/7/2024,APAC,Enterprise Cloud Software,14221.2,1941.61,708.12
103102,11/7/2024,Europe,Edge Hardware Platforms,14344.67,6035.19,1819.24
103103,11/7/2024,APAC,Edge Hardware Platforms,20125.03,7829.65,2297.67
103104,11/7/2024,APAC,Edge Hardware Platforms,18562.99,7282.15,2322.3
103105,11/7/2024,APAC,Edge Hardware Platforms,19431.65,8206.69,2397.54
103106,11/7/2024,North America,Enterprise Cloud Software,5379.17,799.91,286.49
103107,11/7/2024,North America,Edge Hardware Platforms,28189.54,12035.59,3494.41
103108,11/8/2024,Europe,SaaS Subscriptions,6166.88,598.03,132.81
103109,11/8/2024,Europe,Edge Hardware Platforms,27927.8,11055.87,3456.5
103110,11/8/2024,Europe,Edge Hardware Platforms,11669.04,4921.01,1273.65
103111,11/8/2024,Europe,SaaS Subscriptions,4081.81,375.69,77.27
103112,11/8/2024,Europe,SaaS Subscriptions,5073.7,468.07,104.07
103113,11/8/2024,Europe,Edge Hardware Platforms,24430.28,9429.74,3101.13
103114,11/8/2024,North America,Enterprise Cloud Software,13791.81,2088.83,659.96
103115,11/8/2024,APAC,Edge Hardware Platforms,14414.01,5897.8,1857.8
103116,11/9/2024,North America,Edge Hardware Platforms,22383.19,9527.8,2513.08
103117,11/9/2024,Europe,Enterprise Cloud Software,11961.75,1959.49,559.14
103118,11/9/2024,North America,Edge Hardware Platforms,24647.9,9552.29,3054.92
103119,11/9/2024,APAC,Edge Hardware Platforms,24220.45,9459.48,3145.61
103120,11/9/2024,North America,Enterprise Cloud Software,8642.24,1335.27,463.37
103121,11/9/2024,North America,SaaS Subscriptions,6876.94,699.65,144.71
103122,11/9/2024,North America,Enterprise Cloud Software,13628,2043.44,646.78
103123,11/10/2024,APAC,Edge Hardware Platforms,28031.71,11202.53,3660.78
103124,11/10/2024,APAC,Edge Hardware Platforms,28677.87,11065.27,3348.87
103125,11/10/2024,North America,Edge Hardware Platforms,24438.48,10310.14,2727.23
103126,11/10/2024,Europe,Enterprise Cloud Software,11621.27,1623.94,628.03
103127,11/10/2024,North America,Enterprise Cloud Software,13509.06,2009.53,611.15
103128,11/10/2024,Europe,Enterprise Cloud Software,14853.45,2267.28,706.51
103129,11/10/2024,Europe,Enterprise Cloud Software,12998.91,2115.7,698.62
103130,11/10/2024,North America,Edge Hardware Platforms,10701.75,4410.32,1293.18
103131,11/10/2024,Europe,SaaS Subscriptions,3007.27,271.24,55.01
103132,11/10/2024,North America,Enterprise Cloud Software,10028.44,1448.33,469.38
103133,11/10/2024,APAC,Enterprise Cloud Software,11876.05,1727.7,595.21
103134,11/11/2024,North America,Edge Hardware Platforms,27088.46,11026.03,3105.55
103135,11/11/2024,North America,Edge Hardware Platforms,27816.24,10105.23,3051.91
103136,11/11/2024,North America,Enterprise Cloud Software,7649.31,1083.43,359.2
103137,11/11/2024,North America,SaaS Subscriptions,2865.14,269.58,54.39
103138,11/11/2024,APAC,Edge Hardware Platforms,25793.99,9502.01,3303.47
103139,11/11/2024,Europe,Enterprise Cloud Software,10757.5,1717.6,567.85
103140,11/11/2024,APAC,SaaS Subscriptions,3428.73,337.65,61.92
103141,11/11/2024,APAC,Enterprise Cloud Software,13614.75,1972.53,662.78
103142,11/11/2024,North America,Edge Hardware Platforms,27767.27,10052.97,3269.65
103143,11/12/2024,APAC,Edge Hardware Platforms,21319.9,8876.4,2682.33
103144,11/12/2024,Europe,Edge Hardware Platforms,12234.56,4680.18,1383.08
103145,11/12/2024,North America,Enterprise Cloud Software,14357.26,2334.94,653.32
103146,11/12/2024,North America,Enterprise Cloud Software,7812.23,1102.48,425.44
103147,11/12/2024,North America,Enterprise Cloud Software,5807.23,954.78,314.66
103148,11/13/2024,Europe,Enterprise Cloud Software,11675.48,1702.81,589.01
103149,11/13/2024,Europe,Edge Hardware Platforms,24377.56,10499.66,2635.83
103150,11/13/2024,APAC,Edge Hardware Platforms,24014.64,10289.07,2862.8
103151,11/13/2024,APAC,Enterprise Cloud Software,6591.68,1019.89,353.98
103152,11/13/2024,APAC,Edge Hardware Platforms,20509.78,7927.26,2697.45
103153,11/13/2024,North America,Edge Hardware Platforms,20639.64,8435.03,2423.99
103154,11/14/2024,APAC,SaaS Subscriptions,2640.09,270.93,53.52
103155,11/14/2024,APAC,Edge Hardware Platforms,29305.24,12800.61,3323.7
103156,11/14/2024,Europe,Edge Hardware Platforms,14292.04,5367.94,1571.35
103157,11/14/2024,APAC,Edge Hardware Platforms,27139.38,11090.92,3369.82
103158,11/14/2024,North America,Edge Hardware Platforms,18246.35,6912.72,2335.17
103159,11/14/2024,Europe,Enterprise Cloud Software,13199.17,1823.88,647.25
103160,11/15/2024,Europe,SaaS Subscriptions,5032.01,523.6,105.59
103161,11/15/2024,North America,SaaS Subscriptions,4758.93,448.31,102.13
103162,11/15/2024,Europe,Edge Hardware Platforms,20960.66,8186.18,2671.16
103163,11/15/2024,Europe,Edge Hardware Platforms,12191.96,5262.48,1327.11
103164,11/15/2024,APAC,Edge Hardware Platforms,22786.78,9884.36,2543.94
103165,11/15/2024,Europe,Edge Hardware Platforms,25151.68,10112.25,3093.5
103166,11/15/2024,APAC,SaaS Subscriptions,6570.88,637.9,144.47
103167,11/15/2024,Europe,Enterprise Cloud Software,8626.17,1197.6,398.65
103168,11/15/2024,North America,Enterprise Cloud Software,11885.12,1630.87,558.99
103169,11/15/2024,North America,Enterprise Cloud Software,7677.52,1168.19,419.55
103170,11/15/2024,APAC,SaaS Subscriptions,3056.4,291.27,55.95
103171,11/15/2024,APAC,Enterprise Cloud Software,10566.96,1505.12,501.24
103172,11/16/2024,APAC,Enterprise Cloud Software,6436.03,961.97,335.29
103173,11/16/2024,Europe,SaaS Subscriptions,6906.67,741.63,139.28
103174,11/16/2024,North America,Edge Hardware Platforms,18781.06,7193.53,2096.99
103175,11/16/2024,Europe,Edge Hardware Platforms,21375.71,7894.56,2600.99
103176,11/16/2024,North America,Edge Hardware Platforms,18587.68,7953.73,2354.66
103177,11/17/2024,North America,Edge Hardware Platforms,14598.5,5650.09,1926.36
103178,11/17/2024,APAC,SaaS Subscriptions,7622.33,737.98,146.26
103179,11/17/2024,North America,SaaS Subscriptions,6077.31,575.66,118.56
103180,11/17/2024,Europe,Edge Hardware Platforms,27774.55,10844.44,3605.26
103181,11/17/2024,Europe,Edge Hardware Platforms,28605.09,12374.74,3128.45
103182,11/17/2024,North America,Edge Hardware Platforms,18631.09,7662.43,2434.58
103183,11/17/2024,North America,Edge Hardware Platforms,13848.22,5975.9,1816.19
103184,11/18/2024,North America,SaaS Subscriptions,7868.21,732.99,158.48
103185,11/18/2024,APAC,Enterprise Cloud Software,6863.1,1117.34,357.27
103186,11/18/2024,North America,Edge Hardware Platforms,11125.4,4390.24,1409.25
103187,11/18/2024,Europe,Edge Hardware Platforms,16536.4,6166.62,1791.14
103188,11/18/2024,APAC,Edge Hardware Platforms,14586.42,5739.39,1855.9
103189,11/18/2024,Europe,Edge Hardware Platforms,15343.69,5790.85,1960.46
103190,11/18/2024,Europe,Edge Hardware Platforms,27202.41,11940.47,3100.74
103191,11/18/2024,North America,Edge Hardware Platforms,10701.43,4530.32,1382.73
103192,11/18/2024,Europe,Enterprise Cloud Software,6231.55,912.7,332.35
103193,11/18/2024,North America,Enterprise Cloud Software,7742.8,1275.23,400.82
103194,11/18/2024,APAC,Edge Hardware Platforms,20794.11,7733.23,2419.76
103195,11/18/2024,Europe,SaaS Subscriptions,3612.05,333.84,73.09
103196,11/19/2024,Europe,Enterprise Cloud Software,7309.63,1074.34,372.29
103197,11/19/2024,Europe,Enterprise Cloud Software,13911.17,1923.87,631.49
103198,11/19/2024,Europe,Enterprise Cloud Software,10048.91,1643.53,522.4
103199,11/19/2024,Europe,Edge Hardware Platforms,13590.79,5363.09,1579.53
103200,11/19/2024,APAC,Enterprise Cloud Software,9715.16,1584.95,513.85
103201,11/19/2024,APAC,Edge Hardware Platforms,16675.74,7106.07,1917.63
103202,11/19/2024,North America,Edge Hardware Platforms,22779.11,9802.21,2986.03
103203,11/19/2024,APAC,Enterprise Cloud Software,11645.13,1846.24,638.38
103204,11/19/2024,North America,Enterprise Cloud Software,13529.33,1955.31,689.75
103205,11/19/2024,North America,Edge Hardware Platforms,24649.29,9586.55,3072.13
103206,11/19/2024,North America,Edge Hardware Platforms,16380.88,6878.44,1892.8
103207,11/19/2024,Europe,Edge Hardware Platforms,23168.51,9458.86,2732.19
103208,11/19/2024,North America,Edge Hardware Platforms,11274.06,4848.59,1440.91
103209,11/19/2024,North America,Edge Hardware Platforms,28644.55,10934.51,3604.03
103210,11/20/2024,North America,Edge Hardware Platforms,13531.08,5558.56,1556.07
103211,11/20/2024,APAC,SaaS Subscriptions,4782.72,447.74,98.46
103212,11/20/2024,APAC,Edge Hardware Platforms,10715.49,3872.4,1239.66
103213,11/20/2024,North America,SaaS Subscriptions,7068.83,672.76,136.45
103214,11/20/2024,North America,SaaS Subscriptions,5015.9,517.25,98.62
103215,11/20/2024,Europe,Edge Hardware Platforms,16793.57,6898.1,2051.93
103216,11/20/2024,North America,Enterprise Cloud Software,8685.77,1280.77,445.47
103217,11/20/2024,APAC,Enterprise Cloud Software,7436.61,1047.16,372
103218,11/20/2024,Europe,Edge Hardware Platforms,14848.32,6051.58,1918.59
103219,11/20/2024,APAC,SaaS Subscriptions,6639.57,717.87,125.74
103220,11/20/2024,North America,Enterprise Cloud Software,12068.44,1968.65,565.64
103221,11/20/2024,Europe,Edge Hardware Platforms,28552.28,11756.37,3748.54
103222,11/20/2024,North America,Edge Hardware Platforms,20860.25,8149.69,2253.62
103223,11/20/2024,Europe,Edge Hardware Platforms,24939.49,9666.59,3006.08
103224,11/21/2024,Europe,Enterprise Cloud Software,5134.55,757.48,265.23
103225,11/21/2024,Europe,SaaS Subscriptions,4603.88,442.99,99.74
103226,11/21/2024,Europe,Enterprise Cloud Software,5976.61,949.08,318.26
103227,11/21/2024,North America,Edge Hardware Platforms,24997.53,10891.69,2926.4
103228,11/21/2024,APAC,Edge Hardware Platforms,13589.89,4896.11,1575.4
103229,11/21/2024,North America,SaaS Subscriptions,3236.42,316.02,58.58
103230,11/22/2024,Europe,Edge Hardware Platforms,28978.8,10602.14,3546.91
103231,11/22/2024,Europe,Edge Hardware Platforms,27463.19,10338.33,2992.9
103232,11/22/2024,Europe,Edge Hardware Platforms,10351.8,3934.82,1194.84
103233,11/22/2024,Europe,Enterprise Cloud Software,9130.54,1364.78,452.81
103234,11/22/2024,APAC,Enterprise Cloud Software,14509.68,2212.12,768.39
103235,11/22/2024,Europe,Edge Hardware Platforms,27586.53,11908.41,3137.38
103236,11/22/2024,North America,Edge Hardware Platforms,28005.54,10804.21,3462.84
103237,11/22/2024,Europe,Edge Hardware Platforms,21278.49,8345.35,2791.92
103238,11/22/2024,Europe,Edge Hardware Platforms,16899.66,6989.63,1929.72
103239,11/22/2024,North America,Edge Hardware Platforms,20427.89,8470.67,2338.31
103240,11/22/2024,Europe,Edge Hardware Platforms,21939.21,8408.65,2746.15
103241,11/22/2024,APAC,Enterprise Cloud Software,8006.21,1239.64,415.97
103242,11/22/2024,Europe,Edge Hardware Platforms,17856.15,6992.26,2037.67
103243,11/22/2024,North America,Edge Hardware Platforms,11863.78,5161.02,1516.67
103244,11/22/2024,APAC,SaaS Subscriptions,4451.63,476.03,82.94
103245,11/23/2024,Europe,Enterprise Cloud Software,14204.41,2191.87,677.69
103246,11/23/2024,North America,Enterprise Cloud Software,12826.63,1957.9,626.04
103247,11/23/2024,North America,SaaS Subscriptions,7248.58,736.64,145.68
103248,11/23/2024,APAC,Edge Hardware Platforms,18006.5,6601.53,2276.81
103249,11/23/2024,North America,Enterprise Cloud Software,13433.03,2046.49,724.26
103250,11/23/2024,Europe,SaaS Subscriptions,4123.83,430.9,79.19
103251,11/23/2024,North America,Edge Hardware Platforms,24755.31,9209.02,2973.49
103252,11/23/2024,North America,Enterprise Cloud Software,11174.52,1827.69,537.57
103253,11/24/2024,North America,Edge Hardware Platforms,16762.32,6198.87,1929.46
103254,11/24/2024,APAC,Edge Hardware Platforms,24279.11,9929.28,2871.06
103255,11/24/2024,North America,Edge Hardware Platforms,21842.14,8476.07,2471.6
103256,11/24/2024,North America,SaaS Subscriptions,4641.88,475.81,92.66
103257,11/24/2024,APAC,Edge Hardware Platforms,19615.63,8512.56,2457.3
103258,11/24/2024,North America,Enterprise Cloud Software,12871.23,2060.37,649.38
103259,11/24/2024,Europe,Edge Hardware Platforms,18782.32,7783.69,2077.39
103260,11/24/2024,APAC,Edge Hardware Platforms,22623.48,8716.96,2530.73
103261,11/24/2024,Europe,Edge Hardware Platforms,22674.19,8856.79,2782.55
103262,11/24/2024,APAC,Enterprise Cloud Software,9506.21,1499.67,479.7
103263,11/24/2024,Europe,Edge Hardware Platforms,29837.49,10871.88,3574.09
103264,11/24/2024,North America,Enterprise Cloud Software,8830.38,1233.31,482.46
103265,11/24/2024,APAC,Edge Hardware Platforms,22794.95,9179.53,2908.04
103266,11/25/2024,North America,SaaS Subscriptions,2626.01,236.42,52.01
103267,11/25/2024,North America,Edge Hardware Platforms,28398.69,10318.81,3336.67
103268,11/25/2024,APAC,Edge Hardware Platforms,29063.75,10844.46,3293.3
103269,11/25/2024,North America,Edge Hardware Platforms,24487.68,9138.7,2952.76
103270,11/25/2024,North America,SaaS Subscriptions,2039.55,192.66,41.65
103271,11/25/2024,North America,Edge Hardware Platforms,18724.15,8017.72,2303.25
103272,11/25/2024,Europe,SaaS Subscriptions,7894.16,813.63,158.58
103273,11/25/2024,Europe,Edge Hardware Platforms,29749.13,12387.59,3420.68
103274,11/25/2024,North America,Enterprise Cloud Software,7049.13,1000.89,346.47
103275,11/25/2024,North America,Edge Hardware Platforms,14225.09,5334.84,1697.19
103276,11/26/2024,North America,Edge Hardware Platforms,14642.57,5327.1,1782.61
103277,11/26/2024,North America,Enterprise Cloud Software,8239.36,1124.49,449.08
103278,11/26/2024,Europe,SaaS Subscriptions,4538.71,490.48,90.47
103279,11/26/2024,Europe,Edge Hardware Platforms,24665.57,9997.76,2824.66
103280,11/26/2024,North America,Edge Hardware Platforms,19783.6,7274,2324.47
103281,11/26/2024,Europe,SaaS Subscriptions,2456.61,238.22,52.3
103282,11/26/2024,Europe,Enterprise Cloud Software,13453.35,2015.3,672.45
103283,11/26/2024,APAC,SaaS Subscriptions,4151.2,385.28,80.13
103284,11/26/2024,North America,Enterprise Cloud Software,8955.22,1461.77,481.02
103285,11/26/2024,Europe,Edge Hardware Platforms,10118.67,3817.17,1098.83
103286,11/26/2024,APAC,Enterprise Cloud Software,13690.47,2112.44,647.48
103287,11/26/2024,North America,Edge Hardware Platforms,28016.74,11696.12,3260.17
103288,11/27/2024,North America,SaaS Subscriptions,6493.04,664.16,127.87
103289,11/27/2024,Europe,Edge Hardware Platforms,10577.3,4142.15,1378.56
103290,11/27/2024,Europe,Enterprise Cloud Software,13849.94,1981.46,657.01
103291,11/27/2024,North America,Edge Hardware Platforms,20893.76,8343.15,2616.34
103292,11/27/2024,North America,Edge Hardware Platforms,13506.43,5707.95,1673.87
103293,11/27/2024,Europe,Edge Hardware Platforms,23340.03,8551.41,2997.73
103294,11/27/2024,North America,Enterprise Cloud Software,10767.9,1692.52,492.77
103295,11/27/2024,APAC,SaaS Subscriptions,5635.7,561.46,118.16
103296,11/27/2024,North America,Edge Hardware Platforms,28323.02,12361.65,3689.06
103297,11/27/2024,North America,Enterprise Cloud Software,7976.65,1182.45,384.01
103298,11/27/2024,North America,Edge Hardware Platforms,25250.51,10576.04,3220.61
103299,11/27/2024,North America,Enterprise Cloud Software,12893.83,1946.87,654.77
103300,11/27/2024,North America,Enterprise Cloud Software,11383.54,1830.19,616.64
103301,11/27/2024,Europe,Edge Hardware Platforms,26660.99,10744.64,3210.11
103302,11/27/2024,APAC,Edge Hardware Platforms,28181.45,10637.36,3398.26
103303,11/28/2024,North America,Edge Hardware Platforms,13659.47,5800.49,1675.85
103304,11/28/2024,North America,Edge Hardware Platforms,23638.1,9708.36,2795.3
103305,11/28/2024,APAC,Edge Hardware Platforms,20117.35,7342.43,2617.89
103306,11/28/2024,North America,Edge Hardware Platforms,26071.35,9835.06,3145.69
103307,11/28/2024,North America,Edge Hardware Platforms,21286.82,9120.94,2755.99
103308,11/28/2024,Europe,Edge Hardware Platforms,20984.4,8199.74,2592.72
103309,11/28/2024,APAC,Edge Hardware Platforms,16288.2,6369.91,1929.33
103310,11/28/2024,North America,Edge Hardware Platforms,19886.28,8095.22,2320.88
103311,11/28/2024,Europe,SaaS Subscriptions,7732.83,786.21,140.51
103312,11/28/2024,APAC,Edge Hardware Platforms,16719.27,6215.77,1863.23
103313,11/28/2024,North America,Enterprise Cloud Software,14021.54,2120.38,729.11
103314,11/28/2024,APAC,Edge Hardware Platforms,27652.11,12094.49,3277.82
103315,11/28/2024,APAC,Edge Hardware Platforms,11413.36,4731.32,1420.75
103316,11/28/2024,APAC,Edge Hardware Platforms,21698.23,7832.52,2516.34
103317,11/29/2024,APAC,Enterprise Cloud Software,10274.41,1449.93,474.75
103318,11/29/2024,Europe,Enterprise Cloud Software,10873.55,1478.15,500.91
103319,11/29/2024,Europe,Edge Hardware Platforms,10579.74,4294,1355.52
103320,11/29/2024,Europe,Enterprise Cloud Software,10924.75,1695.17,495.68
103321,11/29/2024,APAC,SaaS Subscriptions,7102.71,756.39,149.01
103322,11/29/2024,Europe,Edge Hardware Platforms,26127.91,10790.82,3027.32
103323,11/29/2024,North America,SaaS Subscriptions,2102.73,218.63,45.88
103324,11/30/2024,Europe,SaaS Subscriptions,2707.92,282.09,52.51
103325,11/30/2024,North America,Edge Hardware Platforms,27604.31,12102.91,3241.5
103326,11/30/2024,APAC,Edge Hardware Platforms,24340.3,8850.86,2954.32
103327,11/30/2024,North America,Enterprise Cloud Software,10668.14,1698.53,539.9
103328,11/30/2024,APAC,SaaS Subscriptions,2937.44,287.22,60.73
103329,11/30/2024,APAC,SaaS Subscriptions,6579.12,667.62,138.34
103330,12/1/2024,North America,Edge Hardware Platforms,27436.71,12005.89,3187.93
103331,12/1/2024,APAC,SaaS Subscriptions,5739.04,556.41,117.51
103332,12/1/2024,Europe,Edge Hardware Platforms,22385.2,9575.6,2508.98
103333,12/1/2024,North America,Edge Hardware Platforms,15666.55,6865.9,1790.93
103334,12/1/2024,Europe,SaaS Subscriptions,2480.38,263.95,50.31
103335,12/1/2024,North America,SaaS Subscriptions,2235.18,224.2,40.67
103336,12/1/2024,North America,SaaS Subscriptions,6594.95,619.52,135.08
103337,12/1/2024,APAC,SaaS Subscriptions,4809.84,519.22,96.35
103338,12/1/2024,Europe,SaaS Subscriptions,3415.71,318.93,66.16
103339,12/2/2024,North America,Enterprise Cloud Software,5401.48,756.22,267.55
103340,12/2/2024,North America,Enterprise Cloud Software,13755.76,2069.61,719.32
103341,12/2/2024,North America,Edge Hardware Platforms,19583.39,7342.07,2171.5
103342,12/2/2024,APAC,SaaS Subscriptions,2472.84,239.82,53.99
103343,12/2/2024,North America,Edge Hardware Platforms,29444.43,12904.25,3513
103344,12/2/2024,North America,Enterprise Cloud Software,13896.01,2256.02,709.79
103345,12/2/2024,APAC,Edge Hardware Platforms,23236.43,9902.95,2891.77
103346,12/3/2024,North America,Edge Hardware Platforms,21794.75,9538.11,2385.63
103347,12/3/2024,North America,Edge Hardware Platforms,20542.2,7460.81,2625.71
103348,12/3/2024,Europe,Edge Hardware Platforms,16377.08,7024.34,1846.05
103349,12/3/2024,North America,Enterprise Cloud Software,11250.23,1792.48,543.5
103350,12/3/2024,North America,Enterprise Cloud Software,11191.84,1593.51,601.82
103351,12/3/2024,North America,Enterprise Cloud Software,5883.78,943.58,303.09
103352,12/3/2024,APAC,Edge Hardware Platforms,14253.56,5772.09,1723.37
103353,12/3/2024,Europe,Edge Hardware Platforms,10117.94,3670.81,1253.93
103354,12/3/2024,Europe,SaaS Subscriptions,3802.46,404.24,74.92
103355,12/3/2024,North America,SaaS Subscriptions,5071.62,520.3,104.9
103356,12/3/2024,North America,Edge Hardware Platforms,27405.33,10714.8,3391.9
103357,12/3/2024,APAC,Enterprise Cloud Software,8325.96,1151.18,424.81
103358,12/4/2024,APAC,Edge Hardware Platforms,16497.5,6620.53,1957.86
103359,12/4/2024,North America,SaaS Subscriptions,4901.04,522.72,90.28
103360,12/4/2024,North America,SaaS Subscriptions,5526.61,553.74,111.04
103361,12/4/2024,North America,Edge Hardware Platforms,11695.61,4746.85,1423.34
103362,12/4/2024,APAC,Edge Hardware Platforms,12741.25,5170.66,1403.98
103363,12/4/2024,North America,Enterprise Cloud Software,10132.94,1393.64,503.55
103364,12/4/2024,APAC,Edge Hardware Platforms,11548.23,4364.5,1433.92
103365,12/4/2024,APAC,Enterprise Cloud Software,13124.51,1993.01,662.27
103366,12/4/2024,APAC,Edge Hardware Platforms,27002.38,10485.55,3275.52
103367,12/5/2024,APAC,SaaS Subscriptions,6360.2,617.29,135.38
103368,12/5/2024,Europe,Edge Hardware Platforms,18745.54,6847.02,2449.63
103369,12/5/2024,Europe,Edge Hardware Platforms,23531.67,9728.46,2551.17
103370,12/5/2024,Europe,SaaS Subscriptions,2267.11,247.39,44.65
103371,12/5/2024,North America,Edge Hardware Platforms,26024.28,10357.15,3213.54
103372,12/6/2024,North America,Enterprise Cloud Software,13314.53,2136.83,683.4
103373,12/6/2024,North America,Enterprise Cloud Software,12530.58,1964.74,678.23
103374,12/6/2024,Europe,SaaS Subscriptions,6475.73,664.5,127.62
103375,12/6/2024,APAC,Edge Hardware Platforms,17967.11,6588.14,2065.8
103376,12/6/2024,Europe,Enterprise Cloud Software,7212.35,1087.78,336.8
103377,12/6/2024,APAC,Edge Hardware Platforms,21477.26,7985.04,2486.85
103378,12/6/2024,Europe,SaaS Subscriptions,6620.96,625.41,135.5
103379,12/7/2024,North America,SaaS Subscriptions,6183.65,562.82,118.55
103380,12/7/2024,North America,SaaS Subscriptions,7437.78,686.1,146.98
103381,12/7/2024,APAC,Enterprise Cloud Software,7919.04,1141.36,358.74
103382,12/7/2024,North America,SaaS Subscriptions,5426.56,521.67,105.9
103383,12/7/2024,Europe,Edge Hardware Platforms,14555.21,5358.46,1826.6
103384,12/7/2024,North America,Enterprise Cloud Software,9269.54,1262.39,506.58
103385,12/7/2024,Europe,Enterprise Cloud Software,6724.54,1022.77,326.58
103386,12/7/2024,APAC,Edge Hardware Platforms,18666.68,8158.06,2191.05
103387,12/7/2024,Europe,Edge Hardware Platforms,26189.57,10740.27,3267.58
103388,12/7/2024,North America,Edge Hardware Platforms,13940.7,5777.3,1579.69
103389,12/7/2024,North America,SaaS Subscriptions,3836.09,360.33,73.16
103390,12/7/2024,North America,Edge Hardware Platforms,11387.03,4147.31,1309.85
103391,12/7/2024,North America,Enterprise Cloud Software,9047.92,1298.57,409.51
103392,12/8/2024,APAC,Edge Hardware Platforms,24479.36,9632.17,2867.9
103393,12/8/2024,North America,Edge Hardware Platforms,20290.04,8064.24,2551.93
103394,12/8/2024,APAC,Edge Hardware Platforms,12877.31,5276.67,1415.57
103395,12/8/2024,Europe,Edge Hardware Platforms,12649.98,5426.39,1552.61
103396,12/8/2024,North America,Enterprise Cloud Software,10373.1,1687.67,528.65
103397,12/8/2024,APAC,Enterprise Cloud Software,10683.05,1698,536.88
103398,12/8/2024,North America,Edge Hardware Platforms,22234.76,9300.73,2807.56
103399,12/8/2024,APAC,Edge Hardware Platforms,14316.22,5616.81,1812.82
103400,12/8/2024,APAC,Enterprise Cloud Software,10355.37,1495.06,489.33
103401,12/8/2024,Europe,Edge Hardware Platforms,10195.44,4306.72,1301.72
103402,12/8/2024,APAC,Enterprise Cloud Software,10945.53,1617.74,529.2
103403,12/8/2024,Europe,Edge Hardware Platforms,10461.06,4577.26,1333.13
103404,12/8/2024,APAC,Edge Hardware Platforms,17781.21,7470.41,2085.42
103405,12/9/2024,APAC,Edge Hardware Platforms,11296.2,4375.85,1488.2
103406,12/9/2024,North America,Edge Hardware Platforms,26858.81,10929.51,3140.72
103407,12/9/2024,North America,Edge Hardware Platforms,13641.35,5959.48,1707.36
103408,12/9/2024,Europe,Edge Hardware Platforms,12199.3,4652.05,1393.56
103409,12/9/2024,Europe,Edge Hardware Platforms,18668.16,7461.26,2458.38
103410,12/9/2024,North America,Edge Hardware Platforms,14790.15,5876.55,1668.35
103411,12/9/2024,Europe,Enterprise Cloud Software,5367.89,855.95,248.44
103412,12/9/2024,North America,Edge Hardware Platforms,18649.6,7796.53,2281.27
103413,12/9/2024,North America,Enterprise Cloud Software,12675.95,1845.31,683.2
103414,12/9/2024,North America,Edge Hardware Platforms,28791.29,11864.67,3395.18
103415,12/9/2024,Europe,Edge Hardware Platforms,21696.4,8065.54,2706.93
103416,12/10/2024,North America,Edge Hardware Platforms,12338.27,5202.22,1588.96
103417,12/10/2024,APAC,Edge Hardware Platforms,19640.3,7624.02,2352.56
103418,12/10/2024,North America,Edge Hardware Platforms,24358.61,9192.79,2785.11
103419,12/10/2024,Europe,Enterprise Cloud Software,7458.88,1010.88,389.36
103420,12/10/2024,Europe,Edge Hardware Platforms,14286.56,5928.78,1747.43
103421,12/10/2024,North America,Edge Hardware Platforms,21358.41,8531.9,2635.71
103422,12/10/2024,North America,Edge Hardware Platforms,19005.59,7542.97,2266.7
103423,12/10/2024,APAC,SaaS Subscriptions,5777.42,602.76,104.98
103424,12/10/2024,Europe,Edge Hardware Platforms,16354.95,6070.67,1795.86
103425,12/10/2024,North America,Enterprise Cloud Software,5301.44,832.22,251.74
103426,12/10/2024,North America,SaaS Subscriptions,2687.94,286.84,55.26
103427,12/10/2024,North America,Enterprise Cloud Software,5914.93,858.05,274.47
103428,12/10/2024,North America,Enterprise Cloud Software,10950.08,1525.98,575.62
103429,12/10/2024,North America,Edge Hardware Platforms,13797.64,5763.4,1600.44
103430,12/11/2024,APAC,SaaS Subscriptions,6702.04,657.87,146.96
103431,12/11/2024,North America,Edge Hardware Platforms,13221.48,5796.77,1651.31
103432,12/11/2024,APAC,Enterprise Cloud Software,12634.18,1999.25,653.41
103433,12/11/2024,North America,Edge Hardware Platforms,12208.69,4855.73,1389.98
103434,12/11/2024,North America,Enterprise Cloud Software,7300.54,1002.34,395.68
103435,12/11/2024,Europe,Edge Hardware Platforms,20700.58,8492.69,2693.66
103436,12/11/2024,North America,Enterprise Cloud Software,14757.89,2156.66,667.43
103437,12/11/2024,North America,Enterprise Cloud Software,14899.23,2136.04,808.07
103438,12/11/2024,APAC,Edge Hardware Platforms,10663.93,3908.62,1274.96
103439,12/11/2024,Europe,Edge Hardware Platforms,18776.96,8162.84,2268.89
103440,12/11/2024,Europe,SaaS Subscriptions,2881.23,272.55,53.1
103441,12/11/2024,North America,Edge Hardware Platforms,16423.59,6468.49,2161.01
103442,12/11/2024,North America,Edge Hardware Platforms,11977.42,4617.05,1445.2
103443,12/11/2024,APAC,Edge Hardware Platforms,11298.13,4418.17,1259.72
103444,12/11/2024,North America,Edge Hardware Platforms,11348.48,4507.37,1391.63
103445,12/12/2024,APAC,Edge Hardware Platforms,29670.47,11168.97,3277.62
103446,12/12/2024,North America,SaaS Subscriptions,5131.11,475.72,96.52
103447,12/12/2024,North America,Edge Hardware Platforms,16647.58,6988.06,2044.17
103448,12/12/2024,APAC,Edge Hardware Platforms,16623.53,7309.39,1937.23
103449,12/12/2024,Europe,SaaS Subscriptions,2531.82,247.43,46.44
103450,12/12/2024,North America,Enterprise Cloud Software,5095.44,746.02,270.53
103451,12/12/2024,Europe,Edge Hardware Platforms,20384.98,8675.51,2632.29
103452,12/12/2024,APAC,SaaS Subscriptions,3096.28,315.44,62.94
103453,12/12/2024,Europe,Edge Hardware Platforms,11783.41,4338.33,1527.78
103454,12/12/2024,Europe,Enterprise Cloud Software,7793,1194.71,382.4
103455,12/12/2024,Europe,Enterprise Cloud Software,6387.39,937.67,332.12
103456,12/12/2024,North America,Edge Hardware Platforms,23901.44,10119.01,2690.47
103457,12/12/2024,Europe,SaaS Subscriptions,7440.87,787.15,155.14
103458,12/12/2024,North America,Edge Hardware Platforms,22865.48,8975.75,2740.02
103459,12/12/2024,Europe,SaaS Subscriptions,3771.84,358.05,76.97
103460,12/13/2024,APAC,Edge Hardware Platforms,24278.85,10279.84,2910.02
103461,12/13/2024,APAC,Edge Hardware Platforms,18233.02,6721.16,2141.32
103462,12/13/2024,Europe,SaaS Subscriptions,3510.08,340.85,65.34
103463,12/13/2024,Europe,SaaS Subscriptions,5845.71,598.26,118.16
103464,12/13/2024,North America,Edge Hardware Platforms,22040.99,9101.12,2855.88
103465,12/13/2024,APAC,Edge Hardware Platforms,28543.68,12536.24,3480.92
103466,12/13/2024,North America,Edge Hardware Platforms,25752.02,9327.85,2816.38
103467,12/13/2024,North America,Edge Hardware Platforms,20023.33,7799.32,2213.27
103468,12/13/2024,Europe,Edge Hardware Platforms,15306.48,6309.11,1858.46
103469,12/13/2024,North America,Edge Hardware Platforms,15424.43,6533.58,1750.73
103470,12/14/2024,Europe,SaaS Subscriptions,2177.5,211.78,46.3
103471,12/14/2024,APAC,SaaS Subscriptions,3015.3,313.95,56.04
103472,12/14/2024,APAC,Enterprise Cloud Software,12378.18,1840.02,679.1
103473,12/14/2024,Europe,Edge Hardware Platforms,17363.27,7271.07,2081.46
103474,12/14/2024,North America,Edge Hardware Platforms,26609.19,10083.4,3014.97
103475,12/14/2024,Europe,SaaS Subscriptions,3497.72,380.01,75.93
103476,12/14/2024,North America,Enterprise Cloud Software,12005.99,1963.6,625.5
103477,12/14/2024,Europe,Enterprise Cloud Software,9610.1,1472.3,464.26
103478,12/14/2024,Europe,Enterprise Cloud Software,9521.88,1311.38,433.16
103479,12/14/2024,APAC,Enterprise Cloud Software,10751.55,1499.51,512.05
103480,12/14/2024,North America,Enterprise Cloud Software,5459.62,880.72,246.33
103481,12/14/2024,North America,SaaS Subscriptions,3692.05,385.66,68.62
103482,12/14/2024,North America,Edge Hardware Platforms,29772.72,10893.11,3501.67
103483,12/15/2024,North America,SaaS Subscriptions,2578.76,276.28,48.25
103484,12/15/2024,APAC,Edge Hardware Platforms,27564.13,10257.61,3481.04
103485,12/15/2024,Europe,Edge Hardware Platforms,26211.75,10795.63,3382.6
103486,12/15/2024,North America,Edge Hardware Platforms,27412.02,10339.41,3280.06
103487,12/15/2024,APAC,Edge Hardware Platforms,15056.59,5843.25,1945.94
103488,12/15/2024,APAC,SaaS Subscriptions,6193.65,620.55,116.01
103489,12/16/2024,North America,Enterprise Cloud Software,13781.17,2194.96,698.41
103490,12/16/2024,APAC,SaaS Subscriptions,5930.65,588.86,110.36
103491,12/16/2024,Europe,Enterprise Cloud Software,8984.51,1466.99,435.03
103492,12/16/2024,North America,Edge Hardware Platforms,22047.28,8278.85,2485.13
103493,12/16/2024,APAC,Enterprise Cloud Software,13381.92,1995.37,660.4
103494,12/16/2024,North America,Edge Hardware Platforms,27613.22,10517.6,3045.25
103495,12/16/2024,North America,Edge Hardware Platforms,18716.54,6935.47,2174.24
103496,12/16/2024,Europe,SaaS Subscriptions,5850.46,547.14,109.02
103497,12/16/2024,Europe,Enterprise Cloud Software,12555.77,1846.25,608.08
103498,12/16/2024,Europe,Edge Hardware Platforms,21386.94,9072.17,2632.83
103499,12/16/2024,APAC,Edge Hardware Platforms,13862.46,5048.55,1797.7
103500,12/16/2024,APAC,Edge Hardware Platforms,24484.12,9343.43,2963.03
103501,12/16/2024,APAC,SaaS Subscriptions,3826.37,367.41,76.28
103502,12/16/2024,Europe,Edge Hardware Platforms,22539.44,8134.92,2847.19
103503,12/17/2024,North America,Edge Hardware Platforms,13412.87,5162.75,1455.12
103504,12/17/2024,APAC,Edge Hardware Platforms,26322.51,10967.8,3366.38
103505,12/17/2024,North America,Enterprise Cloud Software,14719.06,2303.82,785.12
103506,12/17/2024,North America,Edge Hardware Platforms,24856.33,9103.35,3022.93
103507,12/17/2024,Europe,Enterprise Cloud Software,7359.76,1056.45,339.42
103508,12/17/2024,Europe,Enterprise Cloud Software,7776.19,1259.33,386.25
103509,12/17/2024,North America,Edge Hardware Platforms,28192.28,10205.69,3348.05
103510,12/18/2024,APAC,Enterprise Cloud Software,10530.37,1477.13,540.33
103511,12/18/2024,North America,Edge Hardware Platforms,23103.64,9387.71,2572.82
103512,12/18/2024,North America,Edge Hardware Platforms,26178.19,11325.89,3338.42
103513,12/18/2024,APAC,Edge Hardware Platforms,16623.32,6021.88,1974.81
103514,12/18/2024,Europe,SaaS Subscriptions,3604.73,361.45,74.43
103515,12/18/2024,Europe,Enterprise Cloud Software,12962.82,1817.4,700.64
103516,12/18/2024,APAC,Edge Hardware Platforms,17523.64,7350.51,2084.45
103517,12/18/2024,North America,SaaS Subscriptions,4584.5,431.26,92.71
103518,12/18/2024,North America,Enterprise Cloud Software,10457.31,1534.41,530.5
103519,12/19/2024,North America,SaaS Subscriptions,3515.72,349.57,68.26
103520,12/19/2024,North America,SaaS Subscriptions,6478.51,711.62,132.51
103521,12/19/2024,Europe,Enterprise Cloud Software,14965.61,2267.98,778.28
103522,12/19/2024,Europe,Edge Hardware Platforms,28851.55,10770.67,3318.42
103523,12/19/2024,North America,Edge Hardware Platforms,11240.91,4120.14,1294.55
103524,12/19/2024,Europe,Edge Hardware Platforms,10896.33,4757.33,1425.99
103525,12/19/2024,North America,Edge Hardware Platforms,21571.51,8175.56,2465.45
103526,12/19/2024,Europe,Edge Hardware Platforms,15824.59,6719.14,1891.91
103527,12/19/2024,Europe,Enterprise Cloud Software,10335.08,1493.83,519.48
103528,12/19/2024,APAC,Edge Hardware Platforms,17084.41,7099.29,2231.07
103529,12/20/2024,APAC,Edge Hardware Platforms,28476.69,11147,3508.34
103530,12/20/2024,APAC,Edge Hardware Platforms,22297.97,9305.05,2880.24
103531,12/20/2024,North America,Edge Hardware Platforms,17953.69,7769.94,2350.93
103532,12/20/2024,North America,Enterprise Cloud Software,14348.62,2064.38,680.38
103533,12/20/2024,North America,Enterprise Cloud Software,11935.26,1763.81,598.78
103534,12/20/2024,APAC,Enterprise Cloud Software,5712.41,917.17,301.32
103535,12/20/2024,North America,Edge Hardware Platforms,16205.56,6673.85,1774.01
103536,12/20/2024,Europe,Enterprise Cloud Software,13197.39,1932.36,663.51
103537,12/20/2024,North America,Enterprise Cloud Software,11750.55,1856.62,612.21
103538,12/20/2024,Europe,Enterprise Cloud Software,11934.51,1676.23,548.75
103539,12/20/2024,APAC,SaaS Subscriptions,6300.26,668.53,138.38
103540,12/21/2024,North America,Edge Hardware Platforms,20629.35,7538.25,2410.32
103541,12/21/2024,APAC,Edge Hardware Platforms,16464.94,7163.15,1808.48
103542,12/21/2024,APAC,Enterprise Cloud Software,5090.94,753.53,247.37
103543,12/21/2024,Europe,Edge Hardware Platforms,26848.62,10527.3,3176.63
103544,12/21/2024,North America,Enterprise Cloud Software,11412.15,1562.7,597.29
103545,12/22/2024,Europe,Enterprise Cloud Software,11821.4,1862.41,553.37
103546,12/22/2024,North America,Enterprise Cloud Software,11570.46,1609.05,577.82
103547,12/22/2024,North America,Enterprise Cloud Software,5043.61,729.43,231.49
103548,12/22/2024,North America,Edge Hardware Platforms,17350.64,7224.92,2182.62
103549,12/22/2024,Europe,SaaS Subscriptions,3423.77,321.11,69.98
103550,12/22/2024,Europe,Edge Hardware Platforms,10087.06,4079.4,1315.22
103551,12/22/2024,North America,SaaS Subscriptions,4140.54,384.23,81.13
103552,12/22/2024,Europe,Edge Hardware Platforms,20097.56,8098.06,2182.15
103553,12/22/2024,North America,Edge Hardware Platforms,29741.77,11410.29,3852.09
103554,12/23/2024,Europe,Enterprise Cloud Software,12152.29,1989.49,630.82
103555,12/23/2024,APAC,Edge Hardware Platforms,25432.81,10871.09,3180.65
103556,12/23/2024,Europe,Edge Hardware Platforms,24010.14,9129.78,3059.61
103557,12/23/2024,APAC,Edge Hardware Platforms,24021.34,10064.03,2976.1
103558,12/23/2024,Europe,SaaS Subscriptions,4693.56,428.16,100.34
103559,12/23/2024,Europe,SaaS Subscriptions,2831.28,256.56,61.54
103560,12/23/2024,North America,SaaS Subscriptions,6939.26,722.89,128.55
103561,12/23/2024,Europe,SaaS Subscriptions,4553.19,447.44,90.02
103562,12/23/2024,North America,SaaS Subscriptions,7215.1,793.36,146.76
103563,12/23/2024,APAC,Enterprise Cloud Software,11675.29,1803.74,630.61
103564,12/23/2024,APAC,SaaS Subscriptions,7213,774.49,131.67
103565,12/23/2024,APAC,Edge Hardware Platforms,17608.89,6418.81,2188.15
103566,12/23/2024,North America,Edge Hardware Platforms,23634.57,10232.4,3020.75
103567,12/24/2024,APAC,Edge Hardware Platforms,25361.63,9919.97,3229
103568,12/24/2024,APAC,Edge Hardware Platforms,26901.97,11811.94,3540.62
103569,12/24/2024,Europe,Edge Hardware Platforms,16068.03,6188.14,1925.26
103570,12/24/2024,North America,Edge Hardware Platforms,20726.17,8950.5,2641.63
103571,12/24/2024,North America,Edge Hardware Platforms,25010.3,9390.27,2720.08
103572,12/24/2024,APAC,Enterprise Cloud Software,13894.11,2256.52,689.25
103573,12/24/2024,APAC,Edge Hardware Platforms,27165.29,11571.72,2985.04
103574,12/25/2024,APAC,Edge Hardware Platforms,22168.16,8628.6,2490.8
103575,12/25/2024,Europe,SaaS Subscriptions,4804.15,501.91,95.99
103576,12/25/2024,Europe,Edge Hardware Platforms,20092.49,7823.04,2531.06
103577,12/25/2024,APAC,SaaS Subscriptions,3366.19,363.27,65.19
103578,12/25/2024,North America,Edge Hardware Platforms,16093.93,5862.01,1882.46
103579,12/25/2024,Europe,Edge Hardware Platforms,22591.18,9325.85,2837.67
103580,12/25/2024,APAC,Edge Hardware Platforms,13328.64,5138.38,1577.74
103581,12/25/2024,Europe,Enterprise Cloud Software,8157.85,1292.16,421.83
103582,12/25/2024,Europe,SaaS Subscriptions,6699.41,694.35,132.37
103583,12/25/2024,APAC,Edge Hardware Platforms,14055.38,5389.18,1751.94
103584,12/25/2024,APAC,Enterprise Cloud Software,5823.46,940.17,315.36
103585,12/25/2024,North America,Edge Hardware Platforms,23203.76,8965.8,2994.49
103586,12/26/2024,North America,Edge Hardware Platforms,29767.11,12143.17,3581.75
103587,12/26/2024,North America,Edge Hardware Platforms,18780.87,6952.59,2237.63
103588,12/26/2024,North America,Edge Hardware Platforms,29472.97,11717.46,3630.39
103589,12/26/2024,Europe,Enterprise Cloud Software,14705.55,2042.42,678.17
103590,12/26/2024,Europe,Edge Hardware Platforms,17098.47,6418.79,2182.71
103591,12/26/2024,North America,Enterprise Cloud Software,8650.85,1223.55,434.22
103592,12/26/2024,Europe,Edge Hardware Platforms,14551.24,5432.8,1578.38
103593,12/26/2024,North America,Enterprise Cloud Software,8454.74,1178.34,429.49
103594,12/26/2024,North America,Enterprise Cloud Software,8998.66,1271.33,466.15
103595,12/26/2024,North America,Enterprise Cloud Software,8496.02,1204.15,449.93
103596,12/27/2024,Europe,Edge Hardware Platforms,12094.1,5047.35,1393.15
103597,12/27/2024,North America,Enterprise Cloud Software,8149.1,1245.02,395.92
103598,12/27/2024,North America,Enterprise Cloud Software,7905.03,1223.63,363.51
103599,12/27/2024,Europe,Enterprise Cloud Software,7116.15,997.44,325.01
103600,12/27/2024,Europe,Edge Hardware Platforms,26621.07,9794.19,2967.55
103601,12/27/2024,North America,Edge Hardware Platforms,16115.18,6328,1857.09
103602,12/27/2024,North America,SaaS Subscriptions,5291.23,559.58,109.18
103603,12/27/2024,Europe,Enterprise Cloud Software,11427.34,1595.95,561.58
103604,12/28/2024,APAC,Enterprise Cloud Software,5609.72,849.12,291.23
103605,12/28/2024,North America,Edge Hardware Platforms,29012.88,10762.79,3489.23
103606,12/28/2024,North America,Enterprise Cloud Software,5898.19,867.74,313.83
103607,12/28/2024,Europe,Enterprise Cloud Software,5401.11,818.82,250.22
103608,12/28/2024,North America,Edge Hardware Platforms,28074.65,10290.65,3482.56
103609,12/28/2024,North America,Edge Hardware Platforms,21030.65,8936.96,2539.66
103610,12/28/2024,North America,Enterprise Cloud Software,5852.5,883.95,315.35
103611,12/28/2024,Europe,Edge Hardware Platforms,15968.7,6321.22,1849.02
103612,12/28/2024,North America,Edge Hardware Platforms,25285.74,9901.85,3125.43
103613,12/29/2024,Europe,Enterprise Cloud Software,7371.68,1148.31,389.21
103614,12/29/2024,North America,Enterprise Cloud Software,8071.21,1234.42,377.07
103615,12/29/2024,North America,Edge Hardware Platforms,25581.96,10234.69,2986.23
103616,12/29/2024,Europe,Edge Hardware Platforms,29199.7,12306.13,3299.39
103617,12/29/2024,North America,Edge Hardware Platforms,22259.72,8847.23,2836.85
103618,12/29/2024,APAC,Edge Hardware Platforms,27088.59,11379.57,3431.74
103619,12/29/2024,APAC,Enterprise Cloud Software,7676.48,1241.05,404.72
103620,12/29/2024,APAC,Enterprise Cloud Software,11277.57,1571.4,564.32
103621,12/29/2024,North America,Enterprise Cloud Software,5121.68,788.26,248.86
103622,12/30/2024,Europe,Enterprise Cloud Software,6136.56,967.15,320.07
103623,12/30/2024,North America,Enterprise Cloud Software,10787.18,1662,500.02
103624,12/30/2024,Europe,Edge Hardware Platforms,28626.11,10807.39,3595.39
103625,12/30/2024,Europe,Enterprise Cloud Software,10169.99,1403.3,524.68
103626,12/30/2024,Europe,Enterprise Cloud Software,7046.93,1115.44,336.55
103627,12/30/2024,Europe,Edge Hardware Platforms,28430.54,11455.41,3545.52
103628,12/30/2024,North America,Enterprise Cloud Software,7592.28,1095.37,393.86
103629,12/30/2024,Europe,Edge Hardware Platforms,23082.35,8611.68,2528.07
103630,12/30/2024,APAC,Edge Hardware Platforms,22981.91,8838.37,2687.2
103631,12/30/2024,North America,SaaS Subscriptions,5554.64,509.21,117.86
103632,12/30/2024,Europe,Edge Hardware Platforms,10252.4,3714.44,1149.28
103633,12/30/2024,North America,Edge Hardware Platforms,24133.88,9877.68,3118.98
103634,12/30/2024,North America,SaaS Subscriptions,7456.83,735.88,137.04
103635,12/31/2024,North America,SaaS Subscriptions,6502.97,585.43,136.97
103636,12/31/2024,Europe,Enterprise Cloud Software,8696.04,1332.25,430.69
103637,12/31/2024,APAC,Edge Hardware Platforms,13077.26,5729.32,1488.31
103638,12/31/2024,Europe,Enterprise Cloud Software,8290.13,1229.1,388.99
103639,12/31/2024,Europe,Enterprise Cloud Software,10590.07,1640.52,483.16
103640,1/1/2025,North America,SaaS Subscriptions,6218.38,677.69,120.12
103641,1/1/2025,Europe,SaaS Subscriptions,4282.79,468.1,81.63
103642,1/1/2025,North America,SaaS Subscriptions,7817.96,748.21,144.99
103643,1/1/2025,APAC,SaaS Subscriptions,5604.28,575.51,117.98
103644,1/1/2025,North America,SaaS Subscriptions,4185.98,429.33,83.19
103645,1/1/2025,Europe,Edge Hardware Platforms,29893.25,12337.69,3798.16
103646,1/1/2025,North America,SaaS Subscriptions,3799.86,351.62,70.12
103647,1/1/2025,Europe,SaaS Subscriptions,5997.17,571.21,112.83
103648,1/1/2025,Europe,Enterprise Cloud Software,8993.31,1393.85,491.72
103649,1/1/2025,Europe,Enterprise Cloud Software,13173.62,2072.55,706.07
103650,1/2/2025,APAC,Edge Hardware Platforms,20790.07,7631.18,2450.29
103651,1/2/2025,Europe,Edge Hardware Platforms,28015.64,12117.39,3578.33
103652,1/2/2025,North America,Edge Hardware Platforms,17905.77,6779.26,2081.18
103653,1/2/2025,North America,Edge Hardware Platforms,19214.84,8386.1,2219.73
103654,1/2/2025,APAC,Enterprise Cloud Software,6909.69,1040.39,357.4
103655,1/2/2025,North America,Enterprise Cloud Software,9556.84,1385.07,498.16
103656,1/2/2025,Europe,Enterprise Cloud Software,13944.65,2005.06,729.46
103657,1/2/2025,APAC,SaaS Subscriptions,4991.04,510.67,96.52
103658,1/2/2025,Europe,Edge Hardware Platforms,18753.05,8034.51,2047.91
103659,1/2/2025,APAC,SaaS Subscriptions,5038.2,502.83,97.98
103660,1/2/2025,APAC,Enterprise Cloud Software,10902.15,1694.74,592.46
103661,1/3/2025,North America,Edge Hardware Platforms,12776.83,5500.39,1609.76
103662,1/3/2025,APAC,Edge Hardware Platforms,20140.87,7492.36,2334.58
103663,1/3/2025,North America,Edge Hardware Platforms,13204.58,5495.34,1645.48
103664,1/3/2025,Europe,Enterprise Cloud Software,8148.01,1178.23,423.73
103665,1/3/2025,North America,SaaS Subscriptions,6566.04,615.41,137.08
103666,1/3/2025,Europe,Edge Hardware Platforms,13778.57,5133.99,1566.29
103667,1/3/2025,North America,Edge Hardware Platforms,24758.48,10746.07,2708.75
103668,1/4/2025,Europe,Enterprise Cloud Software,8340.79,1262.83,383.88
103669,1/4/2025,Europe,Edge Hardware Platforms,22654.3,9667.06,2539.7
103670,1/4/2025,APAC,Edge Hardware Platforms,28458.56,10718.02,3486.44
103671,1/4/2025,Europe,Edge Hardware Platforms,22118.18,8837.57,2873.41
103672,1/4/2025,North America,Enterprise Cloud Software,11081.01,1703.38,547.3
103673,1/4/2025,Europe,SaaS Subscriptions,6396.11,589.8,120.56
103674,1/5/2025,North America,Enterprise Cloud Software,13486.09,1951.43,666.12
103675,1/5/2025,North America,Edge Hardware Platforms,24946.05,10472.48,3004.18
103676,1/5/2025,Europe,Edge Hardware Platforms,10571.78,3861.67,1239.12
103677,1/5/2025,Europe,SaaS Subscriptions,2178.25,212.08,41.16
103678,1/5/2025,APAC,SaaS Subscriptions,3238.45,337.5,67.77
103679,1/5/2025,North America,Edge Hardware Platforms,22406.76,8113.16,2637.5
103680,1/5/2025,North America,Edge Hardware Platforms,26858.35,10796.53,2923.9
103681,1/5/2025,North America,Edge Hardware Platforms,16559.63,6720.12,1853.47
103682,1/5/2025,APAC,SaaS Subscriptions,7335.35,704.79,151.42
103683,1/5/2025,North America,Edge Hardware Platforms,12410.5,5225.08,1471.31
103684,1/6/2025,APAC,Enterprise Cloud Software,12216.59,1875.75,560.93
103685,1/6/2025,North America,Enterprise Cloud Software,12243.57,1704.93,608.23
103686,1/6/2025,North America,Edge Hardware Platforms,24129.53,10008.39,2904.53
103687,1/6/2025,Europe,Edge Hardware Platforms,27238.2,10526.7,3111.28
103688,1/6/2025,Europe,Edge Hardware Platforms,26939.97,10405.05,3363.37
103689,1/6/2025,North America,Edge Hardware Platforms,16864.6,7173.09,2212.79
103690,1/6/2025,Europe,SaaS Subscriptions,6198.17,677.76,131.68
103691,1/6/2025,North America,Edge Hardware Platforms,20709.99,7482.83,2361.59
103692,1/6/2025,APAC,SaaS Subscriptions,6793.1,744.77,144.19
103693,1/6/2025,North America,Enterprise Cloud Software,5306.24,731.32,250.39
103694,1/6/2025,Europe,SaaS Subscriptions,7171.8,733.85,155.72
103695,1/7/2025,APAC,Edge Hardware Platforms,15544.5,6735.63,1823.53
103696,1/7/2025,Europe,Edge Hardware Platforms,23256.75,10223.73,2525.97
103697,1/7/2025,APAC,Enterprise Cloud Software,8642.28,1210.42,454.35
103698,1/7/2025,North America,Edge Hardware Platforms,15898.52,5893.48,2011.54
103699,1/7/2025,North America,Enterprise Cloud Software,7750.77,1182.79,399.91
103700,1/7/2025,North America,Enterprise Cloud Software,9309.71,1349.53,501.25
103701,1/7/2025,APAC,Edge Hardware Platforms,16760.85,6973.42,2149.53
103702,1/7/2025,Europe,Edge Hardware Platforms,24982.1,10136.21,2885.24
103703,1/8/2025,North America,Edge Hardware Platforms,26090.93,11108.78,3113.95
103704,1/8/2025,North America,Enterprise Cloud Software,12433.61,2009.12,640.44
103705,1/8/2025,North America,SaaS Subscriptions,7934.61,782.89,161.7
103706,1/8/2025,APAC,Edge Hardware Platforms,29355.74,10837.86,3579.56
103707,1/8/2025,Europe,SaaS Subscriptions,7244.66,793.72,145.24
103708,1/8/2025,APAC,Edge Hardware Platforms,18446.28,7014.53,2354.44
103709,1/8/2025,APAC,Enterprise Cloud Software,5561.32,886.84,284.75
103710,1/8/2025,APAC,Enterprise Cloud Software,5710.28,855.25,261.84
103711,1/8/2025,North America,Enterprise Cloud Software,7241.32,1000.64,394.93
103712,1/8/2025,North America,Edge Hardware Platforms,27972.24,11585.7,3435.91
103713,1/8/2025,Europe,SaaS Subscriptions,7266.02,747.33,156.66
103714,1/8/2025,Europe,Enterprise Cloud Software,13800.77,2087.29,746.09
103715,1/8/2025,North America,Edge Hardware Platforms,28956.1,11002.51,3781.58
103716,1/8/2025,APAC,SaaS Subscriptions,5382.01,554.02,115.6
103717,1/8/2025,APAC,Edge Hardware Platforms,29645.19,12298.43,3895.72
103718,1/9/2025,Europe,Enterprise Cloud Software,10956.88,1740.09,496.72
103719,1/9/2025,Europe,Enterprise Cloud Software,14478.51,2188.38,656.37
103720,1/9/2025,Europe,SaaS Subscriptions,6382.24,612.76,129.57
103721,1/9/2025,Europe,Enterprise Cloud Software,6788.33,1028.79,332.82
103722,1/9/2025,North America,Edge Hardware Platforms,19779.9,7611.26,2212.98
103723,1/9/2025,Europe,Edge Hardware Platforms,23391.94,8833.33,2860.56
103724,1/9/2025,APAC,Edge Hardware Platforms,14215.34,5995.63,1595.6
103725,1/9/2025,North America,Enterprise Cloud Software,7678.74,1131.16,350.47
103726,1/9/2025,APAC,Edge Hardware Platforms,21762.07,8480.74,2700.15
103727,1/9/2025,Europe,Edge Hardware Platforms,26428.04,10934.55,3165.87
103728,1/9/2025,APAC,Edge Hardware Platforms,12230.2,4516.7,1599.29
103729,1/9/2025,North America,SaaS Subscriptions,3480.23,343.2,71.76
103730,1/9/2025,North America,Edge Hardware Platforms,23798.26,9601.33,2893.42
103731,1/9/2025,North America,Edge Hardware Platforms,11731.43,4512.25,1520.48
103732,1/9/2025,Europe,Edge Hardware Platforms,21477.72,8065.72,2626.2
103733,1/10/2025,Europe,Enterprise Cloud Software,11168.5,1645.6,605.54
103734,1/10/2025,Europe,Edge Hardware Platforms,14377.37,6051.12,1801.53
103735,1/10/2025,APAC,Enterprise Cloud Software,9475.01,1472.18,435.39
103736,1/10/2025,Europe,SaaS Subscriptions,4615.61,506.37,84.13
103737,1/10/2025,Europe,Edge Hardware Platforms,20010.79,8758.08,2223.43
103738,1/11/2025,Europe,Enterprise Cloud Software,10172.52,1388.39,547.44
103739,1/11/2025,North America,SaaS Subscriptions,6209.94,654.05,119.59
103740,1/11/2025,North America,Edge Hardware Platforms,10484.52,4545.04,1229.71
103741,1/11/2025,APAC,Edge Hardware Platforms,11610.3,4792.91,1329.38
103742,1/11/2025,North America,Enterprise Cloud Software,14160.75,2124.1,732.04
103743,1/11/2025,North America,Edge Hardware Platforms,17002,6557.52,1936.99
103744,1/11/2025,Europe,Edge Hardware Platforms,14440.88,6314.07,1602.8
103745,1/11/2025,Europe,Enterprise Cloud Software,5226.65,850.27,277.56
103746,1/11/2025,Europe,SaaS Subscriptions,6817.09,701.78,145.81
103747,1/11/2025,North America,Edge Hardware Platforms,25526.21,9362.6,3282.86
103748,1/12/2025,Europe,Edge Hardware Platforms,23645.74,8768.53,2634.83
103749,1/12/2025,APAC,Edge Hardware Platforms,17560.62,6430.59,1901.65
103750,1/12/2025,North America,Enterprise Cloud Software,7300.73,1077.48,337.4
103751,1/12/2025,North America,SaaS Subscriptions,5512.82,599.18,106.86
103752,1/12/2025,Europe,Enterprise Cloud Software,11183.4,1553.24,503.49
103753,1/12/2025,APAC,Edge Hardware Platforms,28538.81,11036.14,3306.7
103754,1/12/2025,Europe,Edge Hardware Platforms,21316.17,9251.82,2315.16
103755,1/12/2025,Europe,Edge Hardware Platforms,13604.67,5453.18,1634.21
103756,1/12/2025,North America,Enterprise Cloud Software,9081.65,1337.4,437.51
103757,1/12/2025,North America,Enterprise Cloud Software,14702.35,2400.97,732.71
103758,1/12/2025,APAC,Edge Hardware Platforms,11377.15,4202.92,1478.88
103759,1/12/2025,Europe,SaaS Subscriptions,7389.62,731.27,134.45
103760,1/12/2025,North America,Enterprise Cloud Software,6887.4,1014.62,318.07
103761,1/12/2025,North America,Edge Hardware Platforms,16803.42,6677.89,1987.85
103762,1/13/2025,North America,SaaS Subscriptions,4629.26,483.41,95.46
103763,1/13/2025,North America,SaaS Subscriptions,4781.63,468.1,103.66
103764,1/13/2025,Europe,Edge Hardware Platforms,26924.92,10200.22,3017.4
103765,1/13/2025,North America,SaaS Subscriptions,3202.2,307.91,61.3
103766,1/13/2025,North America,Edge Hardware Platforms,29082.27,11236.12,3425.41
103767,1/13/2025,APAC,Edge Hardware Platforms,28520.86,11415.69,3318.28
103768,1/13/2025,APAC,Edge Hardware Platforms,14623.5,5472.35,1928.61
103769,1/13/2025,APAC,Edge Hardware Platforms,26527.27,10710.24,3067.01
103770,1/13/2025,Europe,Edge Hardware Platforms,20003.38,7273.48,2197.34
103771,1/13/2025,APAC,SaaS Subscriptions,6069.74,648.14,126.72
103772,1/13/2025,APAC,Enterprise Cloud Software,8877.42,1322.05,425.91
103773,1/13/2025,Europe,SaaS Subscriptions,4474.89,487.01,89.8
103774,1/13/2025,Europe,Edge Hardware Platforms,15366.62,6003.26,1863.63
103775,1/13/2025,APAC,Edge Hardware Platforms,16662.33,6012.39,2192.1
103776,1/14/2025,North America,SaaS Subscriptions,3037.82,329.47,61.03
103777,1/14/2025,Europe,Enterprise Cloud Software,7690.34,1259.34,366.53
103778,1/14/2025,North America,Enterprise Cloud Software,6290.74,893.27,323.49
103779,1/14/2025,Europe,Edge Hardware Platforms,12447.3,5279.76,1578.55
103780,1/14/2025,North America,Edge Hardware Platforms,11375.41,4815.99,1429.83
103781,1/14/2025,APAC,Enterprise Cloud Software,9562.96,1343.93,465.83
103782,1/14/2025,Europe,Enterprise Cloud Software,12148.7,1838.08,647.4
103783,1/14/2025,North America,SaaS Subscriptions,7992.17,866.24,168.73
103784,1/15/2025,North America,Edge Hardware Platforms,19011.08,7641.07,2309.46
103785,1/15/2025,Europe,SaaS Subscriptions,5877.57,595.27,114.58
103786,1/15/2025,North America,SaaS Subscriptions,4771.05,483.42,100.21
103787,1/15/2025,North America,SaaS Subscriptions,6782.15,715.44,122.68
103788,1/15/2025,Europe,Enterprise Cloud Software,10508.73,1645.18,485.7
103789,1/15/2025,Europe,Edge Hardware Platforms,26231.06,10562.91,3044.56
103790,1/16/2025,North America,Edge Hardware Platforms,13175.53,4960.5,1736.63
103791,1/16/2025,APAC,SaaS Subscriptions,3775.11,352.18,75.55
103792,1/16/2025,Europe,Enterprise Cloud Software,12332.2,1798.69,577.93
103793,1/16/2025,North America,Edge Hardware Platforms,24529.42,9776.23,2958.6
103794,1/16/2025,North America,SaaS Subscriptions,7572.35,785.01,136.84
103795,1/16/2025,Europe,Edge Hardware Platforms,29893.08,13143.55,3843.73
103796,1/16/2025,North America,SaaS Subscriptions,5675.97,601.75,111.41
103797,1/16/2025,North America,Edge Hardware Platforms,12937.49,5027.06,1663.54
103798,1/16/2025,North America,Enterprise Cloud Software,6251.16,919.5,343.63
103799,1/16/2025,North America,Enterprise Cloud Software,14150.56,2284.77,641.34
103800,1/16/2025,APAC,Edge Hardware Platforms,25354.82,10130.78,3341.59
103801,1/16/2025,North America,Enterprise Cloud Software,8965.46,1331.31,486.05
103802,1/17/2025,Europe,Edge Hardware Platforms,15726.79,6771.28,1759.53
103803,1/17/2025,North America,Edge Hardware Platforms,16873.17,6643.34,2148.92
103804,1/17/2025,APAC,Edge Hardware Platforms,14698.57,6443.82,1715.56
103805,1/17/2025,North America,Edge Hardware Platforms,24505.72,8985.31,3019.67
103806,1/17/2025,APAC,Enterprise Cloud Software,11931.23,1753.86,586.32
103807,1/17/2025,North America,Edge Hardware Platforms,17219.99,7343.85,2257.71
103808,1/17/2025,APAC,Enterprise Cloud Software,5141.9,761.79,268.86
103809,1/17/2025,APAC,Edge Hardware Platforms,21610.99,7825.52,2762.16
103810,1/17/2025,North America,Enterprise Cloud Software,13503.59,2052.38,625.02
103811,1/18/2025,North America,Enterprise Cloud Software,14452.96,1957.12,729.3
103812,1/18/2025,North America,Enterprise Cloud Software,5880.93,945.57,299.4
103813,1/18/2025,APAC,Edge Hardware Platforms,29420.58,11791.48,3628.41
103814,1/18/2025,Europe,Edge Hardware Platforms,26919.19,11078.92,3424.97
103815,1/18/2025,APAC,Enterprise Cloud Software,11501.64,1621.61,584.67
103816,1/18/2025,Europe,SaaS Subscriptions,2183.25,200.48,39.97
103817,1/18/2025,North America,SaaS Subscriptions,7064.34,739.92,152.5
103818,1/19/2025,North America,Enterprise Cloud Software,10817.75,1744.98,499.65
103819,1/19/2025,Europe,Enterprise Cloud Software,5149.29,816.95,273.6
103820,1/19/2025,North America,Enterprise Cloud Software,6445.61,959.87,305.94
103821,1/19/2025,Europe,Edge Hardware Platforms,14217.81,5972.84,1586.83
103822,1/19/2025,APAC,Edge Hardware Platforms,26640.74,9600.81,3356.21
103823,1/19/2025,North America,SaaS Subscriptions,6216.44,599.29,119.85
103824,1/19/2025,APAC,SaaS Subscriptions,7349.44,780.33,156.37
103825,1/19/2025,Europe,Enterprise Cloud Software,5867.73,906.49,287.59
103826,1/19/2025,Europe,Enterprise Cloud Software,11494.17,1635.45,570.2
103827,1/19/2025,Europe,Enterprise Cloud Software,13762.08,2074.97,738.58
103828,1/19/2025,North America,Enterprise Cloud Software,5180.17,713.91,240.75
103829,1/20/2025,Europe,Enterprise Cloud Software,14041.08,1973.37,727.52
103830,1/20/2025,APAC,Edge Hardware Platforms,27528.17,10185.1,3299.28
103831,1/20/2025,Europe,Enterprise Cloud Software,9432.57,1377.82,487.64
103832,1/20/2025,APAC,Enterprise Cloud Software,8274.76,1227.33,410.03
103833,1/20/2025,APAC,Edge Hardware Platforms,10543.23,4394.51,1362.56
103834,1/20/2025,Europe,Edge Hardware Platforms,13258.73,5007.18,1506.78
103835,1/20/2025,Europe,SaaS Subscriptions,5130.71,481.48,97.81
103836,1/20/2025,North America,Edge Hardware Platforms,18800.66,7358.5,2285.29
103837,1/21/2025,North America,Enterprise Cloud Software,7512.59,1034.84,363.33
103838,1/21/2025,APAC,Edge Hardware Platforms,22218.55,9513.98,2550.01
103839,1/21/2025,APAC,Edge Hardware Platforms,18017.87,7070.72,1988.35
103840,1/21/2025,APAC,Enterprise Cloud Software,8408.86,1215.74,384.68
103841,1/21/2025,North America,Enterprise Cloud Software,7924.04,1275.77,383.48
103842,1/21/2025,North America,Edge Hardware Platforms,29932.02,11331.84,3433.49
103843,1/21/2025,APAC,Enterprise Cloud Software,10112.14,1437.84,549.33
103844,1/21/2025,APAC,SaaS Subscriptions,3888.7,381.36,73.77
103845,1/21/2025,APAC,SaaS Subscriptions,4513.22,465.45,84.23
103846,1/21/2025,Europe,Edge Hardware Platforms,17708.06,6881.49,1912.9
103847,1/21/2025,APAC,SaaS Subscriptions,7816.78,815.96,157.86
103848,1/22/2025,APAC,Edge Hardware Platforms,23623.08,9793.95,3030.51
103849,1/22/2025,North America,Enterprise Cloud Software,11655.34,1886.47,604.37
103850,1/22/2025,Europe,Edge Hardware Platforms,24758.96,10381.41,3034.69
103851,1/22/2025,North America,SaaS Subscriptions,5311.28,561.99,100.16
103852,1/22/2025,North America,SaaS Subscriptions,2300.64,230.63,45.84
103853,1/23/2025,North America,Enterprise Cloud Software,14261.33,2169.88,656.69
103854,1/23/2025,North America,SaaS Subscriptions,3173.65,324.38,62.46
103855,1/23/2025,APAC,Edge Hardware Platforms,21939.03,7916.9,2832.66
103856,1/23/2025,Europe,SaaS Subscriptions,4973.23,516.64,90.9
103857,1/23/2025,Europe,Edge Hardware Platforms,17027.18,6291.41,1898.95
103858,1/23/2025,North America,Edge Hardware Platforms,27839.4,10842.36,3490.63
103859,1/23/2025,North America,Edge Hardware Platforms,19637.82,8606.01,2519.71
103860,1/23/2025,Europe,Edge Hardware Platforms,13860.77,5613.43,1521.79
103861,1/23/2025,North America,Enterprise Cloud Software,12189.1,1824.74,640.06
103862,1/23/2025,Europe,Enterprise Cloud Software,12353.68,1976.55,667.53
103863,1/23/2025,Europe,Edge Hardware Platforms,25040.89,9326.73,2803.11
103864,1/24/2025,Europe,Enterprise Cloud Software,13350.94,2031.78,621.56
103865,1/24/2025,North America,Edge Hardware Platforms,25592.84,11136.56,3171.57
103866,1/24/2025,Europe,Enterprise Cloud Software,11728.68,1928.98,583.65
103867,1/24/2025,North America,Enterprise Cloud Software,7692.56,1169.91,419
103868,1/24/2025,North America,Edge Hardware Platforms,19623.59,8506.5,2316.71
103869,1/24/2025,North America,Enterprise Cloud Software,9570.15,1521.85,458.54
103870,1/24/2025,Europe,Edge Hardware Platforms,19009.41,7134.9,2473.54
103871,1/24/2025,Europe,Edge Hardware Platforms,22720.86,9993.63,2702.68
103872,1/24/2025,Europe,Edge Hardware Platforms,17232.57,6583.9,2266.69
103873,1/24/2025,APAC,Edge Hardware Platforms,16104.58,5931.04,2078.28
103874,1/24/2025,North America,Edge Hardware Platforms,28007.55,10997.11,3567.18
103875,1/24/2025,Europe,Edge Hardware Platforms,18623.69,7289.7,2454.17
103876,1/25/2025,Europe,Edge Hardware Platforms,27260.52,11709.94,3252.09
103877,1/25/2025,APAC,Enterprise Cloud Software,5033.62,737.02,256.77
103878,1/25/2025,Europe,Edge Hardware Platforms,12497.67,4669.63,1605.35
103879,1/25/2025,APAC,Edge Hardware Platforms,23284.36,9495.7,2628.11
103880,1/25/2025,Europe,Edge Hardware Platforms,20745.05,7499.05,2715.22
103881,1/25/2025,APAC,Enterprise Cloud Software,11164.59,1816.45,513.13
103882,1/25/2025,Europe,Edge Hardware Platforms,18204.1,7770.37,2132.35
103883,1/25/2025,North America,Enterprise Cloud Software,5427.45,799.32,283.23
103884,1/25/2025,North America,Edge Hardware Platforms,23741.77,9031.75,2906.31
103885,1/25/2025,Europe,Edge Hardware Platforms,16734.33,6853.25,2200.03
103886,1/26/2025,North America,Edge Hardware Platforms,26584.61,10846.53,3260.67
103887,1/26/2025,Europe,Edge Hardware Platforms,19149.16,8409.61,2412.64
103888,1/26/2025,Europe,Edge Hardware Platforms,19992.64,8251.86,2382.78
103889,1/26/2025,Europe,Edge Hardware Platforms,18212.79,7815.55,2110.75
103890,1/26/2025,APAC,Enterprise Cloud Software,7416.8,1104.44,392.9
103891,1/26/2025,Europe,Enterprise Cloud Software,7366.85,1121.66,353.25
103892,1/27/2025,Europe,Edge Hardware Platforms,24224.14,9452.51,2856.63
103893,1/27/2025,North America,Edge Hardware Platforms,19067.07,8221.11,2377.91
103894,1/27/2025,APAC,Edge Hardware Platforms,29419.84,12087.4,3857.68
103895,1/27/2025,North America,Enterprise Cloud Software,10791.25,1775.21,530.67
103896,1/27/2025,North America,Edge Hardware Platforms,22975.97,8850.67,2875.55
103897,1/27/2025,APAC,SaaS Subscriptions,3749.51,361.96,73.06
103898,1/27/2025,North America,Enterprise Cloud Software,12619.63,1841.96,678.91
103899,1/27/2025,APAC,Enterprise Cloud Software,14885.03,2326.54,747.29
103900,1/27/2025,North America,Edge Hardware Platforms,16492.49,6758.87,1817.99
103901,1/28/2025,Europe,Edge Hardware Platforms,18531.38,6778.46,2398.71
103902,1/28/2025,Europe,Enterprise Cloud Software,10109.31,1515.56,461.03
103903,1/28/2025,Europe,SaaS Subscriptions,6494.05,610.83,139.29
103904,1/28/2025,North America,SaaS Subscriptions,2430.49,242.38,49.55
103905,1/28/2025,North America,Edge Hardware Platforms,22537.91,8146.3,2763.17
103906,1/28/2025,Europe,Enterprise Cloud Software,14957.48,2421.84,716.84
103907,1/28/2025,Europe,Edge Hardware Platforms,25509.92,11082.19,2974.76
103908,1/29/2025,Europe,Enterprise Cloud Software,9727.49,1574.18,503.92
103909,1/29/2025,North America,Edge Hardware Platforms,28731.39,10774.97,3469.7
103910,1/29/2025,North America,SaaS Subscriptions,6326.3,670.72,137.74
103911,1/29/2025,North America,Enterprise Cloud Software,7909.04,1162.42,405.35
103912,1/29/2025,APAC,Edge Hardware Platforms,19469.94,8232.62,2208.04
103913,1/29/2025,North America,Edge Hardware Platforms,18721.14,8160.76,2182.3
103914,1/29/2025,APAC,Edge Hardware Platforms,11091.52,4067.82,1251.96
103915,1/29/2025,North America,Edge Hardware Platforms,21579.78,8808.63,2635.03
103916,1/29/2025,North America,Edge Hardware Platforms,18194.94,7864.66,2363.3
103917,1/29/2025,APAC,Edge Hardware Platforms,12299.05,4510.99,1576.49
103918,1/29/2025,Europe,Edge Hardware Platforms,26955.86,11044.21,3027.3
103919,1/29/2025,North America,Enterprise Cloud Software,12106.7,1810.78,659.81
103920,1/30/2025,North America,Enterprise Cloud Software,10017.25,1630.27,475.54
103921,1/30/2025,APAC,Edge Hardware Platforms,15397.94,6653.63,1680.44
103922,1/30/2025,Europe,Enterprise Cloud Software,13007.64,2079.69,701.55
103923,1/30/2025,North America,Enterprise Cloud Software,10035.35,1436.55,512.43
103924,1/30/2025,Europe,Enterprise Cloud Software,12392.7,1971.85,677.02
103925,1/30/2025,North America,Edge Hardware Platforms,13845.25,5184.62,1601.97
103926,1/30/2025,APAC,Enterprise Cloud Software,7593.66,1044.73,362.49
103927,1/30/2025,North America,Edge Hardware Platforms,18767.11,7017.47,2105.58
103928,1/30/2025,Europe,Edge Hardware Platforms,11123.9,4823.49,1309.49
103929,1/30/2025,Europe,SaaS Subscriptions,4412.95,469.6,95.58
103930,1/30/2025,North America,SaaS Subscriptions,2718.99,259.67,57.73
103931,1/30/2025,APAC,Edge Hardware Platforms,12096.52,4860.86,1472.67
103932,1/30/2025,North America,SaaS Subscriptions,4013.77,378.12,74.02
103933,1/31/2025,North America,Enterprise Cloud Software,9820.81,1462.37,493.19
103934,1/31/2025,APAC,Edge Hardware Platforms,22115.44,8188.06,2917.37
103935,1/31/2025,APAC,SaaS Subscriptions,4485.8,448.77,90.11
103936,1/31/2025,North America,Edge Hardware Platforms,28059.53,10468.91,3088.56
103937,1/31/2025,Europe,Enterprise Cloud Software,11238.63,1751.8,541.92
103938,1/31/2025,APAC,Edge Hardware Platforms,27379.99,11528.71,3527.8
103939,1/31/2025,North America,Enterprise Cloud Software,5900.08,874.76,318.01
103940,1/31/2025,Europe,SaaS Subscriptions,3963.07,383.59,85.53
103941,1/31/2025,Europe,Edge Hardware Platforms,14732.87,6422.12,1794.31
103942,1/31/2025,APAC,Enterprise Cloud Software,9926.64,1608.42,533.76
103943,1/31/2025,North America,Edge Hardware Platforms,18866.4,7051.91,2368.11
103944,1/31/2025,North America,Edge Hardware Platforms,23265.61,9272.91,2925.09
103945,1/31/2025,APAC,Enterprise Cloud Software,12095.68,1716.5,594.44
103946,2/1/2025,North America,Enterprise Cloud Software,7021.43,1115.14,378.87
103947,2/1/2025,North America,Enterprise Cloud Software,5267.25,860.83,273.05
103948,2/1/2025,APAC,SaaS Subscriptions,4042.8,372.96,80.84
103949,2/1/2025,North America,Enterprise Cloud Software,7334.33,1136.6,367.44
103950,2/1/2025,North America,Edge Hardware Platforms,12504.05,5257.41,1564.12
103951,2/1/2025,North America,Edge Hardware Platforms,20066.05,7321.41,2301.09
103952,2/1/2025,APAC,Enterprise Cloud Software,10064.11,1615.09,483.14
103953,2/2/2025,North America,Edge Hardware Platforms,28204.54,10251.89,3564.47
103954,2/2/2025,Europe,Edge Hardware Platforms,24881.61,10879.88,2824.09
103955,2/2/2025,North America,SaaS Subscriptions,6013.72,593.91,122.04
103956,2/2/2025,Europe,Edge Hardware Platforms,28397.88,11192.95,3266.94
103957,2/2/2025,Europe,Edge Hardware Platforms,21891.97,8616.65,2444.72
103958,2/2/2025,Europe,Edge Hardware Platforms,25985.68,10380.4,2909.51
103959,2/2/2025,Europe,Edge Hardware Platforms,18257.19,7589.92,2194.02
103960,2/2/2025,North America,Edge Hardware Platforms,11684.27,4696.97,1320.48
103961,2/2/2025,North America,Edge Hardware Platforms,19991.24,8327.39,2516.38
103962,2/2/2025,Europe,Edge Hardware Platforms,22633.8,9192.85,2673.45
103963,2/2/2025,Europe,SaaS Subscriptions,3157.36,341.36,57.51
103964,2/2/2025,North America,Enterprise Cloud Software,11263.65,1564.93,606.25
103965,2/3/2025,Europe,Edge Hardware Platforms,28659.12,12221.96,3438.62
103966,2/3/2025,Europe,Edge Hardware Platforms,21758.84,8409.31,2591.26
103967,2/3/2025,North America,Edge Hardware Platforms,23916.57,10433.78,3135.79
103968,2/3/2025,Europe,Edge Hardware Platforms,13714.42,5700.05,1504.41
103969,2/3/2025,North America,Edge Hardware Platforms,16206.2,5898.86,2073.82
103970,2/3/2025,North America,Enterprise Cloud Software,5747.88,819.38,268.89
103971,2/3/2025,APAC,Edge Hardware Platforms,26093.92,9756.72,3126.81
103972,2/3/2025,Europe,Edge Hardware Platforms,22022.59,9557.49,2499.22
103973,2/4/2025,APAC,Edge Hardware Platforms,14870.93,5813.68,1953.43
103974,2/4/2025,APAC,Enterprise Cloud Software,14798.01,2161.34,768.82
103975,2/4/2025,Europe,SaaS Subscriptions,7310.37,699.12,150.4
103976,2/4/2025,North America,Edge Hardware Platforms,21093.57,8262.51,2512.95
103977,2/4/2025,North America,Edge Hardware Platforms,25179.2,9930.16,3310.17
103978,2/5/2025,North America,Enterprise Cloud Software,13706.64,1859.91,660.08
103979,2/5/2025,North America,SaaS Subscriptions,6016.89,651.27,131.71
103980,2/5/2025,Europe,Enterprise Cloud Software,6937.29,982.93,361.34
103981,2/5/2025,North America,Enterprise Cloud Software,11081.43,1709.44,572.38
103982,2/5/2025,North America,SaaS Subscriptions,5201.75,479.13,110.22
103983,2/5/2025,APAC,Enterprise Cloud Software,8913.51,1333.69,414.16
103984,2/5/2025,APAC,Enterprise Cloud Software,12830.09,1990.33,654.08
103985,2/5/2025,North America,Enterprise Cloud Software,5473.48,778.45,265.21
103986,2/5/2025,APAC,Edge Hardware Platforms,25092.44,9915.41,3182.65
103987,2/5/2025,APAC,Enterprise Cloud Software,13623.42,2093.3,724.4
103988,2/5/2025,Europe,Edge Hardware Platforms,14561.5,5323.73,1759.79
103989,2/5/2025,APAC,Edge Hardware Platforms,16546.91,7051.9,2092.45
103990,2/5/2025,North America,Enterprise Cloud Software,6181.63,997.22,329.89
103991,2/5/2025,North America,Enterprise Cloud Software,12928.65,2109.08,682.52
103992,2/6/2025,North America,Edge Hardware Platforms,14670.24,6229.58,1720.63
103993,2/6/2025,APAC,Edge Hardware Platforms,26482.99,10240.06,3139.91
103994,2/6/2025,Europe,Enterprise Cloud Software,14482.07,2204.29,725.24
103995,2/6/2025,APAC,SaaS Subscriptions,5133.56,557.22,93.73
103996,2/6/2025,North America,Edge Hardware Platforms,17081.32,6783.64,1979.28
103997,2/6/2025,Europe,SaaS Subscriptions,5560.86,611.4,117.6
103998,2/6/2025,North America,Enterprise Cloud Software,8358.98,1339.93,378.44
103999,2/6/2025,North America,SaaS Subscriptions,5839.38,552.04,110.23
104000,2/6/2025,APAC,SaaS Subscriptions,3536.79,348.06,75.47
104001,2/7/2025,APAC,Edge Hardware Platforms,28230.98,10899.31,3155.1
104002,2/7/2025,Europe,Edge Hardware Platforms,27091.72,9928.92,3474.48
104003,2/7/2025,North America,Edge Hardware Platforms,10802.58,4415.73,1352.64
104004,2/7/2025,North America,Enterprise Cloud Software,10376.31,1660.17,500.51
104005,2/7/2025,North America,Enterprise Cloud Software,14491.32,2112.52,652.63
104006,2/7/2025,APAC,Edge Hardware Platforms,12571.37,5516.22,1541.17
104007,2/7/2025,Europe,Edge Hardware Platforms,27973.46,10616.41,3212.99
104008,2/7/2025,North America,Edge Hardware Platforms,21910.99,8955.58,2481.27
104009,2/7/2025,Europe,Edge Hardware Platforms,17157.77,7276.74,1996.67
104010,2/8/2025,North America,Edge Hardware Platforms,29390.53,12887.73,3372.92
104011,2/8/2025,Europe,Enterprise Cloud Software,13733.41,2088.26,670.89
104012,2/8/2025,North America,SaaS Subscriptions,5181.31,495.64,100.52
104013,2/8/2025,North America,Edge Hardware Platforms,28599.27,12255.8,3404.72
104014,2/8/2025,APAC,Edge Hardware Platforms,15046.14,6600.34,1734.72
104015,2/8/2025,North America,SaaS Subscriptions,2803.56,294.96,60.96
104016,2/8/2025,Europe,Enterprise Cloud Software,8750.59,1210.62,430.2
104017,2/9/2025,Europe,Edge Hardware Platforms,21135.79,8592.44,2717.03
104018,2/9/2025,North America,SaaS Subscriptions,5395.6,518.03,103.49
104019,2/9/2025,North America,Edge Hardware Platforms,14616.23,6337.99,1780.23
104020,2/9/2025,APAC,Enterprise Cloud Software,8426.11,1143.29,402.12
104021,2/9/2025,APAC,Enterprise Cloud Software,9361.47,1296.82,460.29
104022,2/9/2025,APAC,Edge Hardware Platforms,24735.13,9595.46,3232.03
104023,2/9/2025,Europe,Edge Hardware Platforms,18529.3,8032.35,2257.49
104024,2/9/2025,Europe,Edge Hardware Platforms,14473.86,6048.41,1774.32
104025,2/9/2025,Europe,Edge Hardware Platforms,14165.71,5999.39,1852.25
104026,2/9/2025,APAC,Edge Hardware Platforms,18120.12,7695.11,2215.78
104027,2/9/2025,Europe,SaaS Subscriptions,5216.15,523.17,94.77
104028,2/9/2025,North America,Enterprise Cloud Software,14132.44,2081.02,702.18
104029,2/9/2025,APAC,Edge Hardware Platforms,22190.03,8514.82,2840.63
104030,2/9/2025,North America,Enterprise Cloud Software,6916.03,989.21,330.75
104031,2/10/2025,APAC,Enterprise Cloud Software,7616.49,1082.87,410.12
104032,2/10/2025,APAC,Enterprise Cloud Software,13326.66,1813.83,633.44
104033,2/10/2025,APAC,SaaS Subscriptions,6688.61,663.18,128.99
104034,2/10/2025,APAC,Edge Hardware Platforms,15910.18,6317.23,2054.9
104035,2/10/2025,APAC,Edge Hardware Platforms,24651.12,8951.9,3020.02
104036,2/10/2025,Europe,Enterprise Cloud Software,13438.59,2188.45,636.71
104037,2/10/2025,APAC,Edge Hardware Platforms,21613.92,9238.87,2482.46
104038,2/10/2025,APAC,Edge Hardware Platforms,25749.13,10198.83,2853.18
104039,2/10/2025,North America,Enterprise Cloud Software,6005.32,830.59,317.09
104040,2/10/2025,APAC,SaaS Subscriptions,7123.68,759.42,130.19
104041,2/10/2025,APAC,Edge Hardware Platforms,12625.81,5213.96,1500.71
104042,2/10/2025,APAC,Edge Hardware Platforms,29019.75,10690.7,3162.41
104043,2/10/2025,APAC,Enterprise Cloud Software,8861.96,1369.17,476.78
104044,2/10/2025,North America,Enterprise Cloud Software,10212.87,1523.08,490.92
104045,2/10/2025,APAC,Edge Hardware Platforms,27162.33,10130.05,3384.91
104046,2/11/2025,Europe,Enterprise Cloud Software,12701.22,1765.14,668.79
104047,2/11/2025,APAC,Enterprise Cloud Software,14768.61,2430.4,802.93
104048,2/11/2025,Europe,Enterprise Cloud Software,10820.09,1597.02,509.19
104049,2/11/2025,Europe,Edge Hardware Platforms,11418.27,4415.14,1238.05
104050,2/11/2025,Europe,Edge Hardware Platforms,11253.44,4919.77,1221.48
104051,2/11/2025,Europe,Edge Hardware Platforms,25757.93,9343.5,3342.19
104052,2/11/2025,APAC,Edge Hardware Platforms,19641.66,7141.5,2386.2
104053,2/12/2025,APAC,Edge Hardware Platforms,23671.62,8713.82,2632.07
104054,2/12/2025,North America,Enterprise Cloud Software,10413.29,1653.83,532.16
104055,2/12/2025,Europe,Edge Hardware Platforms,16792.91,6531.71,1940.29
104056,2/12/2025,Europe,Enterprise Cloud Software,5130.25,784.34,279.21
104057,2/12/2025,Europe,Edge Hardware Platforms,23455.81,9377.51,2937.64
104058,2/12/2025,APAC,Enterprise Cloud Software,8361.3,1184.89,414.07
104059,2/12/2025,APAC,Edge Hardware Platforms,17489.34,7499.94,2105.17
104060,2/12/2025,Europe,SaaS Subscriptions,4943.16,512.27,90.67
104061,2/12/2025,North America,Edge Hardware Platforms,19896.78,8700.04,2612.36
104062,2/13/2025,North America,Edge Hardware Platforms,28465.07,11783.17,3207.91
104063,2/13/2025,North America,Enterprise Cloud Software,8914.07,1245.96,472.25
104064,2/13/2025,North America,SaaS Subscriptions,7054.95,763.18,135.3
104065,2/13/2025,Europe,Edge Hardware Platforms,15138.97,6185.28,1932.22
104066,2/13/2025,North America,Enterprise Cloud Software,7051.34,1120.81,383.13
104067,2/13/2025,North America,Edge Hardware Platforms,28290.18,10964.45,3539.21
104068,2/13/2025,North America,Edge Hardware Platforms,20066.02,8440.03,2306.22
104069,2/13/2025,North America,Edge Hardware Platforms,21113.93,9080.69,2701.37
104070,2/13/2025,North America,SaaS Subscriptions,2570.66,252.71,54.14
104071,2/13/2025,North America,Enterprise Cloud Software,8299.96,1302.25,416.8
104072,2/13/2025,Europe,SaaS Subscriptions,6600.26,697.79,130.94
104073,2/13/2025,North America,Enterprise Cloud Software,12413,1956.23,679.28
104074,2/14/2025,Europe,Enterprise Cloud Software,8100,1328.4,433.24
104075,2/14/2025,APAC,Edge Hardware Platforms,22476.15,8768.88,2469.34
104076,2/14/2025,Europe,Edge Hardware Platforms,15742.89,6735.38,1757.32
104077,2/14/2025,North America,Enterprise Cloud Software,9048.32,1232.29,431.84
104078,2/14/2025,Europe,Edge Hardware Platforms,20873.93,7973.83,2516.41
104079,2/14/2025,Europe,Edge Hardware Platforms,26604.01,10738.74,3085.39
104080,2/14/2025,APAC,SaaS Subscriptions,7895.53,819.91,154.06
104081,2/14/2025,North America,Edge Hardware Platforms,29616.33,12146.76,3825.21
104082,2/14/2025,North America,Edge Hardware Platforms,28125.5,11828.16,3700.02
104083,2/14/2025,APAC,Edge Hardware Platforms,20621.36,8909.28,2500.12
104084,2/14/2025,North America,Edge Hardware Platforms,20326.32,7474.75,2558.07
104085,2/14/2025,North America,Edge Hardware Platforms,26092.45,10369.29,3345.27
104086,2/14/2025,North America,SaaS Subscriptions,3256.81,295.61,69.99
104087,2/15/2025,North America,SaaS Subscriptions,5013.68,546.6,100.37
104088,2/15/2025,Europe,Edge Hardware Platforms,16697.51,6724.02,1984.69
104089,2/15/2025,North America,Enterprise Cloud Software,7131.23,1148.29,363.61
104090,2/15/2025,APAC,SaaS Subscriptions,5864.24,643.03,112.87
104091,2/15/2025,North America,Edge Hardware Platforms,19415.99,8380.5,2357.85
104092,2/15/2025,North America,Edge Hardware Platforms,20116.64,7502.91,2451.09
104093,2/15/2025,APAC,SaaS Subscriptions,5520.86,538.51,101.3
104094,2/15/2025,Europe,Edge Hardware Platforms,17205.47,6518.05,2242.79
104095,2/15/2025,APAC,Edge Hardware Platforms,12735.67,4732.48,1407
104096,2/15/2025,Europe,Enterprise Cloud Software,13426.27,2212.5,653.37
104097,2/16/2025,North America,Edge Hardware Platforms,15948.28,6896.91,1877.88
104098,2/16/2025,North America,Edge Hardware Platforms,25899.47,9364.05,3111.37
104099,2/16/2025,APAC,Enterprise Cloud Software,14027.99,2005.1,655.19
104100,2/16/2025,Europe,Enterprise Cloud Software,11797.02,1766.05,543.84
104101,2/16/2025,APAC,Edge Hardware Platforms,20919.86,8157.64,2327.05
104102,2/16/2025,Europe,SaaS Subscriptions,2754.91,275.19,54.93
104103,2/16/2025,North America,Edge Hardware Platforms,11990.6,4513.28,1295.45
104104,2/16/2025,North America,Enterprise Cloud Software,13669.94,2151.3,626.69
104105,2/16/2025,Europe,Edge Hardware Platforms,15634.49,5647.75,1731.74
104106,2/16/2025,North America,SaaS Subscriptions,4791.88,519.29,101.38
104107,2/16/2025,North America,SaaS Subscriptions,2700.35,244.98,55.18
104108,2/17/2025,Europe,Enterprise Cloud Software,9055.96,1313.43,438.67
104109,2/17/2025,APAC,Edge Hardware Platforms,10761.85,4629.7,1238.94
104110,2/17/2025,APAC,SaaS Subscriptions,7643.18,811.88,144.32
104111,2/17/2025,Europe,Enterprise Cloud Software,7596.75,1164.8,344.96
104112,2/17/2025,APAC,SaaS Subscriptions,4284.61,429.78,85.11
104113,2/17/2025,APAC,Edge Hardware Platforms,15562.22,6158.71,1840.94
104114,2/17/2025,APAC,Enterprise Cloud Software,5895.76,951.69,318.18
104115,2/18/2025,APAC,Edge Hardware Platforms,14459.72,5532.63,1710.03
104116,2/18/2025,North America,SaaS Subscriptions,6436.15,626.23,123.57
104117,2/18/2025,Europe,Edge Hardware Platforms,14586.73,5753.18,1880.39
104118,2/18/2025,North America,Edge Hardware Platforms,29246.79,10563.55,3783.81
104119,2/18/2025,North America,Enterprise Cloud Software,5149.8,706.12,240.59
104120,2/18/2025,North America,Edge Hardware Platforms,10897.86,4526.72,1391.15
104121,2/18/2025,APAC,Edge Hardware Platforms,28930.19,10427.93,3217.51
104122,2/18/2025,North America,Edge Hardware Platforms,27707.78,11344.97,3247.29
104123,2/18/2025,Europe,Enterprise Cloud Software,9578.74,1438.98,441.09
104124,2/18/2025,North America,Edge Hardware Platforms,20694.13,7999.92,2452.12
104125,2/19/2025,North America,SaaS Subscriptions,6180,585.47,119.21
104126,2/19/2025,APAC,SaaS Subscriptions,4430.88,402.17,80.62
104127,2/19/2025,North America,Edge Hardware Platforms,21683.89,8905.71,2715.14
104128,2/19/2025,North America,Enterprise Cloud Software,8594.83,1200.23,393.24
104129,2/19/2025,Europe,SaaS Subscriptions,6515.76,692.89,134.64
104130,2/19/2025,Europe,Enterprise Cloud Software,14930.08,2097.6,703.88
104131,2/19/2025,North America,SaaS Subscriptions,7929.73,839.74,162.69
104132,2/19/2025,Europe,SaaS Subscriptions,6173.74,672.29,118.94
104133,2/20/2025,APAC,Enterprise Cloud Software,14459.28,2172.13,784.62
104134,2/20/2025,North America,Edge Hardware Platforms,19657.5,8062.41,2360.96
104135,2/20/2025,APAC,Edge Hardware Platforms,15026.38,6503.03,1728.89
104136,2/20/2025,North America,Enterprise Cloud Software,13999.67,2010.12,666.23
104137,2/20/2025,APAC,SaaS Subscriptions,2846.47,299.98,61.63
104138,2/20/2025,North America,SaaS Subscriptions,5284.52,546.33,105.54
104139,2/20/2025,Europe,Enterprise Cloud Software,12627.07,1717.29,625.71
104140,2/20/2025,North America,SaaS Subscriptions,3881.97,384.63,76.53
104141,2/20/2025,APAC,Edge Hardware Platforms,25779.17,9432.1,2902.69
104142,2/20/2025,Europe,SaaS Subscriptions,2448.55,222.48,45.61
104143,2/20/2025,Europe,Edge Hardware Platforms,26511.05,9696.54,2988.16
104144,2/21/2025,Europe,Edge Hardware Platforms,25598.43,11111.63,3204.87
104145,2/21/2025,APAC,Enterprise Cloud Software,5372.23,869.31,289.98
104146,2/21/2025,North America,Edge Hardware Platforms,26707.89,9889.48,3055.87
104147,2/21/2025,Europe,SaaS Subscriptions,6782.83,715.9,131.39
104148,2/21/2025,Europe,Enterprise Cloud Software,14922.67,2229.71,766.85
104149,2/21/2025,APAC,Enterprise Cloud Software,14759.82,2151.61,714.31
104150,2/21/2025,North America,SaaS Subscriptions,7225.04,653.14,131.66
104151,2/21/2025,APAC,Enterprise Cloud Software,11209.27,1721.63,601.91
104152,2/21/2025,Europe,Edge Hardware Platforms,29487.62,11155.32,3370.59
104153,2/21/2025,North America,SaaS Subscriptions,6238.16,562.94,129.86
104154,2/22/2025,Europe,Edge Hardware Platforms,16316.63,6672.35,1814.22
104155,2/22/2025,North America,Enterprise Cloud Software,5726.11,814.83,258.79
104156,2/22/2025,North America,Edge Hardware Platforms,11222.14,4432.06,1457.92
104157,2/22/2025,APAC,Edge Hardware Platforms,28496.11,11010.09,3127.17
104158,2/22/2025,APAC,SaaS Subscriptions,4795.6,495.52,99.2
104159,2/22/2025,North America,Enterprise Cloud Software,9695.81,1574.09,437.28
104160,2/22/2025,APAC,Enterprise Cloud Software,9782.22,1507.79,507.38
104161,2/22/2025,North America,Edge Hardware Platforms,21676.75,7918.16,2411.37
104162,2/22/2025,Europe,Edge Hardware Platforms,13236.57,5331.94,1719.49
104163,2/22/2025,North America,Edge Hardware Platforms,11473.01,4136.2,1280.57
104164,2/23/2025,North America,Edge Hardware Platforms,12752.31,4628.86,1621.63
104165,2/23/2025,Europe,Edge Hardware Platforms,11169.83,4455.66,1280.38
104166,2/23/2025,North America,Enterprise Cloud Software,6752.68,990.01,369.03
104167,2/23/2025,North America,Edge Hardware Platforms,16584.84,6607.78,2126.91
104168,2/23/2025,Europe,SaaS Subscriptions,2690.07,290.25,50.42
104169,2/23/2025,North America,Enterprise Cloud Software,6907.5,1037.89,341.92
104170,2/23/2025,Europe,Enterprise Cloud Software,9977.06,1446.42,511.89
104171,2/23/2025,North America,Enterprise Cloud Software,9272.52,1477.49,479.49
104172,2/24/2025,Europe,SaaS Subscriptions,2201.86,201.04,40.32
104173,2/24/2025,Europe,Enterprise Cloud Software,11224.52,1624.64,556.44
104174,2/24/2025,North America,SaaS Subscriptions,5516.9,600.74,111.98
104175,2/24/2025,North America,Enterprise Cloud Software,14890.74,2334.38,677.42
104176,2/24/2025,Europe,Edge Hardware Platforms,16144.17,6010.88,2069
104177,2/24/2025,North America,Enterprise Cloud Software,8063.83,1127.54,403.85
104178,2/25/2025,APAC,SaaS Subscriptions,6632.13,633.22,145.21
104179,2/25/2025,Europe,Edge Hardware Platforms,28435.98,10605.9,3165.96
104180,2/25/2025,Europe,Enterprise Cloud Software,11639.87,1655.45,537.65
104181,2/25/2025,Europe,Edge Hardware Platforms,13409.7,4872.05,1581.5
104182,2/25/2025,APAC,SaaS Subscriptions,2585.29,259.8,49.26
104183,2/25/2025,North America,SaaS Subscriptions,4112.45,400.17,77.47
104184,2/25/2025,APAC,Edge Hardware Platforms,21407.84,8482.93,2441.99
104185,2/26/2025,Europe,Enterprise Cloud Software,14538.34,2159.3,673.1
104186,2/26/2025,North America,Edge Hardware Platforms,18754.19,6893.27,2358.69
104187,2/26/2025,APAC,Edge Hardware Platforms,14045.22,5831.32,1520.5
104188,2/26/2025,North America,Edge Hardware Platforms,26704.94,10447.82,2891.36
104189,2/26/2025,North America,Edge Hardware Platforms,28980.1,12614.54,3255.65
104190,2/26/2025,North America,Enterprise Cloud Software,12889.22,1742.37,596.41
104191,2/26/2025,Europe,Enterprise Cloud Software,5923.56,863.63,282.8
104192,2/26/2025,Europe,SaaS Subscriptions,2745.83,267.59,59.66
104193,2/26/2025,APAC,Edge Hardware Platforms,23979.07,8801,2999.81
104194,2/26/2025,APAC,Edge Hardware Platforms,19969.8,7488.39,2460.5
104195,2/26/2025,Europe,Edge Hardware Platforms,10521.67,4249.68,1286.57
104196,2/26/2025,North America,Enterprise Cloud Software,7762.18,1213.63,396.36
104197,2/27/2025,North America,SaaS Subscriptions,6462.24,632.65,118.78
104198,2/27/2025,North America,SaaS Subscriptions,3862.18,373.08,72.45
104199,2/27/2025,APAC,Enterprise Cloud Software,8302.58,1224.05,409.63
104200,2/27/2025,Europe,Edge Hardware Platforms,26290.26,11187.63,3343.06
104201,2/27/2025,North America,Edge Hardware Platforms,12405.04,4589.59,1621.94
104202,2/27/2025,APAC,Edge Hardware Platforms,27499.4,12076.34,3372.95
104203,2/27/2025,Europe,Edge Hardware Platforms,14642.78,5467.17,1848.36
104204,2/28/2025,APAC,Edge Hardware Platforms,29409.74,11959.56,3502.07
104205,2/28/2025,Europe,SaaS Subscriptions,4365.25,395.75,90.95
104206,2/28/2025,APAC,Edge Hardware Platforms,13768.29,5230.01,1787.59
104207,2/28/2025,North America,Edge Hardware Platforms,13173.55,5040.48,1519.8
104208,2/28/2025,North America,Edge Hardware Platforms,16644.18,6451.93,1978.53
104209,2/28/2025,APAC,Edge Hardware Platforms,11234.99,4079.88,1366.1
104210,2/28/2025,APAC,Edge Hardware Platforms,14955.44,6279.12,1831.3
104211,2/28/2025,Europe,Enterprise Cloud Software,6759.61,969.69,318.16
104212,2/28/2025,APAC,Enterprise Cloud Software,11260.56,1695.03,543.13
104213,2/28/2025,APAC,Edge Hardware Platforms,29967.09,11192.48,3299.64
104214,2/28/2025,North America,Enterprise Cloud Software,9167.87,1474.91,438.55
104215,2/28/2025,APAC,Edge Hardware Platforms,22941.4,8744.17,2563.57
104216,2/28/2025,APAC,Enterprise Cloud Software,12740.21,1941.98,683.02
104217,3/1/2025,North America,Edge Hardware Platforms,11720.27,4621.49,1296.62
104218,3/1/2025,APAC,Edge Hardware Platforms,28264.36,10225.74,3485.1
104219,3/1/2025,North America,Edge Hardware Platforms,27461.75,12039.28,3128.33
104220,3/1/2025,APAC,Edge Hardware Platforms,29028.28,11756.14,3804.39
104221,3/1/2025,APAC,Enterprise Cloud Software,8107.9,1153.69,411.24
104222,3/1/2025,APAC,Edge Hardware Platforms,24534.98,9569.16,2732
104223,3/2/2025,North America,Edge Hardware Platforms,25811.12,9707.59,3088.08
104224,3/2/2025,Europe,Enterprise Cloud Software,12785.55,1840.86,602.33
104225,3/2/2025,Europe,Edge Hardware Platforms,28405.72,12225.96,3397.34
104226,3/2/2025,North America,Edge Hardware Platforms,15351.27,6195.22,1954.52
104227,3/2/2025,North America,Enterprise Cloud Software,9754.84,1337.11,507.38
104228,3/2/2025,Europe,Edge Hardware Platforms,16008.91,6921.83,1763.73
104229,3/2/2025,APAC,Edge Hardware Platforms,27612.47,11550.32,3051.18
104230,3/2/2025,APAC,Edge Hardware Platforms,10646.04,3946.45,1312.18
104231,3/2/2025,Europe,Edge Hardware Platforms,24404.91,10073.41,3084.53
104232,3/2/2025,Europe,Enterprise Cloud Software,14123.77,1914.43,687.34
104233,3/2/2025,Europe,Edge Hardware Platforms,10496.69,3834.21,1297.05
104234,3/2/2025,APAC,Edge Hardware Platforms,20135.16,7761.42,2298.64
104235,3/2/2025,North America,Enterprise Cloud Software,9491.1,1337.66,435.39
104236,3/3/2025,APAC,SaaS Subscriptions,5707.99,519.74,119.66
104237,3/3/2025,North America,Edge Hardware Platforms,25587.32,10697.27,3347.98
104238,3/3/2025,Europe,Edge Hardware Platforms,15234.86,6611.65,1711.01
104239,3/3/2025,APAC,Edge Hardware Platforms,12603.27,5370.69,1361.91
104240,3/3/2025,APAC,Enterprise Cloud Software,13847.21,2156.63,715.37
104241,3/4/2025,APAC,Enterprise Cloud Software,8150.73,1123.62,378.48
104242,3/4/2025,APAC,Enterprise Cloud Software,5957.31,972.3,306.56
104243,3/4/2025,North America,SaaS Subscriptions,2882.6,303.62,52.29
104244,3/4/2025,Europe,Edge Hardware Platforms,14160.08,5826.19,1738.99
104245,3/4/2025,APAC,SaaS Subscriptions,5060.63,505.08,103.67
104246,3/4/2025,Europe,Edge Hardware Platforms,20092.84,8173.93,2646.65
104247,3/4/2025,Europe,Enterprise Cloud Software,10879.9,1736.27,582.88
104248,3/4/2025,APAC,SaaS Subscriptions,4008.6,401.47,84.66
104249,3/4/2025,North America,Edge Hardware Platforms,26623.11,11224.49,3495.85
104250,3/4/2025,APAC,Enterprise Cloud Software,14004.5,1930.32,729.61
104251,3/5/2025,Europe,Enterprise Cloud Software,9244.19,1279.82,428.8
104252,3/5/2025,Europe,Edge Hardware Platforms,14267.44,5677.78,1836.5
104253,3/5/2025,North America,Enterprise Cloud Software,11519.95,1573.68,631.29
104254,3/5/2025,Europe,Edge Hardware Platforms,18599.85,7548.67,2049.24
104255,3/5/2025,APAC,Edge Hardware Platforms,13679.57,5540.31,1521.14
104256,3/6/2025,APAC,Enterprise Cloud Software,12916.56,1815.51,686.56
104257,3/6/2025,Europe,Enterprise Cloud Software,13953.2,2125.61,719.46
104258,3/6/2025,North America,SaaS Subscriptions,5271.2,518.8,106.15
104259,3/6/2025,Europe,Edge Hardware Platforms,17151.54,6703.18,2083.8
104260,3/6/2025,APAC,Edge Hardware Platforms,17808.3,6891.15,2147.1
104261,3/6/2025,APAC,Enterprise Cloud Software,12104.86,1741.11,569.94
104262,3/6/2025,North America,SaaS Subscriptions,7473.49,681.79,150.12
104263,3/6/2025,North America,Edge Hardware Platforms,23307.83,8944.86,2582.67
104264,3/6/2025,APAC,Edge Hardware Platforms,10136.4,4158.25,1291.85
104265,3/6/2025,Europe,Edge Hardware Platforms,21678.37,8878.96,2674.26
104266,3/7/2025,North America,Enterprise Cloud Software,13804.87,1963,755.15
104267,3/7/2025,Europe,Enterprise Cloud Software,9971.31,1411.67,546.82
104268,3/7/2025,APAC,Enterprise Cloud Software,14477.76,2267.68,663.43
104269,3/7/2025,Europe,Edge Hardware Platforms,14375.77,6047.54,1582.62
104270,3/7/2025,Europe,Enterprise Cloud Software,14687.37,2313.95,684.26
104271,3/7/2025,North America,Enterprise Cloud Software,12666.17,1732.31,676.42
104272,3/7/2025,APAC,Edge Hardware Platforms,14259.31,5544.12,1703.33
104273,3/7/2025,Europe,Edge Hardware Platforms,21084.29,8182.92,2727.93
104274,3/7/2025,North America,Edge Hardware Platforms,25511.3,9308.3,3187.08
104275,3/7/2025,APAC,Edge Hardware Platforms,10258.74,3840.98,1192.18
104276,3/7/2025,North America,SaaS Subscriptions,5909.56,566.96,128.35
104277,3/7/2025,Europe,Enterprise Cloud Software,8788.82,1239.07,480.84
104278,3/7/2025,Europe,SaaS Subscriptions,4079,437.34,74.3
104279,3/8/2025,Europe,Enterprise Cloud Software,13597.63,2146.24,641.3
104280,3/8/2025,Europe,Edge Hardware Platforms,24497.29,9605.89,2665.07
104281,3/8/2025,North America,Edge Hardware Platforms,29489.84,12695.16,3313.29
104282,3/8/2025,Europe,SaaS Subscriptions,2052.76,214.35,40.72
104283,3/8/2025,Europe,Edge Hardware Platforms,29693.31,11375.66,3767.11
104284,3/8/2025,North America,Edge Hardware Platforms,29507.62,12431.29,3410.48
104285,3/8/2025,Europe,Enterprise Cloud Software,7663.95,1199.8,388.57
104286,3/8/2025,Europe,Edge Hardware Platforms,17969.18,6506.51,2130.87
104287,3/8/2025,APAC,SaaS Subscriptions,4453.98,402.84,91.51
104288,3/8/2025,Europe,Enterprise Cloud Software,9766.64,1609.11,495.79
104289,3/8/2025,North America,Edge Hardware Platforms,13600.45,5112.96,1770.75
104290,3/8/2025,North America,Edge Hardware Platforms,20875.54,9017.72,2646.07
104291,3/8/2025,North America,Edge Hardware Platforms,20081.23,7993.22,2502.07
104292,3/8/2025,North America,SaaS Subscriptions,5871.84,571.41,119.79
104293,3/8/2025,North America,Edge Hardware Platforms,10564.34,4091.51,1330.48
104294,3/9/2025,North America,Edge Hardware Platforms,28364.56,12472.59,3706.93
104295,3/9/2025,Europe,Edge Hardware Platforms,21813.72,8793.53,2726.04
104296,3/9/2025,Europe,Edge Hardware Platforms,12432.24,4739.86,1592.12
104297,3/9/2025,APAC,Edge Hardware Platforms,10632.71,4616.27,1327.49
104298,3/9/2025,Europe,Edge Hardware Platforms,18595.5,7386.64,2404.09
104299,3/10/2025,North America,Enterprise Cloud Software,8140,1134.9,384.21
104300,3/10/2025,North America,Enterprise Cloud Software,8327.12,1132.05,425.34
104301,3/10/2025,Europe,Enterprise Cloud Software,10950.1,1806.32,596.17
104302,3/10/2025,North America,Edge Hardware Platforms,17072.11,6232.89,1965.06
104303,3/10/2025,North America,Edge Hardware Platforms,23221.68,9751.35,2644.99
104304,3/10/2025,North America,Edge Hardware Platforms,17254.74,7591.61,2185.67
104305,3/10/2025,APAC,Edge Hardware Platforms,18125.41,7090.29,2170.08
104306,3/10/2025,Europe,SaaS Subscriptions,4790.01,459.42,101.07
104307,3/10/2025,APAC,Edge Hardware Platforms,23356.17,8518.1,2819.26
104308,3/10/2025,North America,Enterprise Cloud Software,11129.25,1603.73,583.46
104309,3/10/2025,APAC,Enterprise Cloud Software,12245.23,1842.12,564.76
104310,3/10/2025,Europe,Edge Hardware Platforms,20312.84,8818.16,2447.82
104311,3/10/2025,APAC,Edge Hardware Platforms,12317.04,4897.72,1384.14
104312,3/11/2025,Europe,Edge Hardware Platforms,26462.26,10248.92,3343.53
104313,3/11/2025,Europe,SaaS Subscriptions,4548.71,499.66,95.35
104314,3/11/2025,APAC,Enterprise Cloud Software,9973.98,1504.58,452.88
104315,3/11/2025,North America,SaaS Subscriptions,4556.67,427.12,91.38
104316,3/11/2025,North America,Edge Hardware Platforms,21885.37,8505,2764.16
104317,3/11/2025,North America,SaaS Subscriptions,7732.67,696.13,165.25
104318,3/11/2025,Europe,Edge Hardware Platforms,14773.58,5847.18,1932.54
104319,3/11/2025,North America,Enterprise Cloud Software,7418.96,1124.38,402.87
104320,3/11/2025,Europe,Enterprise Cloud Software,9404.52,1379.76,427.58
104321,3/11/2025,Europe,Enterprise Cloud Software,13422.44,2033.08,717.38
104322,3/11/2025,APAC,SaaS Subscriptions,2602.58,283.41,55.13
104323,3/11/2025,APAC,Enterprise Cloud Software,6795.15,1116.14,320.28
104324,3/11/2025,North America,Edge Hardware Platforms,28267.12,11253.01,3677.38
104325,3/11/2025,North America,Enterprise Cloud Software,9952.03,1527.28,486.8
104326,3/12/2025,APAC,Edge Hardware Platforms,16938.27,7033.16,1829.35
104327,3/12/2025,APAC,Edge Hardware Platforms,22406.78,9257.87,2721.82
104328,3/12/2025,APAC,Edge Hardware Platforms,28155.2,11447.53,3156.39
104329,3/12/2025,APAC,Edge Hardware Platforms,23984.78,10525.45,2633.64
104330,3/12/2025,Europe,Enterprise Cloud Software,11304.26,1799.69,617.93
104331,3/12/2025,Europe,Edge Hardware Platforms,28341.03,11752.06,3225.93
104332,3/12/2025,Europe,SaaS Subscriptions,7925.32,815.1,170.77
104333,3/12/2025,North America,Enterprise Cloud Software,14528.88,2020.34,681.57
104334,3/12/2025,Europe,Edge Hardware Platforms,22076.34,8463.14,2872.02
104335,3/12/2025,APAC,Edge Hardware Platforms,18685.84,7777.04,2315.4
104336,3/13/2025,Europe,Edge Hardware Platforms,14707.7,5833.82,1830.73
104337,3/13/2025,Europe,Edge Hardware Platforms,17494.64,7368.23,1892.16
104338,3/13/2025,Europe,Edge Hardware Platforms,22600.89,8993.46,2790.56
104339,3/13/2025,APAC,Edge Hardware Platforms,25995.72,11398.07,3247.74
104340,3/13/2025,Europe,Enterprise Cloud Software,8744.78,1328.89,463.23
104341,3/13/2025,Europe,SaaS Subscriptions,3630.76,380.84,71.44
104342,3/13/2025,Europe,SaaS Subscriptions,3777.29,347.27,75.85
104343,3/14/2025,North America,Enterprise Cloud Software,13392.36,1999.14,716.13
104344,3/14/2025,Europe,Edge Hardware Platforms,29905.6,13042.44,3424.81
104345,3/14/2025,APAC,Edge Hardware Platforms,11424.97,4639.25,1501.8
104346,3/14/2025,APAC,Enterprise Cloud Software,12712.37,2022.35,618.93
104347,3/14/2025,Europe,Edge Hardware Platforms,14557.86,6127.42,1664.05
104348,3/14/2025,North America,Enterprise Cloud Software,12192.71,1813.81,602.73
104349,3/14/2025,Europe,Enterprise Cloud Software,13981.54,2082.6,680.42
104350,3/14/2025,North America,Enterprise Cloud Software,14203.6,2112.05,741.74
104351,3/14/2025,North America,Edge Hardware Platforms,28430.38,10917.18,3465.65
104352,3/14/2025,APAC,Edge Hardware Platforms,11246.51,4389.5,1237.77
104353,3/15/2025,Europe,SaaS Subscriptions,2118.54,208.6,39.02
104354,3/15/2025,North America,Enterprise Cloud Software,8287.94,1322.57,386.28
104355,3/15/2025,Europe,SaaS Subscriptions,7992.68,759.41,173.78
104356,3/15/2025,North America,Edge Hardware Platforms,27558.47,11654.31,3543.46
104357,3/15/2025,APAC,Enterprise Cloud Software,10587.95,1551.74,525.13
104358,3/15/2025,North America,Edge Hardware Platforms,27152.94,11724.77,3330.14
104359,3/15/2025,Europe,Edge Hardware Platforms,22177.07,9728.95,2496.3
104360,3/16/2025,APAC,SaaS Subscriptions,4972.08,460.89,105.71
104361,3/16/2025,Europe,Edge Hardware Platforms,19250.47,7244.16,2090.13
104362,3/16/2025,Europe,Enterprise Cloud Software,6871.37,1017.58,339.59
104363,3/16/2025,North America,Enterprise Cloud Software,14449.53,2007.75,700.91
104364,3/16/2025,North America,SaaS Subscriptions,4460.37,412.5,80.47
104365,3/16/2025,Europe,Edge Hardware Platforms,18355.67,6793.52,2146.13
104366,3/17/2025,North America,Enterprise Cloud Software,11014.93,1743.22,545.83
104367,3/17/2025,Europe,Edge Hardware Platforms,29211.85,10901.95,3854.13
104368,3/17/2025,North America,Edge Hardware Platforms,21448.29,8556.44,2675.76
104369,3/17/2025,North America,Enterprise Cloud Software,9888.93,1489.84,464.97
104370,3/17/2025,APAC,Enterprise Cloud Software,9092.28,1269.72,457.87
104371,3/17/2025,North America,Edge Hardware Platforms,14492.34,5279.59,1836.2
104372,3/17/2025,Europe,Edge Hardware Platforms,10949.88,4700.19,1227.21
104373,3/17/2025,APAC,Edge Hardware Platforms,16807.73,7048.17,2168.94
104374,3/17/2025,North America,Edge Hardware Platforms,18663.16,8095.81,2325.83
104375,3/17/2025,North America,Enterprise Cloud Software,7303.68,1043.75,345.48
104376,3/17/2025,Europe,Enterprise Cloud Software,8873.58,1364.33,425.12
104377,3/17/2025,North America,Enterprise Cloud Software,6259.67,1002.02,322.87
104378,3/17/2025,North America,Edge Hardware Platforms,15571.7,6325.9,1877.13
104379,3/18/2025,North America,Edge Hardware Platforms,16453.25,6489.19,1966.29
104380,3/18/2025,APAC,Enterprise Cloud Software,6968.67,1088.31,353.84
104381,3/18/2025,North America,Enterprise Cloud Software,8673.09,1288.04,461.24
104382,3/18/2025,North America,SaaS Subscriptions,4478.16,423.68,89.71
104383,3/18/2025,Europe,Enterprise Cloud Software,12157.77,1918.77,567.3
104384,3/18/2025,North America,Enterprise Cloud Software,12966.29,1856.26,686.69
104385,3/18/2025,Europe,Edge Hardware Platforms,21073.46,8152.51,2736.54
104386,3/18/2025,Europe,Edge Hardware Platforms,22748.57,9310.25,2652.36
104387,3/18/2025,Europe,Edge Hardware Platforms,29990.36,12188.24,3305.22
104388,3/19/2025,APAC,Edge Hardware Platforms,12142.25,5112.05,1558.82
104389,3/19/2025,Europe,Enterprise Cloud Software,5152.22,803.87,260.19
104390,3/19/2025,Europe,SaaS Subscriptions,4605.37,425.95,100.21
104391,3/19/2025,Europe,Edge Hardware Platforms,28668.23,12457.11,3489.79
104392,3/19/2025,North America,SaaS Subscriptions,6084.9,597.35,123.15
104393,3/19/2025,Europe,SaaS Subscriptions,4895,521.17,104.56
104394,3/19/2025,APAC,Edge Hardware Platforms,27097.55,10594.56,3001.11
104395,3/19/2025,APAC,Edge Hardware Platforms,12547.52,4632.86,1403.09
104396,3/19/2025,APAC,Edge Hardware Platforms,14076.37,6021.22,1615.28
104397,3/19/2025,APAC,Edge Hardware Platforms,24630.97,9618.67,2865.35
104398,3/19/2025,APAC,Enterprise Cloud Software,14747.37,2277.66,727.41
104399,3/20/2025,North America,SaaS Subscriptions,5733.93,516.7,112.74
104400,3/20/2025,Europe,SaaS Subscriptions,3830.84,370.15,70.04
104401,3/20/2025,North America,Edge Hardware Platforms,22695.14,8318.03,2513.55
104402,3/20/2025,North America,Edge Hardware Platforms,26658.37,9628.2,3089.61
104403,3/20/2025,Europe,SaaS Subscriptions,5008.44,477.78,97.97
104404,3/20/2025,Europe,Edge Hardware Platforms,10821.76,4233,1336.67
104405,3/20/2025,North America,Edge Hardware Platforms,17145.58,7213.11,1876.66
104406,3/20/2025,APAC,Enterprise Cloud Software,6585.47,1055.12,353.59
104407,3/20/2025,North America,SaaS Subscriptions,3639.79,372.61,66.51
104408,3/21/2025,North America,SaaS Subscriptions,3998.23,406.65,84.43
104409,3/21/2025,APAC,Edge Hardware Platforms,23490.08,9332.1,2878.23
104410,3/21/2025,North America,SaaS Subscriptions,5262.66,477.86,114.09
104411,3/21/2025,Europe,SaaS Subscriptions,7141.33,759.23,130.3
104412,3/21/2025,North America,SaaS Subscriptions,7393.95,733.19,146.11
104413,3/21/2025,North America,SaaS Subscriptions,3278.83,307.62,67.68
104414,3/21/2025,North America,SaaS Subscriptions,2065.44,186.13,41.35
104415,3/21/2025,Europe,Enterprise Cloud Software,9945.2,1465.42,536.08
104416,3/21/2025,North America,SaaS Subscriptions,5746.36,534.62,104.51
104417,3/21/2025,Europe,Enterprise Cloud Software,8011.66,1140.49,412.61
104418,3/22/2025,Europe,SaaS Subscriptions,2086.93,219.16,41.79
104419,3/22/2025,APAC,Edge Hardware Platforms,18933.35,7824.55,2423.56
104420,3/22/2025,North America,Enterprise Cloud Software,9330.18,1319.62,459.94
104421,3/22/2025,APAC,Edge Hardware Platforms,23872,9888.6,3048.38
104422,3/22/2025,APAC,Edge Hardware Platforms,19521.89,7524.25,2277.16
104423,3/22/2025,North America,Edge Hardware Platforms,23892.5,9724.65,2696.22
104424,3/22/2025,APAC,Edge Hardware Platforms,21321.73,8874.28,2616.78
104425,3/22/2025,North America,Edge Hardware Platforms,12203.07,4948.58,1397.98
104426,3/22/2025,Europe,Enterprise Cloud Software,12722,1804.31,685.77
104427,3/23/2025,APAC,Edge Hardware Platforms,21779.51,8319.7,2842.48
104428,3/23/2025,Europe,SaaS Subscriptions,5480.7,583.28,116.48
104429,3/23/2025,North America,SaaS Subscriptions,2131.65,224.62,46.6
104430,3/23/2025,North America,Edge Hardware Platforms,21244.46,8942.23,2736.04
104431,3/23/2025,Europe,SaaS Subscriptions,3873.71,366.34,76.4
104432,3/23/2025,Europe,Enterprise Cloud Software,11803.52,1733.03,625.06
104433,3/23/2025,North America,Edge Hardware Platforms,22996.45,10009.78,2877.33
104434,3/23/2025,APAC,SaaS Subscriptions,6050.31,579.64,129.96
104435,3/23/2025,Europe,Edge Hardware Platforms,24210.58,10396.39,3181.65
104436,3/23/2025,APAC,Edge Hardware Platforms,18433.87,6797.73,2100.37
104437,3/24/2025,Europe,Edge Hardware Platforms,25636.59,9604.08,2956.3
104438,3/24/2025,Europe,Edge Hardware Platforms,29658.1,12657.94,3544.51
104439,3/24/2025,APAC,Edge Hardware Platforms,25716.57,9718.14,3254.06
104440,3/24/2025,Europe,Enterprise Cloud Software,7732.62,1137.22,405.91
104441,3/24/2025,North America,Edge Hardware Platforms,24320.27,10027.58,3070.58
104442,3/24/2025,North America,Edge Hardware Platforms,28822.9,11784.61,3535.76
104443,3/24/2025,Europe,Edge Hardware Platforms,24009.52,10403.29,2599.31
104444,3/24/2025,APAC,Enterprise Cloud Software,9559.23,1534.93,508.93
104445,3/24/2025,APAC,SaaS Subscriptions,4682.94,482.94,91.61
104446,3/25/2025,APAC,Edge Hardware Platforms,20831.05,8845.63,2730.14
104447,3/25/2025,APAC,Edge Hardware Platforms,20913.92,7998.97,2491
104448,3/25/2025,APAC,Edge Hardware Platforms,10237.54,3780.93,1332.64
104449,3/25/2025,APAC,Edge Hardware Platforms,22339.57,8559.89,2837.75
104450,3/25/2025,Europe,Edge Hardware Platforms,17498.2,6901.9,1977.02
104451,3/25/2025,APAC,SaaS Subscriptions,6906.51,750.81,142.7
104452,3/25/2025,North America,Edge Hardware Platforms,16505.52,6523.62,1891.28
104453,3/26/2025,North America,Edge Hardware Platforms,14623.32,6410.04,1753.75
104454,3/26/2025,APAC,Edge Hardware Platforms,14395.03,5766.59,1568.34
104455,3/26/2025,APAC,SaaS Subscriptions,6354.92,649.45,129.13
104456,3/26/2025,APAC,Enterprise Cloud Software,12796.84,1950.78,700.74
104457,3/26/2025,APAC,SaaS Subscriptions,5529.95,520.32,110.68
104458,3/26/2025,Europe,Edge Hardware Platforms,10010.2,4008.11,1137.62
104459,3/26/2025,APAC,Enterprise Cloud Software,11664.56,1667.82,566.49
104460,3/26/2025,APAC,Enterprise Cloud Software,5950.03,815.62,297.78
104461,3/26/2025,Europe,Edge Hardware Platforms,23805.19,8686.1,3060.78
104462,3/26/2025,APAC,SaaS Subscriptions,7619.03,739.99,149.31
104463,3/26/2025,Europe,Enterprise Cloud Software,8140.15,1127.87,403.34
104464,3/26/2025,Europe,Enterprise Cloud Software,5266.32,824.6,238.04
104465,3/27/2025,APAC,SaaS Subscriptions,7732.62,832.23,147.08
104466,3/27/2025,North America,Enterprise Cloud Software,14861.77,2074.4,723.25
104467,3/27/2025,North America,Enterprise Cloud Software,7470.88,1151.94,341.87
104468,3/27/2025,Europe,SaaS Subscriptions,6599.14,613.87,142.93
104469,3/27/2025,APAC,Enterprise Cloud Software,12373.74,1944.19,618.29
104470,3/27/2025,North America,Edge Hardware Platforms,25314.94,9661.95,3139.3
104471,3/27/2025,North America,Edge Hardware Platforms,17691.31,6798.79,2274.08
104472,3/27/2025,APAC,Edge Hardware Platforms,18692.63,7763.73,2382.67
104473,3/27/2025,Europe,Edge Hardware Platforms,29087.72,12273.03,3222.17
104474,3/27/2025,Europe,Edge Hardware Platforms,25898.71,9416.07,3052.35
104475,3/27/2025,North America,Enterprise Cloud Software,8788.04,1363.76,427.25
104476,3/27/2025,Europe,Edge Hardware Platforms,21742.22,8748.26,2409.21
104477,3/27/2025,North America,SaaS Subscriptions,5014.19,522.09,101.69
104478,3/27/2025,North America,Edge Hardware Platforms,11286.48,4914.74,1277.28
104479,3/28/2025,North America,Edge Hardware Platforms,21563.24,8700.21,2504.1
104480,3/28/2025,Europe,SaaS Subscriptions,4077.65,373.96,78.23
104481,3/28/2025,North America,Edge Hardware Platforms,13118.7,5208.49,1486.4
104482,3/28/2025,Europe,Enterprise Cloud Software,10547.46,1477.54,474.74
104483,3/28/2025,APAC,Edge Hardware Platforms,11978.86,4948.78,1469.56
104484,3/29/2025,North America,Edge Hardware Platforms,13120.97,4990.52,1697.92
104485,3/29/2025,APAC,SaaS Subscriptions,3160.13,341.35,58.67
104486,3/29/2025,Europe,Edge Hardware Platforms,19249.34,8395.54,2232.87
104487,3/29/2025,Europe,Enterprise Cloud Software,13522.25,1993.19,703.23
104488,3/29/2025,Europe,Edge Hardware Platforms,20138.77,7697.07,2477.11
104489,3/29/2025,APAC,SaaS Subscriptions,2652.61,239.97,53.04
104490,3/29/2025,APAC,Edge Hardware Platforms,24024.77,10440.05,2859.32
104491,3/29/2025,North America,SaaS Subscriptions,4833.58,474.45,93.84
104492,3/29/2025,Europe,Edge Hardware Platforms,18674.39,7207.16,2350.12
104493,3/29/2025,North America,Enterprise Cloud Software,11964.36,1926.28,567.26
104494,3/29/2025,North America,Edge Hardware Platforms,22416.05,8871.83,2472.51
104495,3/30/2025,APAC,Edge Hardware Platforms,27159.34,11026.11,3336.52
104496,3/30/2025,APAC,Enterprise Cloud Software,10430.24,1426.27,506.8
104497,3/30/2025,North America,Enterprise Cloud Software,14347.95,2199.83,773.66
104498,3/30/2025,Europe,Edge Hardware Platforms,10641.89,4230.79,1293.39
104499,3/30/2025,North America,Edge Hardware Platforms,15908.46,6302.92,1922.62
104500,3/30/2025,APAC,Enterprise Cloud Software,10552.8,1592.61,482.15
104501,3/30/2025,Europe,Enterprise Cloud Software,6037.68,847.44,321.42
104502,3/30/2025,North America,Edge Hardware Platforms,13905.46,5186.54,1570.44
104503,3/30/2025,Europe,Enterprise Cloud Software,5967.33,949.06,300.74
104504,3/30/2025,North America,Edge Hardware Platforms,11367.25,4620.04,1320.5
104505,3/30/2025,North America,Enterprise Cloud Software,8457.03,1346.29,395.26
104506,3/30/2025,North America,Edge Hardware Platforms,21173.94,7775.48,2431.35
104507,3/30/2025,North America,Enterprise Cloud Software,8156.38,1110.19,420.18
104508,3/30/2025,APAC,Edge Hardware Platforms,17221.53,7119.95,2096.14
104509,3/30/2025,APAC,Edge Hardware Platforms,22681.53,8567.57,2675.85
104510,3/31/2025,North America,Edge Hardware Platforms,24495.65,10765.31,3053.15
104511,3/31/2025,Europe,Edge Hardware Platforms,27358.46,12030.79,3466.24
104512,3/31/2025,Europe,Enterprise Cloud Software,12267.39,1916.86,647.17
104513,3/31/2025,North America,Edge Hardware Platforms,15914.48,6697.16,1810.57
104514,3/31/2025,Europe,Enterprise Cloud Software,5089.94,783.85,234.81
104515,3/31/2025,Europe,SaaS Subscriptions,7815.48,740.27,165.98
104516,3/31/2025,North America,SaaS Subscriptions,6724.94,615.19,132
104517,3/31/2025,North America,Edge Hardware Platforms,18205.71,7551.13,2229.44
104518,3/31/2025,APAC,SaaS Subscriptions,4566.2,477.04,97.34
104519,3/31/2025,APAC,Enterprise Cloud Software,8020.79,1159.86,395.78
104520,3/31/2025,North America,Edge Hardware Platforms,23264.29,9300.81,2884.28
104521,3/31/2025,North America,SaaS Subscriptions,7634.42,781.45,164.34
104522,3/31/2025,North America,Edge Hardware Platforms,12382.96,4862.06,1433.6
104523,3/31/2025,Europe,Edge Hardware Platforms,22746.27,8857.19,2926.51
104524,4/1/2025,APAC,Edge Hardware Platforms,16771.26,6301.96,2198.24
104525,4/1/2025,North America,Enterprise Cloud Software,14438.98,2339.5,685.69
104526,4/1/2025,APAC,Enterprise Cloud Software,5844.64,932.87,308.1
104527,4/1/2025,North America,Enterprise Cloud Software,7064.39,1117.1,386.05
104528,4/1/2025,North America,SaaS Subscriptions,3367.6,348.86,61.74
104529,4/1/2025,Europe,Enterprise Cloud Software,14258.46,2048.83,2508.6
104530,4/1/2025,APAC,Edge Hardware Platforms,14768.25,5963.47,1892.7
104531,4/1/2025,Europe,Enterprise Cloud Software,8830.87,1445.03,1438.38
104532,4/1/2025,Europe,Edge Hardware Platforms,11570.35,4484.62,5487.77
104533,4/1/2025,North America,Edge Hardware Platforms,26827.5,10252.53,3035.62
104534,4/1/2025,APAC,Edge Hardware Platforms,12267.61,4624.59,1507.84
104535,4/1/2025,Europe,Edge Hardware Platforms,29030.85,11427.09,13605.06
104536,4/1/2025,Europe,Enterprise Cloud Software,12445.07,1874.31,2103.27
104537,4/1/2025,North America,Edge Hardware Platforms,22034.05,9638.89,2831.67
104538,4/1/2025,North America,Edge Hardware Platforms,10165.84,3765.27,1146.63
104539,4/2/2025,North America,Enterprise Cloud Software,8798.55,1389.32,458.73
104540,4/2/2025,Europe,Enterprise Cloud Software,6421.43,909.91,1097.28
104541,4/2/2025,North America,Edge Hardware Platforms,11503.61,4831.54,1459.87
104542,4/2/2025,Europe,Enterprise Cloud Software,13900.83,2279.31,2336.65
104543,4/2/2025,Europe,SaaS Subscriptions,5239.06,505.39,375.42
104544,4/2/2025,Europe,Edge Hardware Platforms,28596.85,11996.68,11643.64
104545,4/2/2025,Europe,Edge Hardware Platforms,12803.13,4976.24,6029.41
104546,4/3/2025,North America,Edge Hardware Platforms,27423.65,9936.57,3312.4
104547,4/3/2025,APAC,Enterprise Cloud Software,14825.46,2006.95,798.52
104548,4/3/2025,North America,Enterprise Cloud Software,6573.58,1025.71,353.05
104549,4/3/2025,Europe,SaaS Subscriptions,7054.87,636.21,527.08
104550,4/3/2025,North America,Edge Hardware Platforms,11880.61,4545.14,1463.51
104551,4/3/2025,North America,Edge Hardware Platforms,28460.64,10257.08,3610.47
104552,4/3/2025,Europe,Enterprise Cloud Software,12901.67,1828.63,2201.45
104553,4/3/2025,North America,Edge Hardware Platforms,19964.47,7741.7,2237.02
104554,4/4/2025,North America,Edge Hardware Platforms,13062.27,5115.97,1616.38
104555,4/4/2025,APAC,Edge Hardware Platforms,24433.71,9498.06,2710.56
104556,4/4/2025,North America,SaaS Subscriptions,7143.99,778.92,130.76
104557,4/4/2025,Europe,Edge Hardware Platforms,24213.15,9963.93,11087.71
104558,4/4/2025,North America,Enterprise Cloud Software,7045.83,953.72,341.75
104559,4/4/2025,North America,Edge Hardware Platforms,22564.2,9737.77,2891.61
104560,4/4/2025,North America,Enterprise Cloud Software,6930.72,1137.54,349.96
104561,4/4/2025,North America,SaaS Subscriptions,4371.15,472.02,83.24
104562,4/4/2025,North America,Edge Hardware Platforms,27852.31,11962.58,3391.98
104563,4/4/2025,North America,Edge Hardware Platforms,29512.66,12059.52,3740.62
104564,4/4/2025,Europe,Edge Hardware Platforms,18579.08,7733.24,8653.04
104565,4/4/2025,Europe,Edge Hardware Platforms,16805.73,6288.16,7968.74
104566,4/4/2025,North America,SaaS Subscriptions,6292.08,665.82,136.83
104567,4/4/2025,Europe,SaaS Subscriptions,3006.18,308.24,229.54
104568,4/4/2025,North America,Edge Hardware Platforms,25569.54,10905.28,2953.52
104569,4/5/2025,APAC,Edge Hardware Platforms,24205.65,9604.2,2804.89
104570,4/5/2025,Europe,Edge Hardware Platforms,29610.81,11835.24,13676.25
104571,4/5/2025,Europe,Edge Hardware Platforms,19483,7546.76,7681.57
104572,4/5/2025,APAC,SaaS Subscriptions,3307.73,358.93,62.61
104573,4/5/2025,Europe,Edge Hardware Platforms,12290.18,4476.42,5150.49
104574,4/5/2025,North America,Enterprise Cloud Software,6422.98,867.47,298.88
104575,4/5/2025,Europe,SaaS Subscriptions,3160.58,289.56,239.17
104576,4/5/2025,North America,Edge Hardware Platforms,12622.34,4774.56,1399.59
104577,4/5/2025,North America,Edge Hardware Platforms,12650.88,5560.48,1465.61
104578,4/5/2025,APAC,Enterprise Cloud Software,6878.98,1045.33,313.03
104579,4/5/2025,APAC,Edge Hardware Platforms,23983.93,8969.28,2960.01
104580,4/5/2025,Europe,Edge Hardware Platforms,15948.03,6931.86,7595.81
104581,4/5/2025,APAC,Edge Hardware Platforms,18405.77,6711.47,2406.25
104582,4/5/2025,APAC,Enterprise Cloud Software,8568.88,1383.03,392.53
104583,4/5/2025,North America,SaaS Subscriptions,7083.73,766.75,131.54
104584,4/6/2025,APAC,Edge Hardware Platforms,11474.88,4938.35,1308.67
104585,4/6/2025,North America,Enterprise Cloud Software,11591.15,1904.82,534.52
104586,4/6/2025,Europe,Enterprise Cloud Software,12450.37,1724.9,2111.5
104587,4/6/2025,North America,Edge Hardware Platforms,27463.68,11009.84,3004.47
104588,4/6/2025,Europe,Edge Hardware Platforms,12643.12,4625.07,5082.91
104589,4/6/2025,Europe,Edge Hardware Platforms,20811.89,7907.65,8655.56
104590,4/6/2025,APAC,Enterprise Cloud Software,14016.45,2136.33,648.02
104591,4/6/2025,Europe,SaaS Subscriptions,4511.39,483.93,307.24
104592,4/6/2025,Europe,SaaS Subscriptions,7524.13,750.28,558.55
104593,4/6/2025,North America,Enterprise Cloud Software,7787.12,1073.1,372.2
104594,4/6/2025,North America,SaaS Subscriptions,6011.61,592.26,131.97
104595,4/6/2025,North America,Edge Hardware Platforms,22941.24,8360.85,2872.43
104596,4/6/2025,North America,Enterprise Cloud Software,6596.9,1074.42,341.93
104597,4/7/2025,North America,Enterprise Cloud Software,13896.28,2080.24,700.83
104598,4/7/2025,North America,Edge Hardware Platforms,13377.37,5613.84,1709.1
104599,4/7/2025,APAC,Enterprise Cloud Software,10577.54,1684.61,489.55
104600,4/7/2025,North America,SaaS Subscriptions,6780.42,671.08,125.02
104601,4/7/2025,Europe,Edge Hardware Platforms,20370.95,8050.43,8934.24
104602,4/7/2025,Europe,Edge Hardware Platforms,22979.64,8638.4,9700.25
104603,4/7/2025,North America,Edge Hardware Platforms,29406.79,12096.14,3285.05
104604,4/7/2025,North America,Enterprise Cloud Software,6824.14,1021.13,330.62
104605,4/7/2025,North America,Enterprise Cloud Software,11560.71,1754.26,617.65
104606,4/7/2025,North America,SaaS Subscriptions,5467.47,521.18,104.4
104607,4/7/2025,North America,Edge Hardware Platforms,11650.1,4978.79,1292.19
104608,4/7/2025,Europe,Edge Hardware Platforms,20245.74,8725.89,9696.75
104609,4/8/2025,Europe,Enterprise Cloud Software,13485.86,2041.9,2654.88
104610,4/8/2025,APAC,SaaS Subscriptions,2466.71,227.97,54.15
104611,4/8/2025,Europe,Enterprise Cloud Software,12696.64,1814.71,2400.79
104612,4/8/2025,APAC,Edge Hardware Platforms,15480.96,6070.54,1825.48
104613,4/8/2025,Europe,Enterprise Cloud Software,9524.7,1431.79,1726.53
104614,4/8/2025,APAC,Edge Hardware Platforms,14615.68,6037.01,1858.17
104615,4/8/2025,North America,Edge Hardware Platforms,12938.76,5011.88,1679.73
104616,4/8/2025,APAC,Edge Hardware Platforms,24047.03,10299.85,3150.29
104617,4/8/2025,Europe,Edge Hardware Platforms,18312.83,6698.07,7775.43
104618,4/8/2025,APAC,SaaS Subscriptions,7354.26,669.45,147.88
104619,4/9/2025,Europe,Edge Hardware Platforms,23152.63,10181.03,10821.39
104620,4/9/2025,Europe,Edge Hardware Platforms,21936.99,9332.23,9424.85
104621,4/9/2025,Europe,Enterprise Cloud Software,14258.4,2255.89,2506.16
104622,4/9/2025,North America,Enterprise Cloud Software,13161.54,2080.3,675.22
104623,4/9/2025,North America,Enterprise Cloud Software,9589.14,1371.05,473.13
104624,4/9/2025,North America,Edge Hardware Platforms,23045.94,9941.76,2701.92
104625,4/9/2025,Europe,Enterprise Cloud Software,10408.18,1692.9,1676.94
104626,4/9/2025,North America,Enterprise Cloud Software,10331.21,1605.36,470.87
104627,4/9/2025,North America,SaaS Subscriptions,4737.4,470.23,103.17
104628,4/10/2025,North America,SaaS Subscriptions,3861.48,353.67,76.38
104629,4/10/2025,APAC,Enterprise Cloud Software,10858.82,1659.6,589.48
104630,4/10/2025,North America,Enterprise Cloud Software,9404.84,1370.36,492.47
104631,4/10/2025,Europe,Edge Hardware Platforms,26400.84,11453.7,11230.12
104632,4/10/2025,APAC,Enterprise Cloud Software,12143.65,1833.94,645.67
104633,4/10/2025,Europe,Edge Hardware Platforms,28603.37,11972.9,13114.79
104634,4/10/2025,North America,Enterprise Cloud Software,14743.04,2296.9,746.21
104635,4/10/2025,North America,Enterprise Cloud Software,8691.36,1303.42,409.49
104636,4/10/2025,North America,Edge Hardware Platforms,21718.08,8235.35,2651.72
104637,4/11/2025,North America,Edge Hardware Platforms,21430.52,8614.28,2646.09
104638,4/11/2025,Europe,Edge Hardware Platforms,28151.37,12371.43,12727
104639,4/11/2025,APAC,SaaS Subscriptions,3770.22,409.67,68.93
104640,4/11/2025,North America,Edge Hardware Platforms,20538.31,8285.01,2609.95
104641,4/11/2025,North America,SaaS Subscriptions,4624.75,504.08,90.33
104642,4/12/2025,Europe,Edge Hardware Platforms,29350.38,12873.22,12537.98
104643,4/12/2025,APAC,Edge Hardware Platforms,17436.26,6506.96,1970.65
104644,4/12/2025,Europe,Edge Hardware Platforms,14622.64,5735.48,6138.96
104645,4/12/2025,APAC,SaaS Subscriptions,4327.8,468.61,83.83
104646,4/12/2025,Europe,SaaS Subscriptions,4341.67,449.79,298.42
104647,4/12/2025,North America,Edge Hardware Platforms,29585.29,11723.19,3860.98
104648,4/12/2025,APAC,Enterprise Cloud Software,9018.19,1391.5,452.54
104649,4/12/2025,North America,SaaS Subscriptions,6515.92,643.47,133.4
104650,4/12/2025,North America,Edge Hardware Platforms,28616.65,12354.61,3322.31
104651,4/12/2025,Europe,Edge Hardware Platforms,16800.19,6135.27,7266.46
104652,4/12/2025,Europe,Enterprise Cloud Software,5955.75,841.06,1035.84
104653,4/12/2025,Europe,Enterprise Cloud Software,7761.84,1250.28,1286.93
104654,4/12/2025,Europe,SaaS Subscriptions,5750.08,599.99,407.68
104655,4/12/2025,North America,Edge Hardware Platforms,22638.49,8349.85,2696.06
104656,4/12/2025,APAC,Enterprise Cloud Software,9610.99,1430.43,510.42
104657,4/13/2025,APAC,Edge Hardware Platforms,28688.01,11264.27,3220.64
104658,4/13/2025,Europe,Edge Hardware Platforms,22709.79,8923.12,8826.52
104659,4/13/2025,Europe,SaaS Subscriptions,7745.35,789.54,498.17
104660,4/13/2025,North America,SaaS Subscriptions,6978.47,760.1,141.35
104661,4/13/2025,APAC,SaaS Subscriptions,5536.52,585.06,102.44
104662,4/14/2025,APAC,Enterprise Cloud Software,12440.43,1799.18,661.47
104663,4/14/2025,Europe,SaaS Subscriptions,6271.61,615.91,402.48
104664,4/14/2025,APAC,Edge Hardware Platforms,23412.68,8625.36,3029.21
104665,4/14/2025,Europe,SaaS Subscriptions,6242.1,576.95,457.34
104666,4/14/2025,APAC,Edge Hardware Platforms,18359.61,8012.23,2101.18
104667,4/14/2025,North America,Edge Hardware Platforms,14658.09,5881.26,1839.46
104668,4/14/2025,Europe,Enterprise Cloud Software,11296.6,1719.13,2059.53
104669,4/14/2025,APAC,Enterprise Cloud Software,12515.66,1975.32,653.65
104670,4/15/2025,Europe,Enterprise Cloud Software,12184.74,1780.9,2046.73
104671,4/15/2025,Europe,SaaS Subscriptions,6170.79,616.06,471.64
104672,4/15/2025,Europe,SaaS Subscriptions,3228.01,345.97,222.14
104673,4/15/2025,APAC,Enterprise Cloud Software,14268.49,2338.8,662.84
104674,4/15/2025,APAC,Enterprise Cloud Software,7185.68,1065.82,394.75
104675,4/15/2025,Europe,Edge Hardware Platforms,23888.5,10450.35,10969.64
104676,4/15/2025,North America,Edge Hardware Platforms,11952.56,4919.15,1342.72
104677,4/15/2025,North America,SaaS Subscriptions,3960.53,401.33,77.59
104678,4/15/2025,North America,Edge Hardware Platforms,18161.36,7839.46,2102.85
104679,4/16/2025,Europe,Edge Hardware Platforms,17522.18,6486.87,8016.83
104680,4/16/2025,APAC,SaaS Subscriptions,6024.27,591.63,119.96
104681,4/16/2025,Europe,SaaS Subscriptions,4247.4,460.14,293.87
104682,4/16/2025,Europe,SaaS Subscriptions,7629.19,792.79,527.89
104683,4/16/2025,North America,Enterprise Cloud Software,12086.54,1814.23,613.06
104684,4/16/2025,Europe,Edge Hardware Platforms,21425.47,9280.25,8287.78
104685,4/16/2025,APAC,Edge Hardware Platforms,24898.49,10852.81,2872.06
104686,4/16/2025,North America,Enterprise Cloud Software,7220.93,1135.53,329.41
104687,4/17/2025,North America,Edge Hardware Platforms,14738.72,6132.48,1714.68
104688,4/17/2025,Europe,Edge Hardware Platforms,23724.5,8993.89,11014.12
104689,4/17/2025,Europe,Enterprise Cloud Software,14749.75,2285.38,2626.89
104690,4/17/2025,North America,Edge Hardware Platforms,13295.52,5243.21,1566.33
104691,4/17/2025,Europe,Enterprise Cloud Software,13218.71,1913.86,2349.75
104692,4/17/2025,APAC,Edge Hardware Platforms,16160.51,6317.08,1863.94
104693,4/17/2025,Europe,Edge Hardware Platforms,24513.95,9962.05,9756.25
104694,4/17/2025,North America,Enterprise Cloud Software,8903.13,1339.74,445.76
104695,4/17/2025,APAC,Enterprise Cloud Software,14464.73,2101.51,694.34
104696,4/17/2025,Europe,SaaS Subscriptions,4270.83,448.17,333.72
104697,4/17/2025,APAC,Enterprise Cloud Software,13273.69,2100.35,686.16
104698,4/17/2025,APAC,SaaS Subscriptions,4586.68,418.97,91.02
104699,4/18/2025,Europe,Enterprise Cloud Software,7640.74,1083.15,1432.79
104700,4/18/2025,North America,Edge Hardware Platforms,24182.43,10585.71,2705.65
104701,4/18/2025,North America,Enterprise Cloud Software,12349.61,1739.3,627.9
104702,4/18/2025,Europe,Enterprise Cloud Software,5687.26,835.89,952.45
104703,4/18/2025,North America,Edge Hardware Platforms,23462.42,8588.02,2859.59
104704,4/18/2025,North America,Edge Hardware Platforms,26204.32,11125.33,3062.67
104705,4/18/2025,Europe,Edge Hardware Platforms,11216.21,4581.26,5207.75
104706,4/18/2025,North America,Edge Hardware Platforms,23974.56,8761.04,2811.14
104707,4/18/2025,North America,Enterprise Cloud Software,6959.73,1022.22,326.93
104708,4/18/2025,Europe,Edge Hardware Platforms,10789.63,4121.67,4163.39
104709,4/18/2025,North America,Enterprise Cloud Software,11881.87,1713.63,579.26
104710,4/18/2025,Europe,Edge Hardware Platforms,21129.09,9028.62,8533.22
104711,4/18/2025,APAC,SaaS Subscriptions,3719.32,401.16,78.16
104712,4/18/2025,APAC,Edge Hardware Platforms,23489.55,8462.75,2804.43
104713,4/18/2025,North America,Edge Hardware Platforms,29576.31,10849.78,3707.09
104714,4/19/2025,Europe,SaaS Subscriptions,7269.55,671.47,504.62
104715,4/19/2025,North America,Enterprise Cloud Software,10447.25,1583.78,493.87
104716,4/19/2025,Europe,Edge Hardware Platforms,10419.6,4080.95,4891.52
104717,4/19/2025,Europe,Edge Hardware Platforms,15073.52,5719.92,5932.6
104718,4/19/2025,APAC,Enterprise Cloud Software,7922.95,1080.45,418.44
104719,4/20/2025,Europe,Edge Hardware Platforms,19628.14,7466.82,8152.07
104720,4/20/2025,North America,Enterprise Cloud Software,5443.78,853.53,293.85
104721,4/20/2025,Europe,Edge Hardware Platforms,19442.85,7242.13,7480.47
104722,4/20/2025,North America,Edge Hardware Platforms,29208.63,11522.42,3410.67
104723,4/20/2025,Europe,Edge Hardware Platforms,22517.6,9428.83,10343.59
104724,4/20/2025,Europe,Edge Hardware Platforms,29002.08,12090.43,12324.7
104725,4/20/2025,Europe,SaaS Subscriptions,4643.25,465.84,318.83
104726,4/20/2025,APAC,Edge Hardware Platforms,21050.72,9061.37,2738.54
104727,4/20/2025,APAC,Enterprise Cloud Software,9435.09,1370.92,444.72
104728,4/20/2025,APAC,SaaS Subscriptions,4791.79,444.16,86.51
104729,4/20/2025,Europe,Enterprise Cloud Software,11095.56,1700.42,2174.26
104730,4/21/2025,Europe,Enterprise Cloud Software,14625.7,2042.26,2874.42
104731,4/21/2025,Europe,Edge Hardware Platforms,14626.4,6009.41,6579.11
104732,4/21/2025,Europe,Enterprise Cloud Software,14185.1,2332.17,2514.19
104733,4/21/2025,Europe,Edge Hardware Platforms,16437.59,6019.21,7031.71
104734,4/21/2025,APAC,Enterprise Cloud Software,10821.08,1746.77,510.49
104735,4/21/2025,North America,Edge Hardware Platforms,15101.73,5668.57,1767.99
104736,4/21/2025,North America,SaaS Subscriptions,5710.66,560.33,115
104737,4/21/2025,APAC,Enterprise Cloud Software,7077.16,1159.78,386.22
104738,4/21/2025,North America,Enterprise Cloud Software,9210.85,1257.2,474.81
104739,4/22/2025,APAC,Edge Hardware Platforms,14664.65,5522.66,1885.77
104740,4/22/2025,North America,SaaS Subscriptions,3693.82,338.67,76.7
104741,4/22/2025,Europe,SaaS Subscriptions,6812.51,671.55,509.75
104742,4/22/2025,APAC,Edge Hardware Platforms,15457.43,5824.49,1778.95
104743,4/22/2025,APAC,Edge Hardware Platforms,15733.28,6678.32,1711.25
104744,4/22/2025,Europe,SaaS Subscriptions,4460.5,425.47,320.56
104745,4/22/2025,Europe,Edge Hardware Platforms,10152.78,3718.62,4601.72
104746,4/22/2025,North America,Edge Hardware Platforms,22989.8,9345.84,2980.24
104747,4/22/2025,North America,Enterprise Cloud Software,11243.76,1540.11,578.49
104748,4/22/2025,APAC,SaaS Subscriptions,5545.5,598.25,102.4
104749,4/22/2025,Europe,Edge Hardware Platforms,16728.95,6022.69,7854.89
104750,4/22/2025,APAC,Edge Hardware Platforms,12579.34,4909.17,1637.63
104751,4/22/2025,Europe,Edge Hardware Platforms,28262.53,11440.3,12474.28
104752,4/22/2025,North America,Edge Hardware Platforms,23712.14,9144.23,2879.09
104753,4/23/2025,Europe,Enterprise Cloud Software,11363.66,1789.4,1931.36
104754,4/23/2025,Europe,SaaS Subscriptions,3788.69,357.89,255.26
104755,4/23/2025,Europe,SaaS Subscriptions,5652.14,542.98,419.49
104756,4/23/2025,Europe,Edge Hardware Platforms,13188.52,5417.39,5609.02
104757,4/23/2025,North America,Edge Hardware Platforms,29785.33,11556.09,3907.04
104758,4/23/2025,North America,Edge Hardware Platforms,12286.6,4692.08,1495.28
104759,4/23/2025,Europe,Edge Hardware Platforms,22306.23,9089.55,10519.3
104760,4/23/2025,Europe,Enterprise Cloud Software,6617.89,972.83,1247.54
104761,4/23/2025,North America,Enterprise Cloud Software,6061.13,924.67,287.47
104762,4/23/2025,North America,Edge Hardware Platforms,25226.2,9751.75,3074.49
104763,4/23/2025,North America,SaaS Subscriptions,4021.38,442.15,88.13
104764,4/23/2025,APAC,Enterprise Cloud Software,10434.75,1435.87,562.97
104765,4/23/2025,APAC,SaaS Subscriptions,5650.3,567.54,113.43
104766,4/23/2025,North America,Edge Hardware Platforms,22708.25,9869.82,2777.25
104767,4/23/2025,APAC,SaaS Subscriptions,5113,495.7,105.11
104768,4/24/2025,APAC,Enterprise Cloud Software,5777.65,925.07,316.38
104769,4/24/2025,North America,SaaS Subscriptions,7155.28,660.97,136.9
104770,4/24/2025,Europe,SaaS Subscriptions,4123.84,384.34,306.7
104771,4/24/2025,Europe,Edge Hardware Platforms,12898.82,5515.01,5752.17
104772,4/24/2025,APAC,SaaS Subscriptions,6834.19,746.11,149.1
104773,4/24/2025,Europe,Edge Hardware Platforms,23988.17,9827.73,9256.03
104774,4/24/2025,North America,Enterprise Cloud Software,8002.59,1096.81,433.74
104775,4/24/2025,Europe,Enterprise Cloud Software,10847.79,1528.38,2084.7
104776,4/24/2025,North America,Edge Hardware Platforms,27399.02,11089.38,3542.56
104777,4/24/2025,Europe,Edge Hardware Platforms,20124.06,7343.66,8025.54
104778,4/24/2025,North America,SaaS Subscriptions,6402.79,601.01,122.34
104779,4/25/2025,APAC,Edge Hardware Platforms,19108.99,7595.14,2252.14
104780,4/25/2025,North America,Edge Hardware Platforms,20557.93,8269.27,2596.09
104781,4/25/2025,North America,Edge Hardware Platforms,21561.84,9421.39,2528.06
104782,4/25/2025,APAC,SaaS Subscriptions,5825.99,600.6,106.84
104783,4/25/2025,APAC,Enterprise Cloud Software,10632.33,1540.65,524.16
104784,4/25/2025,Europe,SaaS Subscriptions,4745.4,520.83,348.72
104785,4/25/2025,North America,Enterprise Cloud Software,12161.11,1660.14,605.66
104786,4/26/2025,North America,SaaS Subscriptions,5468.5,580.27,109.07
104787,4/26/2025,APAC,Edge Hardware Platforms,10090.75,4358.96,1125.78
104788,4/26/2025,Europe,Edge Hardware Platforms,10944.73,3986.57,5003.98
104789,4/26/2025,North America,Edge Hardware Platforms,21282.25,8297.33,2694.35
104790,4/26/2025,APAC,Enterprise Cloud Software,11354.03,1641,577.16
104791,4/26/2025,Europe,Edge Hardware Platforms,11896.31,4815.09,4697
104792,4/26/2025,North America,SaaS Subscriptions,3900.23,396.61,74.45
104793,4/26/2025,APAC,Enterprise Cloud Software,8668.85,1328.52,465.52
104794,4/26/2025,APAC,Enterprise Cloud Software,13295.55,2074.58,729.9
104795,4/26/2025,APAC,Edge Hardware Platforms,24998.57,10139.78,3056.82
104796,4/27/2025,APAC,SaaS Subscriptions,6215.46,566.84,128.55
104797,4/27/2025,North America,Edge Hardware Platforms,13917.46,5874.01,1719.73
104798,4/27/2025,Europe,Edge Hardware Platforms,14735.45,5828.92,6554.22
104799,4/27/2025,Europe,Edge Hardware Platforms,15742.08,6637.28,6710.18
104800,4/27/2025,Europe,Edge Hardware Platforms,28972.2,10845.57,13002.74
104801,4/28/2025,North America,Enterprise Cloud Software,12991.44,1815.21,608.84
104802,4/28/2025,APAC,Edge Hardware Platforms,15009.74,6113.11,1813.46
104803,4/28/2025,APAC,Edge Hardware Platforms,26634.42,10039.06,3285.76
104804,4/28/2025,North America,Enterprise Cloud Software,12135.27,1647.15,616.44
104805,4/28/2025,APAC,Edge Hardware Platforms,10896.81,4545.14,1419.99
104806,4/28/2025,Europe,Edge Hardware Platforms,14600.58,5274.17,6580.31
104807,4/28/2025,North America,SaaS Subscriptions,4798.18,482.76,100.84
104808,4/28/2025,APAC,Edge Hardware Platforms,28768.64,12617.46,3760.79
104809,4/28/2025,APAC,Edge Hardware Platforms,23266.52,8569.06,2664.38
104810,4/28/2025,North America,Enterprise Cloud Software,9392.29,1309.25,507.34
104811,4/28/2025,APAC,Enterprise Cloud Software,7489.14,1195.06,397.15
104812,4/28/2025,APAC,SaaS Subscriptions,7857.62,771.64,149.31
104813,4/28/2025,APAC,Enterprise Cloud Software,13064,1972.91,691.6
104814,4/28/2025,North America,Edge Hardware Platforms,21280.48,9266.56,2434.45
104815,4/28/2025,APAC,SaaS Subscriptions,6385.36,675.17,130.4
104816,4/29/2025,North America,SaaS Subscriptions,6350.84,598.66,129.94
104817,4/29/2025,Europe,Enterprise Cloud Software,10318.57,1480.15,1690.7
104818,4/29/2025,Europe,Edge Hardware Platforms,10938.13,4289.58,4470.8
104819,4/29/2025,North America,Enterprise Cloud Software,6390.34,897.75,338.9
104820,4/29/2025,Europe,Enterprise Cloud Software,6002.97,864.06,1152.09
104821,4/29/2025,North America,Enterprise Cloud Software,9041.16,1371.18,409.53
104822,4/29/2025,Europe,Edge Hardware Platforms,10194.52,4219.63,4611.89
104823,4/29/2025,Europe,Edge Hardware Platforms,20592.1,8050.95,9292.38
104824,4/29/2025,Europe,Enterprise Cloud Software,11430.94,1778.85,1998.45
104825,4/29/2025,APAC,SaaS Subscriptions,3051,329.77,60.3
104826,4/29/2025,Europe,SaaS Subscriptions,5030.67,492.92,395.65
104827,4/29/2025,North America,Enterprise Cloud Software,8616.2,1385.35,468.62
104828,4/29/2025,North America,SaaS Subscriptions,3549.22,388.33,72.37
104829,4/30/2025,Europe,Enterprise Cloud Software,11397.54,1564.73,2113.17
104830,4/30/2025,APAC,Edge Hardware Platforms,11423.69,4745.15,1326.79
104831,4/30/2025,North America,Edge Hardware Platforms,29391.73,12333.53,3520.91
104832,4/30/2025,Europe,Enterprise Cloud Software,13132.13,2010.91,2608.48
104833,4/30/2025,APAC,Edge Hardware Platforms,29770.92,12996.4,3672.42
104834,4/30/2025,North America,Edge Hardware Platforms,15424.74,6330.12,1674.97
104835,4/30/2025,Europe,SaaS Subscriptions,3410.86,360.06,234.31
104836,4/30/2025,Europe,Edge Hardware Platforms,13694.75,5584.31,6388.33
104837,4/30/2025,North America,Edge Hardware Platforms,23488.6,8939.79,3054.63
104838,5/1/2025,Europe,Enterprise Cloud Software,12645.51,1845.39,2436.76
104839,5/1/2025,North America,Edge Hardware Platforms,15866.57,6721.57,1866.74
104840,5/1/2025,Europe,SaaS Subscriptions,2123.76,191.61,162.09
104841,5/1/2025,Europe,Enterprise Cloud Software,9943.97,1354.95,1667.58
104842,5/1/2025,Europe,SaaS Subscriptions,4878,496.23,380.39
104843,5/1/2025,North America,Edge Hardware Platforms,27233.35,10245.44,3174.2
104844,5/1/2025,APAC,SaaS Subscriptions,3339.38,304.98,63.73
104845,5/1/2025,North America,Edge Hardware Platforms,22376.13,9665.6,2594.03
104846,5/1/2025,APAC,Enterprise Cloud Software,5418.75,813.47,247.08
104847,5/1/2025,North America,SaaS Subscriptions,3448.9,359.1,66.25
104848,5/1/2025,North America,Edge Hardware Platforms,26697.07,10485.47,3278.8
104849,5/2/2025,Europe,Edge Hardware Platforms,26786.5,11309.51,11664.45
104850,5/2/2025,North America,Edge Hardware Platforms,11313.35,4163.64,1311.75
104851,5/2/2025,North America,Edge Hardware Platforms,16782.86,6087.19,1875.95
104852,5/2/2025,North America,Edge Hardware Platforms,14242.58,5461.8,1699.39
104853,5/2/2025,North America,Enterprise Cloud Software,13331.44,2018.95,714.13
104854,5/2/2025,Europe,SaaS Subscriptions,3528.45,361.08,254.23
104855,5/2/2025,APAC,Edge Hardware Platforms,27096.48,10977.12,3387.2
104856,5/2/2025,APAC,SaaS Subscriptions,6386.84,614.99,122.6
104857,5/2/2025,North America,Enterprise Cloud Software,5535.99,843.82,293.99
104858,5/2/2025,North America,Edge Hardware Platforms,17435.22,7521.53,1943.84
104859,5/2/2025,Europe,SaaS Subscriptions,4070.2,426.7,317.96
104860,5/2/2025,North America,SaaS Subscriptions,6856.32,635.93,131.94
104861,5/3/2025,Europe,Edge Hardware Platforms,13520.56,5938.42,5739.43
104862,5/3/2025,North America,Enterprise Cloud Software,10838.94,1781.62,549.75
104863,5/3/2025,APAC,Edge Hardware Platforms,18716.82,7486.74,2334.7
104864,5/3/2025,North America,SaaS Subscriptions,2175.69,214.95,43.61
104865,5/3/2025,Europe,Enterprise Cloud Software,9274.8,1386.92,1738.81
104866,5/3/2025,APAC,Edge Hardware Platforms,16831.66,7405.19,2160.65
104867,5/3/2025,North America,Enterprise Cloud Software,8140.21,1209.39,435.57
104868,5/3/2025,APAC,SaaS Subscriptions,3631.74,369.96,69.49
104869,5/3/2025,North America,Edge Hardware Platforms,12859.95,5316.51,1588.86
104870,5/3/2025,APAC,Enterprise Cloud Software,12834.8,2117.46,686.8
104871,5/4/2025,APAC,Edge Hardware Platforms,21738.9,9283.43,2631.65
104872,5/4/2025,Europe,Edge Hardware Platforms,20261.9,8163.52,8165.39
104873,5/4/2025,North America,SaaS Subscriptions,7041.98,635.2,151.24
104874,5/4/2025,North America,Edge Hardware Platforms,11348.65,4965.1,1490.48
104875,5/4/2025,Europe,Edge Hardware Platforms,20239.86,8520.66,8205.78
104876,5/4/2025,Europe,Edge Hardware Platforms,17907.85,6492.67,7748.9
104877,5/4/2025,Europe,SaaS Subscriptions,2222.28,224,158.22
104878,5/4/2025,North America,Edge Hardware Platforms,13272.45,5079.49,1682.44
104879,5/4/2025,Europe,SaaS Subscriptions,4318.76,428.7,297.15
104880,5/4/2025,North America,SaaS Subscriptions,6492.96,627.66,135.06
104881,5/5/2025,North America,Enterprise Cloud Software,7005.79,1128.59,327.81
104882,5/5/2025,North America,Edge Hardware Platforms,22421.89,9521.56,2640.76
104883,5/5/2025,Europe,SaaS Subscriptions,3784.17,359.35,285.21
104884,5/5/2025,APAC,Edge Hardware Platforms,14259.58,6022.02,1769.5
104885,5/5/2025,APAC,SaaS Subscriptions,3231.17,344.59,60.43
104886,5/5/2025,APAC,Edge Hardware Platforms,21397.22,8802.34,2364.35
104887,5/5/2025,North America,Edge Hardware Platforms,26428.12,10498.91,2995.93
104888,5/5/2025,APAC,Enterprise Cloud Software,13154.94,1954.68,652.94
104889,5/6/2025,Europe,SaaS Subscriptions,7901.12,816.95,614.87
104890,5/6/2025,Europe,SaaS Subscriptions,6989.52,767.7,517.01
104891,5/6/2025,APAC,Edge Hardware Platforms,15182.4,5896.55,1965.45
104892,5/6/2025,North America,Edge Hardware Platforms,17449.68,6821.7,2255.02
104893,5/6/2025,APAC,Edge Hardware Platforms,15458.38,6153,1820.98
104894,5/6/2025,North America,Enterprise Cloud Software,10431.14,1502.66,538.33
104895,5/6/2025,North America,Edge Hardware Platforms,11047.21,4854.18,1327.68
104896,5/6/2025,North America,Edge Hardware Platforms,27407.08,11560.42,3421
104897,5/6/2025,North America,Edge Hardware Platforms,25325.97,10277.11,3277.84
104898,5/6/2025,North America,Enterprise Cloud Software,13695.7,2105.88,616.5
104899,5/6/2025,North America,SaaS Subscriptions,2163.92,194.89,41.39
104900,5/6/2025,APAC,SaaS Subscriptions,5112.57,516.7,98.82
104901,5/7/2025,North America,Enterprise Cloud Software,11743.39,1722.83,624.65
104902,5/7/2025,North America,SaaS Subscriptions,2811.45,269.35,61.5
104903,5/7/2025,North America,Edge Hardware Platforms,11690.58,5006.94,1459.83
104904,5/7/2025,APAC,Edge Hardware Platforms,17154.4,6178.7,1967.1
104905,5/7/2025,Europe,Edge Hardware Platforms,14578.75,5410.35,5880.41
104906,5/7/2025,North America,Enterprise Cloud Software,6568.17,895.32,351.84
104907,5/7/2025,North America,SaaS Subscriptions,4629.86,475.25,84.74
104908,5/7/2025,Europe,Enterprise Cloud Software,5952.1,965.71,1096.05
104909,5/7/2025,North America,Edge Hardware Platforms,17138,7130.2,2100.75
104910,5/7/2025,North America,Enterprise Cloud Software,9781.28,1451.2,490.7
104911,5/7/2025,Europe,Edge Hardware Platforms,17456.27,7509.8,6808.67
104912,5/7/2025,Europe,SaaS Subscriptions,5294.49,524.7,350.19
104913,5/8/2025,North America,Edge Hardware Platforms,13950.94,5069.06,1608.98
104914,5/8/2025,North America,SaaS Subscriptions,7188.04,723.68,129.93
104915,5/8/2025,North America,Edge Hardware Platforms,12028.17,5004.32,1302.5
104916,5/8/2025,Europe,SaaS Subscriptions,4815.31,513.22,368.39
104917,5/8/2025,Europe,Edge Hardware Platforms,15438.08,6620.92,6889.47
104918,5/8/2025,APAC,Edge Hardware Platforms,13437.33,5890.32,1510.16
104919,5/8/2025,APAC,Enterprise Cloud Software,8737.49,1294.92,473.69
104920,5/8/2025,APAC,SaaS Subscriptions,4260.05,383.79,88.3
104921,5/8/2025,Europe,Edge Hardware Platforms,25897.04,10233.94,11804.33
104922,5/8/2025,APAC,SaaS Subscriptions,5494.73,580.08,109.78
104923,5/8/2025,North America,Enterprise Cloud Software,6282.25,880.48,283.34
104924,5/8/2025,APAC,Edge Hardware Platforms,17663,6937.71,2104.02
104925,5/8/2025,North America,Enterprise Cloud Software,13516.26,2126.25,684.38
104926,5/8/2025,Europe,Enterprise Cloud Software,9712.55,1485.4,1830.87
104927,5/9/2025,APAC,Edge Hardware Platforms,20065.16,8199.27,2402.09
104928,5/9/2025,Europe,Enterprise Cloud Software,9321.55,1336.84,1523.52
104929,5/9/2025,North America,Edge Hardware Platforms,13933.73,5217.97,1689.71
104930,5/9/2025,APAC,Edge Hardware Platforms,28101.78,11427.26,3311.47
104931,5/9/2025,Europe,Enterprise Cloud Software,5780.54,840.13,994.08
104932,5/9/2025,Europe,Edge Hardware Platforms,12765.26,5523.28,5628.98
104933,5/9/2025,Europe,SaaS Subscriptions,2583.81,273.35,180.44
104934,5/9/2025,Europe,SaaS Subscriptions,5106.28,461.88,329.16
104935,5/9/2025,North America,Edge Hardware Platforms,15765.23,6097.32,1999.46
104936,5/10/2025,APAC,Edge Hardware Platforms,21141.54,7974.05,2512.06
104937,5/10/2025,Europe,SaaS Subscriptions,7758.42,792.2,561.95
104938,5/10/2025,North America,Enterprise Cloud Software,6561.05,896.52,321.55
104939,5/10/2025,North America,Edge Hardware Platforms,20713.3,8444.35,2471.67
104940,5/10/2025,North America,SaaS Subscriptions,2518.45,273.95,48.47
104941,5/10/2025,Europe,Enterprise Cloud Software,5709.31,844.33,1082.87
104942,5/11/2025,North America,Edge Hardware Platforms,28128.93,12052.32,3386.28
104943,5/11/2025,North America,Enterprise Cloud Software,14540.87,2051.45,771.85
104944,5/11/2025,North America,SaaS Subscriptions,4208.93,408.39,86.49
104945,5/11/2025,APAC,SaaS Subscriptions,6243.24,656.12,126.45
104946,5/11/2025,APAC,SaaS Subscriptions,4916.57,503.44,99.07
104947,5/11/2025,Europe,SaaS Subscriptions,4133.7,389.24,294.73
104948,5/11/2025,North America,Edge Hardware Platforms,28070.16,11491.77,3607.87
104949,5/11/2025,North America,SaaS Subscriptions,5610.72,508.53,115.2
104950,5/11/2025,APAC,Enterprise Cloud Software,10824.56,1758.61,488.15
104951,5/12/2025,Europe,Edge Hardware Platforms,29785.69,12909.27,12571.08
104952,5/12/2025,North America,Enterprise Cloud Software,6738,981.59,362.27
104953,5/12/2025,Europe,Edge Hardware Platforms,13583.34,5425.56,6355.21
104954,5/12/2025,APAC,Enterprise Cloud Software,13620.72,1950.69,703.61
104955,5/12/2025,North America,Edge Hardware Platforms,10714.03,4371.88,1323.21
104956,5/12/2025,North America,SaaS Subscriptions,2275.83,245.41,44.44
104957,5/12/2025,Europe,Edge Hardware Platforms,13364.92,5152.44,5811.72
104958,5/12/2025,APAC,SaaS Subscriptions,2123.52,206.09,43.9
104959,5/12/2025,Europe,SaaS Subscriptions,2101.82,207.56,157.01
104960,5/12/2025,North America,Edge Hardware Platforms,11624.57,4604.3,1444.12
104961,5/12/2025,North America,Enterprise Cloud Software,14570.22,2366.42,790.63
104962,5/12/2025,APAC,Enterprise Cloud Software,6577.76,894.75,354.66
104963,5/12/2025,APAC,Edge Hardware Platforms,28553.52,11592.9,3172.68
104964,5/12/2025,North America,Enterprise Cloud Software,8076.58,1182.29,427.8
104965,5/13/2025,Europe,Edge Hardware Platforms,29993.2,12660.93,14307.34
104966,5/13/2025,North America,Enterprise Cloud Software,10058.96,1395.45,502.19
104967,5/13/2025,North America,Edge Hardware Platforms,28992.72,11107.77,3822.47
104968,5/13/2025,North America,Enterprise Cloud Software,10447.89,1674.39,548.46
104969,5/13/2025,Europe,Enterprise Cloud Software,5225.17,730.75,909.07
104970,5/13/2025,APAC,SaaS Subscriptions,3203.87,334.84,65.09
104971,5/13/2025,North America,Edge Hardware Platforms,19721.47,8152.97,2269.5
104972,5/13/2025,APAC,Edge Hardware Platforms,14970.59,5768.38,1886.97
104973,5/13/2025,Europe,Edge Hardware Platforms,15846.84,6119.22,6688.71
104974,5/13/2025,North America,Edge Hardware Platforms,16586.99,6404.22,1898.63
104975,5/13/2025,Europe,Edge Hardware Platforms,26712.17,11335.59,11850.44
104976,5/14/2025,Europe,Enterprise Cloud Software,8902.97,1390.72,1770.62
104977,5/14/2025,North America,Edge Hardware Platforms,11901.88,4515.46,1393.02
104978,5/14/2025,Europe,Enterprise Cloud Software,7275.63,1151.99,1444.25
104979,5/14/2025,North America,Edge Hardware Platforms,15161.61,6583.72,1882.31
104980,5/14/2025,APAC,Enterprise Cloud Software,10985.06,1656.86,526.51
104981,5/14/2025,North America,Edge Hardware Platforms,24129.71,8750.73,2934.6
104982,5/14/2025,North America,Enterprise Cloud Software,11231.19,1620.95,554.92
104983,5/14/2025,North America,Edge Hardware Platforms,19402.4,8480.34,2259.55
104984,5/14/2025,Europe,Enterprise Cloud Software,10087.53,1529.04,1746.8
104985,5/14/2025,Europe,Enterprise Cloud Software,5060.01,715.84,951.29
104986,5/14/2025,APAC,Enterprise Cloud Software,9080.43,1236.04,430.15
104987,5/15/2025,APAC,Edge Hardware Platforms,28921.8,11978.53,3645.16
104988,5/15/2025,Europe,Edge Hardware Platforms,13418.78,5434.5,6246.98
104989,5/15/2025,North America,Enterprise Cloud Software,7456.4,1072.54,349.16
104990,5/15/2025,Europe,Enterprise Cloud Software,6581,1067.27,1235.92
104991,5/15/2025,North America,Edge Hardware Platforms,24815.71,10503.82,2785.18
104992,5/16/2025,Europe,Enterprise Cloud Software,7234.05,1072.07,1294.58
104993,5/16/2025,Europe,Edge Hardware Platforms,10944.57,4010.63,4266.66
104994,5/16/2025,Europe,Enterprise Cloud Software,12460.81,1765.57,2461.86
104995,5/16/2025,Europe,Edge Hardware Platforms,25610.77,10681.03,11327.69
104996,5/16/2025,APAC,Edge Hardware Platforms,26170.63,10217.21,3352.99
104997,5/16/2025,North America,Enterprise Cloud Software,11778.7,1665.29,557.03
104998,5/16/2025,North America,Edge Hardware Platforms,27787.76,11503.17,3553.15
104999,5/16/2025,Europe,Enterprise Cloud Software,6004.66,910.5,1039.48
105000,5/16/2025,North America,Edge Hardware Platforms,23329.93,9117.32,2968.99
105001,5/16/2025,Europe,Edge Hardware Platforms,29703.79,11394.92,13244.73
105002,5/17/2025,North America,SaaS Subscriptions,3975.58,417.28,84.56
105003,5/17/2025,APAC,Edge Hardware Platforms,28760.33,11872.64,3503.52
105004,5/17/2025,Europe,Enterprise Cloud Software,8905.15,1437.62,1482.2
105005,5/17/2025,Europe,Edge Hardware Platforms,17120.83,6933.73,8211.75
105006,5/17/2025,North America,Edge Hardware Platforms,25159.9,10234.04,2776.13
105007,5/17/2025,Europe,SaaS Subscriptions,4052.36,416.56,321.56
105008,5/17/2025,APAC,Edge Hardware Platforms,29422.98,10993.8,3723.36
105009,5/17/2025,Europe,Edge Hardware Platforms,20413.45,7403.96,8451.23
105010,5/17/2025,North America,Enterprise Cloud Software,8373.41,1331.94,393.64
105011,5/17/2025,Europe,Edge Hardware Platforms,14819.43,6430.69,6923.4
105012,5/18/2025,APAC,SaaS Subscriptions,7372.35,664,160.25
105013,5/18/2025,North America,Enterprise Cloud Software,5553.89,807.91,284.4
105014,5/18/2025,Europe,Enterprise Cloud Software,9764.83,1447.77,1857.99
105015,5/18/2025,North America,Enterprise Cloud Software,7559.39,1089.4,385.47
105016,5/18/2025,Europe,Edge Hardware Platforms,17486.28,6813.95,8347.09
105017,5/18/2025,North America,SaaS Subscriptions,6249.27,563.13,137.31
105018,5/18/2025,APAC,Edge Hardware Platforms,18106.49,7322.56,2065.56
105019,5/18/2025,North America,SaaS Subscriptions,7378.91,688.08,156.05
105020,5/19/2025,Europe,Edge Hardware Platforms,22567.14,8324.45,9982.3
105021,5/19/2025,Europe,Edge Hardware Platforms,21304.2,8198.53,9423.81
105022,5/19/2025,North America,Enterprise Cloud Software,11750.71,1694.34,633.25
105023,5/19/2025,North America,Edge Hardware Platforms,21430.98,8054.18,2540.8
105024,5/19/2025,Europe,Edge Hardware Platforms,12276.61,5023.83,4978.36
105025,5/19/2025,Europe,SaaS Subscriptions,2740.13,270.59,194.87
105026,5/19/2025,Europe,Edge Hardware Platforms,18371.38,6631.32,7270.53
105027,5/19/2025,Europe,Enterprise Cloud Software,6445.77,932.91,1073.49
105028,5/19/2025,North America,Enterprise Cloud Software,6643.58,1056.21,303.12
105029,5/19/2025,Europe,Edge Hardware Platforms,23506.43,8561.4,11104.15
105030,5/20/2025,Europe,Edge Hardware Platforms,14024.03,5256.69,6675.19
105031,5/20/2025,Europe,Edge Hardware Platforms,26028.83,10463.92,10598.93
105032,5/20/2025,North America,Edge Hardware Platforms,27197.92,9924.95,3080.02
105033,5/20/2025,APAC,Enterprise Cloud Software,11296.26,1597.35,576.77
105034,5/20/2025,North America,Enterprise Cloud Software,10824.75,1683.15,560.75
105035,5/20/2025,Europe,Edge Hardware Platforms,20389.45,8377.03,9180.65
105036,5/20/2025,Europe,Edge Hardware Platforms,13116.78,4943.05,5364.52
105037,5/20/2025,APAC,Edge Hardware Platforms,21057.34,8005.25,2330.23
105038,5/20/2025,APAC,SaaS Subscriptions,2664.17,282.25,52.71
105039,5/20/2025,North America,Edge Hardware Platforms,22286.59,9413.91,2446.71
105040,5/20/2025,North America,Edge Hardware Platforms,16595.06,6641.32,1904.99
105041,5/20/2025,Europe,Edge Hardware Platforms,24705.92,10086.93,11037.33
105042,5/21/2025,North America,Enterprise Cloud Software,6083.75,869.68,277.75
105043,5/21/2025,Europe,SaaS Subscriptions,2604.89,277.22,171.67
105044,5/21/2025,Europe,Edge Hardware Platforms,28054.34,10355.3,11622.43
105045,5/21/2025,North America,Edge Hardware Platforms,28231.86,11928.58,3538.85
105046,5/21/2025,Europe,SaaS Subscriptions,4696.65,436.76,363.53
105047,5/21/2025,North America,Enterprise Cloud Software,6260.38,959.54,319.72
105048,5/22/2025,Europe,Edge Hardware Platforms,28410.05,11557.07,13035.23
105049,5/22/2025,APAC,Enterprise Cloud Software,8102.26,1210.11,366.14
105050,5/22/2025,North America,Edge Hardware Platforms,12161.39,4500.96,1448.64
105051,5/22/2025,Europe,SaaS Subscriptions,5277.88,525.12,370.24
105052,5/22/2025,North America,Enterprise Cloud Software,12918.96,1924.28,683.45
105053,5/22/2025,Europe,Enterprise Cloud Software,10103.07,1498.49,1787.79
105054,5/22/2025,Europe,SaaS Subscriptions,6877.4,743.27,443.42
105055,5/22/2025,North America,Enterprise Cloud Software,7632.31,1131.54,392.46
105056,5/22/2025,Europe,SaaS Subscriptions,7639.14,712.51,593.15
105057,5/22/2025,Europe,Edge Hardware Platforms,25698.79,9443.05,12045.52
105058,5/22/2025,Europe,SaaS Subscriptions,7966.87,799.56,521.77
105059,5/22/2025,North America,Edge Hardware Platforms,12071.06,5132.94,1389.68
105060,5/22/2025,APAC,Edge Hardware Platforms,13468.61,5361.63,1605.53
105061,5/23/2025,APAC,SaaS Subscriptions,3700.66,393.84,69.27
105062,5/23/2025,APAC,Enterprise Cloud Software,7979.31,1281.27,392.59
105063,5/23/2025,APAC,Enterprise Cloud Software,9633.49,1512.2,434.02
105064,5/23/2025,North America,Enterprise Cloud Software,14928.78,2356.04,727.56
105065,5/23/2025,North America,Enterprise Cloud Software,10319.07,1695.18,533.97
105066,5/23/2025,North America,Edge Hardware Platforms,29978.07,12036.23,3931.35
105067,5/23/2025,North America,Edge Hardware Platforms,22543.23,9351.53,2743.37
105068,5/23/2025,North America,Enterprise Cloud Software,14222.51,2019.42,781.23
105069,5/24/2025,North America,Enterprise Cloud Software,6598.43,922.82,321.56
105070,5/24/2025,APAC,Enterprise Cloud Software,9161.93,1322.51,484.43
105071,5/24/2025,North America,Enterprise Cloud Software,7106.42,1171.06,360.35
105072,5/24/2025,North America,Enterprise Cloud Software,6678.22,926.52,353.76
105073,5/24/2025,Europe,Edge Hardware Platforms,16625.02,6721.42,6795.09
105074,5/24/2025,North America,Edge Hardware Platforms,13007,5324.78,1670.8
105075,5/24/2025,North America,SaaS Subscriptions,2476.67,240.18,50.63
105076,5/24/2025,Europe,Enterprise Cloud Software,12989.13,2132.74,2172.42
105077,5/24/2025,APAC,Edge Hardware Platforms,28718.68,10743.28,3647.52
105078,5/24/2025,North America,SaaS Subscriptions,6044.96,588.81,113.41
105079,5/24/2025,APAC,Edge Hardware Platforms,17208.32,6806.01,2199.86
105080,5/24/2025,North America,Enterprise Cloud Software,14112.82,2069.23,684.24
105081,5/24/2025,North America,SaaS Subscriptions,3305.03,339.54,71.13
105082,5/25/2025,North America,Edge Hardware Platforms,19946.31,8096.39,2332.74
105083,5/25/2025,Europe,Edge Hardware Platforms,21589.73,9260.45,8501.66
105084,5/25/2025,North America,Edge Hardware Platforms,29172.1,10669.9,3386.58
105085,5/25/2025,APAC,SaaS Subscriptions,7191.47,691.59,153.81
105086,5/25/2025,Europe,Edge Hardware Platforms,14776.5,6154.91,6139.03
105087,5/26/2025,Europe,Edge Hardware Platforms,23921.53,9586.36,10143.59
105088,5/26/2025,APAC,Enterprise Cloud Software,10927.28,1765.58,566.82
105089,5/26/2025,APAC,Edge Hardware Platforms,15439.86,6609.83,1813.55
105090,5/26/2025,Europe,Enterprise Cloud Software,12558.38,1902.21,2144.27
105091,5/26/2025,Europe,Edge Hardware Platforms,10237.73,4207.68,4463.58
105092,5/26/2025,North America,Edge Hardware Platforms,16069.22,6140.83,1917.21
105093,5/26/2025,Europe,SaaS Subscriptions,2848.14,278.92,185.33
105094,5/26/2025,APAC,Edge Hardware Platforms,24138.58,9312.07,3096.1
105095,5/26/2025,Europe,SaaS Subscriptions,2472.89,248,188.59
105096,5/27/2025,APAC,SaaS Subscriptions,3523.03,333.25,75.6
105097,5/27/2025,North America,Edge Hardware Platforms,26413.16,11227.16,2940.6
105098,5/27/2025,Europe,Edge Hardware Platforms,16474.43,7139.6,7359.12
105099,5/27/2025,APAC,Enterprise Cloud Software,8943.5,1431.44,440.26
105100,5/27/2025,North America,SaaS Subscriptions,7238.75,730.6,146.56
105101,5/27/2025,North America,SaaS Subscriptions,6837.77,620.42,127.9
105102,5/28/2025,North America,Edge Hardware Platforms,22183.22,9067.37,2782.59
105103,5/28/2025,Europe,Enterprise Cloud Software,9573.47,1483.13,1645.1
105104,5/28/2025,North America,Enterprise Cloud Software,9186.15,1512.09,439.59
105105,5/28/2025,Europe,Edge Hardware Platforms,10269.95,4436.98,4324.77
105106,5/28/2025,APAC,Enterprise Cloud Software,6456.64,934.12,312.85
105107,5/28/2025,APAC,Enterprise Cloud Software,11411.12,1585.45,607.44
105108,5/28/2025,APAC,Edge Hardware Platforms,14253.74,5854.86,1592.86
105109,5/28/2025,North America,Edge Hardware Platforms,29824.57,12862.89,3645.59
105110,5/28/2025,Europe,SaaS Subscriptions,5284.38,520,415.1
105111,5/28/2025,North America,Enterprise Cloud Software,11340.9,1563.63,552.66
105112,5/29/2025,North America,Enterprise Cloud Software,13353.04,1964.78,607.41
105113,5/29/2025,APAC,Enterprise Cloud Software,14361.77,2068.63,765.69
105114,5/29/2025,Europe,SaaS Subscriptions,7856.71,844.04,553.57
105115,5/29/2025,APAC,Edge Hardware Platforms,11232.07,4879,1338.67
105116,5/29/2025,North America,Edge Hardware Platforms,22062.82,8953.88,2687.14
105117,5/29/2025,North America,Edge Hardware Platforms,28148.3,11008.61,3466.01
105118,5/29/2025,North America,Enterprise Cloud Software,10857.31,1481.22,567.14
105119,5/29/2025,Europe,Edge Hardware Platforms,18225.8,7899.44,7021.69
105120,5/29/2025,Europe,SaaS Subscriptions,7483.92,761.06,524.62
105121,5/30/2025,Europe,SaaS Subscriptions,5105.43,555.09,390.97
105122,5/30/2025,APAC,Edge Hardware Platforms,17730.85,6655.34,2325.13
105123,5/30/2025,APAC,Edge Hardware Platforms,15925.05,6045.38,2097.75
105124,5/30/2025,North America,SaaS Subscriptions,4132.75,406.57,88.14
105125,5/30/2025,North America,Edge Hardware Platforms,29040.49,12078.67,3662.54
105126,5/31/2025,North America,Enterprise Cloud Software,9912.63,1447.69,486.8
105127,5/31/2025,APAC,Enterprise Cloud Software,11604.92,1566.7,529.54
105128,5/31/2025,Europe,SaaS Subscriptions,2869.97,290.13,214.83
105129,5/31/2025,North America,Edge Hardware Platforms,28228.15,11318.88,3155.22
105130,5/31/2025,Europe,Edge Hardware Platforms,10539.1,3870.46,4205.64
105131,5/31/2025,North America,Enterprise Cloud Software,9541.05,1394.44,514.32
105132,5/31/2025,Europe,SaaS Subscriptions,5162.24,473.88,368.65
105133,5/31/2025,APAC,Enterprise Cloud Software,5912.14,856.57,289.04
105134,5/31/2025,North America,Enterprise Cloud Software,7508.4,1167.32,366.86
105135,5/31/2025,Europe,Edge Hardware Platforms,20981.06,7970.37,9107.21
105136,5/31/2025,North America,Edge Hardware Platforms,21452.46,8035.23,2448.96
105137,5/31/2025,North America,Enterprise Cloud Software,8478.57,1393.61,411.54
105138,6/1/2025,Europe,Edge Hardware Platforms,28997.9,12428.65,13345.39
105139,6/1/2025,APAC,Enterprise Cloud Software,11170.54,1805.34,572.39
105140,6/1/2025,APAC,Enterprise Cloud Software,9393.31,1543.52,458.35
105141,6/1/2025,Europe,Enterprise Cloud Software,11948.37,1948.05,2094.65
105142,6/1/2025,North America,Enterprise Cloud Software,13920.23,2180.96,641.26
105143,6/1/2025,North America,SaaS Subscriptions,6859.16,633.86,131.74
105144,6/1/2025,APAC,Edge Hardware Platforms,29131.7,11608.55,3619.53
105145,6/1/2025,Europe,SaaS Subscriptions,4391.95,415.46,304.04
105146,6/1/2025,APAC,Edge Hardware Platforms,17085.05,6894.51,1899.82
105147,6/1/2025,North America,Enterprise Cloud Software,11050.06,1727.68,588.59
105148,6/1/2025,APAC,Edge Hardware Platforms,24810.34,9079.94,2713.77
105149,6/2/2025,Europe,Enterprise Cloud Software,7869.25,1215.3,1371.93
105150,6/2/2025,Europe,Edge Hardware Platforms,13379.39,4895.81,5441.11
105151,6/2/2025,North America,Edge Hardware Platforms,25914.35,10033.5,3039.51
105152,6/2/2025,APAC,Enterprise Cloud Software,6191.6,928.95,318.63
105153,6/2/2025,Europe,Edge Hardware Platforms,11135.02,4390.05,4530.87
105154,6/2/2025,APAC,SaaS Subscriptions,3688.01,338.94,70.12
105155,6/2/2025,North America,Edge Hardware Platforms,20763.97,9092.43,2441.53
105156,6/2/2025,North America,Enterprise Cloud Software,6730.4,947.49,354.17
105157,6/2/2025,North America,SaaS Subscriptions,5136.12,518.16,99.8
105158,6/2/2025,Europe,Edge Hardware Platforms,16581.23,6320.95,7840.64
105159,6/2/2025,North America,Edge Hardware Platforms,17006.83,6239.71,1912.63
105160,6/3/2025,Europe,SaaS Subscriptions,7781.36,806.93,538.8
105161,6/3/2025,North America,Enterprise Cloud Software,9277.72,1507.27,461.85
105162,6/3/2025,APAC,SaaS Subscriptions,7905.12,861.29,164.63
105163,6/3/2025,APAC,Edge Hardware Platforms,24067.89,10042.2,3015.83
105164,6/3/2025,North America,Edge Hardware Platforms,15881.42,5905.68,1889.93
105165,6/3/2025,APAC,Edge Hardware Platforms,11123.61,4726.38,1451.07
105166,6/3/2025,APAC,Edge Hardware Platforms,13002.41,5043.89,1580.66
105167,6/3/2025,North America,Enterprise Cloud Software,14342.54,2238.59,684.87
105168,6/3/2025,North America,Edge Hardware Platforms,11501.43,4820.64,1290.97
105169,6/3/2025,APAC,SaaS Subscriptions,5830.61,614.53,108.96
105170,6/3/2025,Europe,Edge Hardware Platforms,23231.21,8581.22,9688.83
105171,6/3/2025,North America,Edge Hardware Platforms,25304.74,10264.8,3191.33
105172,6/4/2025,APAC,SaaS Subscriptions,7136.54,643.85,153.74
105173,6/4/2025,North America,SaaS Subscriptions,3681.04,376.21,66.82
105174,6/4/2025,APAC,Enterprise Cloud Software,9106.88,1452.76,473.13
105175,6/4/2025,North America,Edge Hardware Platforms,10838.55,4485.86,1422.61
105176,6/4/2025,Europe,Enterprise Cloud Software,8552.33,1405.14,1445.02
105177,6/4/2025,Europe,Edge Hardware Platforms,25366.31,10892.07,10570.66
105178,6/4/2025,Europe,Edge Hardware Platforms,15568.89,5943.51,6783.5
105179,6/4/2025,North America,SaaS Subscriptions,2414.03,221.83,46.76
105180,6/4/2025,North America,Edge Hardware Platforms,17993.52,7516.7,2354.85
105181,6/4/2025,APAC,Enterprise Cloud Software,14355.21,2106.83,714.06
105182,6/4/2025,Europe,Enterprise Cloud Software,13950.44,2022.36,2554.94
105183,6/4/2025,North America,Edge Hardware Platforms,25483.97,9778.33,3169.12
105184,6/4/2025,Europe,Edge Hardware Platforms,22011.97,8935.9,8625.59
105185,6/4/2025,Europe,Edge Hardware Platforms,18769.15,8048.21,7249.2
105186,6/4/2025,North America,Enterprise Cloud Software,5353.41,766.98,293.82
105187,6/5/2025,Europe,Enterprise Cloud Software,7461.87,1120.88,1469.96
105188,6/5/2025,North America,Edge Hardware Platforms,13812.4,5627.95,1737.1
105189,6/5/2025,Europe,Edge Hardware Platforms,16052.09,6686.64,6562.11
105190,6/5/2025,APAC,SaaS Subscriptions,6786.34,640.02,141
105191,6/5/2025,Europe,SaaS Subscriptions,4169.46,439.57,291.53
105192,6/5/2025,North America,Enterprise Cloud Software,7396.61,1035.04,344.62
105193,6/5/2025,North America,Edge Hardware Platforms,19358.62,8214.51,2375.33
105194,6/5/2025,APAC,Edge Hardware Platforms,11880.82,4863.31,1476.39
105195,6/6/2025,APAC,Edge Hardware Platforms,18652.65,7937.23,2324.17
105196,6/6/2025,North America,Edge Hardware Platforms,24571.12,9933.2,3213.33
105197,6/6/2025,North America,Edge Hardware Platforms,26489.02,11025.05,3105.94
105198,6/6/2025,North America,Edge Hardware Platforms,17941.96,7726.79,1985.07
105199,6/6/2025,Europe,Enterprise Cloud Software,10401.6,1627.51,1733.12
105200,6/6/2025,Europe,Enterprise Cloud Software,11205.54,1682.7,1926.49
105201,6/6/2025,North America,Edge Hardware Platforms,17636.1,6471.08,2231.79
105202,6/6/2025,North America,Edge Hardware Platforms,21297.97,7998.72,2339.24
105203,6/7/2025,North America,Enterprise Cloud Software,12022.19,1817.35,580.23
105204,6/7/2025,Europe,Edge Hardware Platforms,21305.72,8765.27,10104.61
105205,6/7/2025,North America,Edge Hardware Platforms,10768.7,4003.43,1190.48
105206,6/7/2025,North America,Edge Hardware Platforms,10926.68,4569.68,1284.3
105207,6/7/2025,APAC,Edge Hardware Platforms,25427.25,10905.61,3288.57
105208,6/7/2025,Europe,Edge Hardware Platforms,21210.3,8317.95,8634.9
105209,6/7/2025,North America,Enterprise Cloud Software,7694.38,1060.35,379.06
105210,6/7/2025,North America,Edge Hardware Platforms,25843.96,10230.72,3383.25
105211,6/7/2025,North America,SaaS Subscriptions,3489.55,379.24,65.98
105212,6/7/2025,Europe,Enterprise Cloud Software,11298.13,1599.37,2110.57
105213,6/7/2025,Europe,SaaS Subscriptions,5760.06,565.44,386.48
105214,6/7/2025,Europe,Enterprise Cloud Software,13285.17,1892.07,2404.17
105215,6/7/2025,Europe,Edge Hardware Platforms,23277.48,8845.85,9015.93
105216,6/7/2025,APAC,Edge Hardware Platforms,24269.24,9722.32,3010.74
105217,6/8/2025,North America,SaaS Subscriptions,4097.51,389.94,77.4
105218,6/8/2025,North America,SaaS Subscriptions,3770.66,369.94,81.01
105219,6/8/2025,Europe,Edge Hardware Platforms,27966.57,11745.34,11351.03
105220,6/8/2025,Europe,SaaS Subscriptions,4978.77,521.14,396
105221,6/8/2025,Europe,Enterprise Cloud Software,7445.6,1138.08,1273.36
105222,6/8/2025,APAC,Edge Hardware Platforms,19144.61,7966.61,2308.5
105223,6/8/2025,North America,Enterprise Cloud Software,10964.46,1765.58,568.59
105224,6/8/2025,North America,Enterprise Cloud Software,13163.38,2148.95,643.46
105225,6/9/2025,North America,Edge Hardware Platforms,17645.14,6820.9,2190.03
105226,6/9/2025,Europe,Edge Hardware Platforms,29306.66,12194.38,13056.89
105227,6/9/2025,Europe,Edge Hardware Platforms,26783.83,10458.42,12085.49
105228,6/9/2025,North America,Enterprise Cloud Software,6297.63,970.07,304.05
105229,6/9/2025,North America,Edge Hardware Platforms,10513.4,3991.92,1221.37
105230,6/9/2025,Europe,Edge Hardware Platforms,27119.77,10488.86,11185.78
105231,6/9/2025,North America,SaaS Subscriptions,5008.95,501.15,108.66
105232,6/9/2025,North America,Edge Hardware Platforms,23126.95,9778.4,2885.86
105233,6/9/2025,APAC,Edge Hardware Platforms,27256.47,11011.85,3093.72
105234,6/9/2025,Europe,Edge Hardware Platforms,23071.51,8754.28,8950.44
105235,6/9/2025,North America,SaaS Subscriptions,3106.8,308.47,63.86
105236,6/10/2025,Europe,Enterprise Cloud Software,11868.88,1670.79,2099.64
105237,6/10/2025,Europe,SaaS Subscriptions,4736.59,502.88,362.48
105238,6/10/2025,Europe,Edge Hardware Platforms,24009.7,8703.32,11272.98
105239,6/10/2025,APAC,Enterprise Cloud Software,14811.8,2079.31,801.92
105240,6/10/2025,North America,Edge Hardware Platforms,19127.53,8012.85,2137.29
105241,6/10/2025,North America,Enterprise Cloud Software,13651.44,1964.29,709.12
105242,6/10/2025,APAC,SaaS Subscriptions,2637.78,284.51,49.56
105243,6/10/2025,Europe,Edge Hardware Platforms,10170.06,3840.72,4385.57
105244,6/10/2025,Europe,SaaS Subscriptions,4158.45,452.19,296.71
105245,6/10/2025,APAC,Edge Hardware Platforms,26586.69,9794.27,3245.37
105246,6/10/2025,North America,Enterprise Cloud Software,11235.65,1761.6,510.01
105247,6/10/2025,Europe,Edge Hardware Platforms,11576.56,4631.26,5238.73
105248,6/10/2025,North America,Edge Hardware Platforms,21528.53,9185.32,2437.75
105249,6/11/2025,Europe,Enterprise Cloud Software,8557.33,1280.77,1639.84
105250,6/11/2025,North America,Enterprise Cloud Software,6534.41,924.92,297.94
105251,6/11/2025,APAC,Edge Hardware Platforms,13539.51,5565.1,1718
105252,6/11/2025,APAC,Edge Hardware Platforms,11010.6,4652.78,1321.77
105253,6/11/2025,Europe,SaaS Subscriptions,6864.04,731.07,459.23
105254,6/11/2025,Europe,SaaS Subscriptions,5496.11,505.93,416.11
105255,6/11/2025,North America,Edge Hardware Platforms,27595.45,10873.16,3254.24
105256,6/11/2025,North America,SaaS Subscriptions,5286.71,537.05,109.15
105257,6/11/2025,North America,Edge Hardware Platforms,24832.12,10897.3,2702.31
105258,6/11/2025,North America,Edge Hardware Platforms,23192.44,9066.14,3061.2
105259,6/11/2025,North America,Enterprise Cloud Software,6901.29,1115.28,320.58
105260,6/11/2025,Europe,Edge Hardware Platforms,23314.51,8495.05,10427.18
105261,6/12/2025,Europe,Edge Hardware Platforms,24100.15,10589.54,10149.13
105262,6/12/2025,Europe,SaaS Subscriptions,5470.22,496.4,423.88
105263,6/12/2025,North America,Enterprise Cloud Software,6020.8,826.88,272.48
105264,6/12/2025,North America,Edge Hardware Platforms,15057.05,5572.96,1864.2
105265,6/12/2025,North America,Enterprise Cloud Software,9184.2,1325.4,442.55
105266,6/12/2025,Europe,Edge Hardware Platforms,22329.58,9712.94,9684.36
105267,6/12/2025,Europe,Enterprise Cloud Software,12553.81,1747.78,2255.23
105268,6/12/2025,Europe,Edge Hardware Platforms,28352.43,12353.94,11344.05
105269,6/12/2025,North America,SaaS Subscriptions,5109.68,506.17,106.5
105270,6/12/2025,Europe,SaaS Subscriptions,5503.85,546.64,400.05
105271,6/12/2025,APAC,Edge Hardware Platforms,22940.96,10041.6,2818.1
105272,6/12/2025,North America,Edge Hardware Platforms,23189.19,8373.8,2764.52
105273,6/12/2025,Europe,Edge Hardware Platforms,25592.42,10136.41,12243.38
105274,6/13/2025,Europe,Enterprise Cloud Software,14640.91,2220.59,2650.28
105275,6/13/2025,APAC,Edge Hardware Platforms,11489.59,4601.89,1456.13
105276,6/13/2025,Europe,SaaS Subscriptions,2149.5,204.68,156.45
105277,6/13/2025,Europe,Enterprise Cloud Software,13268.02,1856.6,2123.33
105278,6/13/2025,APAC,Edge Hardware Platforms,29149.8,11142.06,3192.57
105279,6/13/2025,APAC,SaaS Subscriptions,4952.52,453.04,102.1
105280,6/13/2025,North America,SaaS Subscriptions,3644.14,389.76,71.82
105281,6/13/2025,Europe,Edge Hardware Platforms,10808.78,4601.23,4294.44
105282,6/13/2025,North America,Edge Hardware Platforms,27908.53,10097.17,3388.68
105283,6/13/2025,Europe,Edge Hardware Platforms,15809.74,6311.84,6354.91
105284,6/13/2025,Europe,Edge Hardware Platforms,26907.91,10515.96,11927.23
105285,6/13/2025,North America,Edge Hardware Platforms,29504.73,11358.77,3607.68
105286,6/13/2025,APAC,Edge Hardware Platforms,18370,6837.43,2188.4
105287,6/14/2025,APAC,Enterprise Cloud Software,11568.29,1589.06,549.64
105288,6/14/2025,Europe,Enterprise Cloud Software,10111.74,1642.73,1637.95
105289,6/14/2025,APAC,Enterprise Cloud Software,6267.95,868.61,344.37
105290,6/14/2025,North America,SaaS Subscriptions,7945.59,776.09,163.08
105291,6/14/2025,APAC,Edge Hardware Platforms,13236.28,5224.37,1674.72
105292,6/14/2025,APAC,Enterprise Cloud Software,6749.66,1097.61,306.7
105293,6/14/2025,Europe,Enterprise Cloud Software,13379,2169.57,2299.81
105294,6/15/2025,North America,Edge Hardware Platforms,23679.17,9196.41,2966.7
105295,6/15/2025,APAC,Edge Hardware Platforms,19302.09,7405.08,2142.26
105296,6/15/2025,Europe,Edge Hardware Platforms,20964.86,8757.41,8725.18
105297,6/15/2025,North America,Edge Hardware Platforms,14394.48,5891.7,1832.46
105298,6/15/2025,North America,Edge Hardware Platforms,23787.49,9984.14,2653.35
105299,6/16/2025,Europe,Edge Hardware Platforms,22047.34,9083.56,9802.51
105300,6/16/2025,North America,Enterprise Cloud Software,11189.94,1516.58,574.57
105301,6/16/2025,Europe,Enterprise Cloud Software,10981.33,1658.43,1871.52
105302,6/16/2025,Europe,SaaS Subscriptions,4559.62,467.8,294.39
105303,6/16/2025,North America,Enterprise Cloud Software,12782.41,1859.94,604.3
105304,6/16/2025,Europe,Enterprise Cloud Software,7464.93,1104.27,1293.36
105305,6/16/2025,Europe,Edge Hardware Platforms,17859.03,7662.08,8374.37
105306,6/16/2025,APAC,SaaS Subscriptions,5418.37,557.68,109.61
105307,6/16/2025,APAC,Edge Hardware Platforms,12221.54,5191.3,1543.02
105308,6/16/2025,APAC,Enterprise Cloud Software,7716.17,1110.15,386.43
105309,6/16/2025,North America,Edge Hardware Platforms,13643.16,5200.51,1704.76
105310,6/16/2025,APAC,Enterprise Cloud Software,10658.97,1450.49,488.74
105311,6/16/2025,Europe,Edge Hardware Platforms,26279.61,10457.69,12260.53
105312,6/16/2025,North America,Enterprise Cloud Software,6345.02,1008.39,300.04
105313,6/16/2025,North America,Edge Hardware Platforms,11541.64,4196.45,1276.06
105314,6/17/2025,APAC,SaaS Subscriptions,4891.2,469.44,102.33
105315,6/17/2025,APAC,SaaS Subscriptions,2186.5,197.21,42.48
105316,6/17/2025,North America,SaaS Subscriptions,5197.06,553.52,97.22
105317,6/17/2025,Europe,Edge Hardware Platforms,16807.57,6746,7404.52
105318,6/17/2025,APAC,Enterprise Cloud Software,13233.74,2175.69,692.36
105319,6/18/2025,Europe,SaaS Subscriptions,4078.99,438.78,262.48
105320,6/18/2025,North America,Enterprise Cloud Software,11512.04,1588.93,615.4
105321,6/18/2025,Europe,Enterprise Cloud Software,12147.77,1954.1,2264.89
105322,6/18/2025,North America,SaaS Subscriptions,6394.78,623.93,123.51
105323,6/18/2025,Europe,SaaS Subscriptions,3512.36,323.2,273.38
105324,6/18/2025,North America,SaaS Subscriptions,3834.47,384.08,71.05
105325,6/18/2025,APAC,Edge Hardware Platforms,28483.11,11810.76,3202.43
105326,6/18/2025,North America,Edge Hardware Platforms,22145.16,9613.58,2595.74
105327,6/18/2025,Europe,SaaS Subscriptions,2914.24,312.56,206.13
105328,6/19/2025,North America,Edge Hardware Platforms,10542.66,4614.65,1344.43
105329,6/19/2025,North America,SaaS Subscriptions,5630.15,602.85,102.84
105330,6/19/2025,North America,Edge Hardware Platforms,12128.67,4840.7,1438.75
105331,6/19/2025,North America,Edge Hardware Platforms,29342.37,11240.82,3319.27
105332,6/19/2025,Europe,Edge Hardware Platforms,24501.86,10299.11,9495.35
105333,6/19/2025,North America,Edge Hardware Platforms,28097.04,11468.54,3069.75
105334,6/19/2025,North America,Enterprise Cloud Software,12485.38,1709.31,585.03
105335,6/19/2025,Europe,Edge Hardware Platforms,18129.63,7198.76,8203.13
105336,6/19/2025,North America,Edge Hardware Platforms,16067.39,6238.81,1971.97
105337,6/19/2025,Europe,Edge Hardware Platforms,21210.77,8999.43,9047.82
105338,6/19/2025,Europe,Edge Hardware Platforms,14424.88,5638.32,6404.43
105339,6/19/2025,North America,Edge Hardware Platforms,21977,9612.52,2836.1
105340,6/19/2025,North America,Edge Hardware Platforms,11128.29,4220.52,1408.8
105341,6/19/2025,North America,Enterprise Cloud Software,14440.43,2306.36,762.72
105342,6/19/2025,APAC,Edge Hardware Platforms,12411.72,4981.13,1472.8
105343,6/20/2025,North America,Enterprise Cloud Software,14251.28,2343.62,722.16
105344,6/20/2025,APAC,Enterprise Cloud Software,6110.39,916.52,324.53
105345,6/20/2025,Europe,Edge Hardware Platforms,10349.18,3988.57,4907.49
105346,6/20/2025,North America,Edge Hardware Platforms,25186.22,10543.62,3318.1
105347,6/20/2025,Europe,Edge Hardware Platforms,13873.1,5437.93,5981.94
105348,6/20/2025,North America,SaaS Subscriptions,6297.19,602.48,116.75
105349,6/20/2025,North America,Edge Hardware Platforms,26528.17,10617.99,2930.3
105350,6/20/2025,North America,Edge Hardware Platforms,22722.73,8628.54,2581.63
105351,6/20/2025,North America,Edge Hardware Platforms,19852.61,8483.63,2476.62
105352,6/20/2025,Europe,Enterprise Cloud Software,5552.28,834.51,904.28
105353,6/20/2025,North America,Enterprise Cloud Software,6768.09,936.1,358.78
105354,6/21/2025,APAC,Edge Hardware Platforms,27645.82,12102.97,3083.7
105355,6/21/2025,North America,Edge Hardware Platforms,16109.78,6143.67,2054.48
105356,6/21/2025,APAC,Edge Hardware Platforms,20473.53,8095.25,2476.31
105357,6/21/2025,Europe,Edge Hardware Platforms,14069.06,6082.05,6421.62
105358,6/21/2025,Europe,SaaS Subscriptions,3706.37,339.59,286.2
105359,6/22/2025,Europe,Edge Hardware Platforms,12524.18,5288.46,5198.77
105360,6/22/2025,North America,Edge Hardware Platforms,10383.43,4007.23,1308.47
105361,6/22/2025,APAC,Edge Hardware Platforms,14352.23,5419.4,1758.05
105362,6/22/2025,Europe,Enterprise Cloud Software,12873.97,1815.32,2225.47
105363,6/22/2025,North America,Edge Hardware Platforms,15505.56,5870.86,1787.49
105364,6/22/2025,APAC,Edge Hardware Platforms,13157.69,5552,1486.86
105365,6/22/2025,Europe,Edge Hardware Platforms,21688.86,7927.77,10070.86
105366,6/22/2025,Europe,SaaS Subscriptions,6304.65,692.57,449.24
105367,6/22/2025,North America,Edge Hardware Platforms,25555.21,10943.43,2944.85
105368,6/23/2025,North America,SaaS Subscriptions,7983.92,728.34,157.53
105369,6/23/2025,North America,Enterprise Cloud Software,8229.23,1208.14,447.65
105370,6/23/2025,North America,Edge Hardware Platforms,14911.67,5368.35,1932.31
105371,6/23/2025,North America,SaaS Subscriptions,2785.06,284.35,61.26
105372,6/23/2025,North America,Edge Hardware Platforms,25608.47,9285,3189.66
105373,6/23/2025,North America,Enterprise Cloud Software,6600.76,1070.78,308.95
105374,6/24/2025,Europe,Edge Hardware Platforms,15708.55,5868.65,6190.27
105375,6/24/2025,Europe,Enterprise Cloud Software,7449.88,1035.6,1224.5
105376,6/24/2025,APAC,Edge Hardware Platforms,28475.18,11718.13,3652.08
105377,6/24/2025,Europe,Edge Hardware Platforms,20569.55,7931.99,9197.99
105378,6/24/2025,APAC,Edge Hardware Platforms,19240,8394.67,2532.95
105379,6/24/2025,Europe,SaaS Subscriptions,2028.62,185.28,130.56
105380,6/24/2025,APAC,Enterprise Cloud Software,5170.51,720.89,248.51
105381,6/24/2025,Europe,Enterprise Cloud Software,9989.82,1422.97,1708.01
105382,6/24/2025,APAC,SaaS Subscriptions,4783.18,461.27,103.92
105383,6/24/2025,Europe,Edge Hardware Platforms,18274.8,6875.05,8166.44
105384,6/25/2025,APAC,Edge Hardware Platforms,10488.16,3886.71,1166.51
105385,6/25/2025,North America,Enterprise Cloud Software,14197.46,2199.39,683.19
105386,6/25/2025,APAC,Edge Hardware Platforms,12842.54,5532.05,1491.38
105387,6/25/2025,Europe,Enterprise Cloud Software,10000.71,1594.99,1662.83
105388,6/25/2025,APAC,Enterprise Cloud Software,10340.09,1680.07,563.09
105389,6/25/2025,North America,Enterprise Cloud Software,12244.03,1668.36,610.39
105390,6/26/2025,North America,Enterprise Cloud Software,8660.47,1249.76,416.19
105391,6/26/2025,Europe,SaaS Subscriptions,7620.61,696.2,521.61
105392,6/26/2025,North America,Edge Hardware Platforms,18486.69,7230.77,2419.01
105393,6/26/2025,Europe,Edge Hardware Platforms,24972.67,10438.75,10987.09
105394,6/26/2025,APAC,Edge Hardware Platforms,27495.18,10564.23,3056.6
105395,6/26/2025,APAC,Edge Hardware Platforms,23021.69,9645.74,2666.86
105396,6/26/2025,Europe,SaaS Subscriptions,7278.76,764.18,554.67
105397,6/26/2025,APAC,Edge Hardware Platforms,16791.71,6207.27,1983.52
105398,6/26/2025,North America,Enterprise Cloud Software,14501.72,2251.78,776.08
105399,6/26/2025,Europe,Edge Hardware Platforms,10503.18,4584.29,4104.74
105400,6/27/2025,Europe,SaaS Subscriptions,7020.6,764.04,483.89
105401,6/27/2025,North America,Enterprise Cloud Software,14429.5,2090.57,707.65
105402,6/27/2025,APAC,Edge Hardware Platforms,21323.49,7977.09,2558.13
105403,6/27/2025,APAC,Edge Hardware Platforms,15102.33,5474.51,1752.95
105404,6/27/2025,Europe,Enterprise Cloud Software,11097.93,1672.48,2123.45
105405,6/27/2025,North America,Edge Hardware Platforms,20417.54,7955.54,2678.15
105406,6/27/2025,North America,Edge Hardware Platforms,16419.63,6603.96,1990.96
105407,6/27/2025,North America,Edge Hardware Platforms,22689.63,9564.98,2499.85
105408,6/28/2025,APAC,Edge Hardware Platforms,26039.13,10100.87,2823.24
105409,6/28/2025,North America,Enterprise Cloud Software,13051.48,1879.97,717.56
105410,6/28/2025,APAC,Edge Hardware Platforms,29672.39,11432.91,3322.56
105411,6/28/2025,Europe,Enterprise Cloud Software,14610.37,2405.48,2879.06
105412,6/28/2025,APAC,Edge Hardware Platforms,23842.37,8763.02,3011.61
105413,6/28/2025,North America,SaaS Subscriptions,7769.19,732.23,142.27
105414,6/28/2025,Europe,Edge Hardware Platforms,25412.8,10565.26,11760.71
105415,6/28/2025,North America,Edge Hardware Platforms,22113.59,8232.33,2608.22
105416,6/28/2025,APAC,SaaS Subscriptions,5992.58,649.83,111.03
105417,6/28/2025,APAC,Enterprise Cloud Software,10272.59,1476.48,545.88
105418,6/28/2025,North America,Enterprise Cloud Software,9146.09,1252.31,438.11
105419,6/28/2025,Europe,Enterprise Cloud Software,7457.93,1041.61,1233.59
105420,6/28/2025,Europe,Edge Hardware Platforms,19054.66,7048.09,8501.9
105421,6/28/2025,Europe,Edge Hardware Platforms,16600.94,6219.58,6607.92
105422,6/28/2025,North America,Enterprise Cloud Software,9366.27,1433.48,509.68
105423,6/29/2025,Europe,Enterprise Cloud Software,10376.78,1655.97,1817.04
105424,6/29/2025,North America,Edge Hardware Platforms,28461.89,10357.3,3377.91
105425,6/29/2025,North America,SaaS Subscriptions,2576.31,253.07,50.57
105426,6/29/2025,APAC,Enterprise Cloud Software,11448.95,1591.77,624.42
105427,6/29/2025,Europe,Edge Hardware Platforms,18675.47,7234.55,7552.68
105428,6/29/2025,Europe,SaaS Subscriptions,4158.75,447.74,276.06
105429,6/29/2025,APAC,Edge Hardware Platforms,17594.54,6985.51,2203.5
105430,6/29/2025,Europe,Edge Hardware Platforms,20463.06,7415.83,8455.59
105431,6/29/2025,North America,Edge Hardware Platforms,21166,8821.82,2650.17
105432,6/29/2025,North America,Edge Hardware Platforms,10392.07,4336.54,1147.8
105433,6/29/2025,Europe,Edge Hardware Platforms,18745.09,7783.96,7263.56
105434,6/29/2025,North America,Edge Hardware Platforms,26944.31,10521.45,3077.32
105435,6/29/2025,Europe,Edge Hardware Platforms,18402.06,7915.4,7991.1
105436,6/30/2025,Europe,Enterprise Cloud Software,11197.35,1824.07,2187.85
105437,6/30/2025,Europe,Edge Hardware Platforms,21395.96,7817.18,8542.07
105438,6/30/2025,APAC,Enterprise Cloud Software,8844.49,1329.05,484.6
105439,6/30/2025,Europe,Edge Hardware Platforms,20488,8524.11,9173.41
105440,6/30/2025,APAC,Edge Hardware Platforms,18430.05,7824.9,2344.21
105441,6/30/2025,North America,Enterprise Cloud Software,14586.38,2163.5,732.19
105442,6/30/2025,North America,Edge Hardware Platforms,24867.13,9911.73,2873.52
105443,6/30/2025,North America,SaaS Subscriptions,7229.95,765.13,150.21
105444,6/30/2025,Europe,SaaS Subscriptions,6750.21,717.68,465.45
